DATASET_ID,DATASET_NAME,DOMAIN,SCORE_RUN_DATE,DIMENSION_CODE,DIMENSION_NAME,SCORE,STATUS
DS_POSITION_REPORT,Workday Position Report,P&C,2026-02-05,OWNERSHIP,Data Ownership,60.0,AMBER
DS_POSITION_REPORT,Workday Position Report,P&C,2026-02-05,SOURCE,Data Source,100.0,GREEN
DS_POSITION_REPORT,Workday Position Report,P&C,2026-02-05,ISSUES,Active Issues,96.0,GREEN
DS_POSITION_REPORT,Workday Position Report,P&C,2026-02-05,TIMELINESS,Timeliness,99.31,GREEN
DS_POSITION_REPORT,Workday Position Report,P&C,2026-02-05,COMPLETENESS_KEY_PROPS,Completeness of Key Properties,97.17,GREEN
DS_POSITION_REPORT,Workday Position Report,P&C,2026-02-05,PROFILING,Data Profiling,87.5,GREEN
DS_POSITION_REPORT,Workday Position Report,P&C,2026-02-05,DEFINITIONS,Data Definitions,50.0,RED
DS_POSITION_REPORT,Workday Position Report,P&C,2026-02-05,KEY_PROPERTIES,Key Properties,100.0,GREEN
DS_POSITION_REPORT,Workday Position Report,P&C,2026-02-05,USAGE,Usage,8.33,RED
DS_POSITION_REPORT,Workday Position Report,P&C,2026-02-05,FEEDBACK,User Feedback,89.52,GREEN
DS_POSITION_REPORT,Workday Position Report,P&C,2026-02-06,OWNERSHIP,Data Ownership,60.0,AMBER
DS_POSITION_REPORT,Workday Position Report,P&C,2026-02-06,SOURCE,Data Source,100.0,GREEN
DS_POSITION_REPORT,Workday Position Report,P&C,2026-02-06,ISSUES,Active Issues,97.0,GREEN
DS_POSITION_REPORT,Workday Position Report,P&C,2026-02-06,TIMELINESS,Timeliness,96.11,GREEN
DS_POSITION_REPORT,Workday Position Report,P&C,2026-02-06,COMPLETENESS_KEY_PROPS,Completeness of Key Properties,97.3,GREEN
DS_POSITION_REPORT,Workday Position Report,P&C,2026-02-06,PROFILING,Data Profiling,83.33,GREEN
DS_POSITION_REPORT,Workday Position Report,P&C,2026-02-06,DEFINITIONS,Data Definitions,53.85,RED
DS_POSITION_REPORT,Workday Position Report,P&C,2026-02-06,KEY_PROPERTIES,Key Properties,100.0,GREEN
DS_POSITION_REPORT,Workday Position Report,P&C,2026-02-06,USAGE,Usage,18.33,RED
DS_POSITION_REPORT,Workday Position Report,P&C,2026-02-06,FEEDBACK,User Feedback,72.94,AMBER
DS_POSITION_REPORT,Workday Position Report,P&C,2026-02-07,OWNERSHIP,Data Ownership,60.0,AMBER
DS_POSITION_REPORT,Workday Position Report,P&C,2026-02-07,SOURCE,Data Source,100.0,GREEN
DS_POSITION_REPORT,Workday Position Report,P&C,2026-02-07,ISSUES,Active Issues,90.0,GREEN
DS_POSITION_REPORT,Workday Position Report,P&C,2026-02-07,TIMELINESS,Timeliness,100.0,GREEN
DS_POSITION_REPORT,Workday Position Report,P&C,2026-02-07,COMPLETENESS_KEY_PROPS,Completeness of Key Properties,98.7,GREEN
DS_POSITION_REPORT,Workday Position Report,P&C,2026-02-07,PROFILING,Data Profiling,83.33,GREEN
DS_POSITION_REPORT,Workday Position Report,P&C,2026-02-07,DEFINITIONS,Data Definitions,54.86,RED
DS_POSITION_REPORT,Workday Position Report,P&C,2026-02-07,KEY_PROPERTIES,Key Properties,100.0,GREEN
DS_POSITION_REPORT,Workday Position Report,P&C,2026-02-07,USAGE,Usage,20.0,RED
DS_POSITION_REPORT,Workday Position Report,P&C,2026-02-07,FEEDBACK,User Feedback,83.47,GREEN
DS_POSITION_REPORT,Workday Position Report,P&C,2026-02-08,OWNERSHIP,Data Ownership,60.0,AMBER
DS_POSITION_REPORT,Workday Position Report,P&C,2026-02-08,SOURCE,Data Source,100.0,GREEN
DS_POSITION_REPORT,Workday Position Report,P&C,2026-02-08,ISSUES,Active Issues,99.0,GREEN
DS_POSITION_REPORT,Workday Position Report,P&C,2026-02-08,TIMELINESS,Timeliness,99.03,GREEN
DS_POSITION_REPORT,Workday Position Report,P&C,2026-02-08,COMPLETENESS_KEY_PROPS,Completeness of Key Properties,97.37,GREEN
DS_POSITION_REPORT,Workday Position Report,P&C,2026-02-08,PROFILING,Data Profiling,83.33,GREEN
DS_POSITION_REPORT,Workday Position Report,P&C,2026-02-08,DEFINITIONS,Data Definitions,52.43,RED
DS_POSITION_REPORT,Workday Position Report,P&C,2026-02-08,KEY_PROPERTIES,Key Properties,100.0,GREEN
DS_POSITION_REPORT,Workday Position Report,P&C,2026-02-08,USAGE,Usage,8.33,RED
DS_POSITION_REPORT,Workday Position Report,P&C,2026-02-08,FEEDBACK,User Feedback,91.26,GREEN
DS_POSITION_REPORT,Workday Position Report,P&C,2026-02-09,OWNERSHIP,Data Ownership,60.0,AMBER
DS_POSITION_REPORT,Workday Position Report,P&C,2026-02-09,SOURCE,Data Source,100.0,GREEN
DS_POSITION_REPORT,Workday Position Report,P&C,2026-02-09,ISSUES,Active Issues,96.0,GREEN
DS_POSITION_REPORT,Workday Position Report,P&C,2026-02-09,TIMELINESS,Timeliness,97.55,GREEN
DS_POSITION_REPORT,Workday Position Report,P&C,2026-02-09,COMPLETENESS_KEY_PROPS,Completeness of Key Properties,94.89,GREEN
DS_POSITION_REPORT,Workday Position Report,P&C,2026-02-09,PROFILING,Data Profiling,87.5,GREEN
DS_POSITION_REPORT,Workday Position Report,P&C,2026-02-09,DEFINITIONS,Data Definitions,54.04,RED
DS_POSITION_REPORT,Workday Position Report,P&C,2026-02-09,KEY_PROPERTIES,Key Properties,100.0,GREEN
DS_POSITION_REPORT,Workday Position Report,P&C,2026-02-09,USAGE,Usage,6.67,RED
DS_POSITION_REPORT,Workday Position Report,P&C,2026-02-09,FEEDBACK,User Feedback,77.89,AMBER
DS_POSITION_REPORT,Workday Position Report,P&C,2026-02-10,OWNERSHIP,Data Ownership,60.0,AMBER
DS_POSITION_REPORT,Workday Position Report,P&C,2026-02-10,SOURCE,Data Source,100.0,GREEN
DS_POSITION_REPORT,Workday Position Report,P&C,2026-02-10,ISSUES,Active Issues,90.0,GREEN
DS_POSITION_REPORT,Workday Position Report,P&C,2026-02-10,TIMELINESS,Timeliness,97.47,GREEN
DS_POSITION_REPORT,Workday Position Report,P&C,2026-02-10,COMPLETENESS_KEY_PROPS,Completeness of Key Properties,96.71,GREEN
DS_POSITION_REPORT,Workday Position Report,P&C,2026-02-10,PROFILING,Data Profiling,91.67,GREEN
DS_POSITION_REPORT,Workday Position Report,P&C,2026-02-10,DEFINITIONS,Data Definitions,59.38,RED
DS_POSITION_REPORT,Workday Position Report,P&C,2026-02-10,KEY_PROPERTIES,Key Properties,100.0,GREEN
DS_POSITION_REPORT,Workday Position Report,P&C,2026-02-10,USAGE,Usage,21.67,RED
DS_POSITION_REPORT,Workday Position Report,P&C,2026-02-10,FEEDBACK,User Feedback,74.73,AMBER
DS_POSITION_REPORT,Workday Position Report,P&C,2026-02-11,OWNERSHIP,Data Ownership,60.0,AMBER
DS_POSITION_REPORT,Workday Position Report,P&C,2026-02-11,SOURCE,Data Source,100.0,GREEN
DS_POSITION_REPORT,Workday Position Report,P&C,2026-02-11,ISSUES,Active Issues,94.0,GREEN
DS_POSITION_REPORT,Workday Position Report,P&C,2026-02-11,TIMELINESS,Timeliness,93.26,GREEN
DS_POSITION_REPORT,Workday Position Report,P&C,2026-02-11,COMPLETENESS_KEY_PROPS,Completeness of Key Properties,97.48,GREEN
DS_POSITION_REPORT,Workday Position Report,P&C,2026-02-11,PROFILING,Data Profiling,70.83,AMBER
DS_POSITION_REPORT,Workday Position Report,P&C,2026-02-11,DEFINITIONS,Data Definitions,52.38,RED
DS_POSITION_REPORT,Workday Position Report,P&C,2026-02-11,KEY_PROPERTIES,Key Properties,100.0,GREEN
DS_POSITION_REPORT,Workday Position Report,P&C,2026-02-11,USAGE,Usage,10.0,RED
DS_POSITION_REPORT,Workday Position Report,P&C,2026-02-11,FEEDBACK,User Feedback,78.05,AMBER
DS_POSITION_REPORT,Workday Position Report,P&C,2026-02-12,OWNERSHIP,Data Ownership,60.0,AMBER
DS_POSITION_REPORT,Workday Position Report,P&C,2026-02-12,SOURCE,Data Source,100.0,GREEN
DS_POSITION_REPORT,Workday Position Report,P&C,2026-02-12,ISSUES,Active Issues,86.0,GREEN
DS_POSITION_REPORT,Workday Position Report,P&C,2026-02-12,TIMELINESS,Timeliness,97.0,GREEN
DS_POSITION_REPORT,Workday Position Report,P&C,2026-02-12,COMPLETENESS_KEY_PROPS,Completeness of Key Properties,93.34,GREEN
DS_POSITION_REPORT,Workday Position Report,P&C,2026-02-12,PROFILING,Data Profiling,91.67,GREEN
DS_POSITION_REPORT,Workday Position Report,P&C,2026-02-12,DEFINITIONS,Data Definitions,49.15,RED
DS_POSITION_REPORT,Workday Position Report,P&C,2026-02-12,KEY_PROPERTIES,Key Properties,100.0,GREEN
DS_POSITION_REPORT,Workday Position Report,P&C,2026-02-12,USAGE,Usage,16.67,RED
DS_POSITION_REPORT,Workday Position Report,P&C,2026-02-12,FEEDBACK,User Feedback,78.79,AMBER
DS_POSITION_REPORT,Workday Position Report,P&C,2026-02-13,OWNERSHIP,Data Ownership,60.0,AMBER
DS_POSITION_REPORT,Workday Position Report,P&C,2026-02-13,SOURCE,Data Source,100.0,GREEN
DS_POSITION_REPORT,Workday Position Report,P&C,2026-02-13,ISSUES,Active Issues,98.0,GREEN
DS_POSITION_REPORT,Workday Position Report,P&C,2026-02-13,TIMELINESS,Timeliness,94.33,GREEN
DS_POSITION_REPORT,Workday Position Report,P&C,2026-02-13,COMPLETENESS_KEY_PROPS,Completeness of Key Properties,99.04,GREEN
DS_POSITION_REPORT,Workday Position Report,P&C,2026-02-13,PROFILING,Data Profiling,79.17,AMBER
DS_POSITION_REPORT,Workday Position Report,P&C,2026-02-13,DEFINITIONS,Data Definitions,60.75,AMBER
DS_POSITION_REPORT,Workday Position Report,P&C,2026-02-13,KEY_PROPERTIES,Key Properties,100.0,GREEN
DS_POSITION_REPORT,Workday Position Report,P&C,2026-02-13,USAGE,Usage,6.67,RED
DS_POSITION_REPORT,Workday Position Report,P&C,2026-02-13,FEEDBACK,User Feedback,100.0,GREEN
DS_POSITION_REPORT,Workday Position Report,P&C,2026-02-14,OWNERSHIP,Data Ownership,60.0,AMBER
DS_POSITION_REPORT,Workday Position Report,P&C,2026-02-14,SOURCE,Data Source,100.0,GREEN
DS_POSITION_REPORT,Workday Position Report,P&C,2026-02-14,ISSUES,Active Issues,97.0,GREEN
DS_POSITION_REPORT,Workday Position Report,P&C,2026-02-14,TIMELINESS,Timeliness,100.0,GREEN
DS_POSITION_REPORT,Workday Position Report,P&C,2026-02-14,COMPLETENESS_KEY_PROPS,Completeness of Key Properties,99.57,GREEN
DS_POSITION_REPORT,Workday Position Report,P&C,2026-02-14,PROFILING,Data Profiling,91.67,GREEN
DS_POSITION_REPORT,Workday Position Report,P&C,2026-02-14,DEFINITIONS,Data Definitions,52.24,RED
DS_POSITION_REPORT,Workday Position Report,P&C,2026-02-14,KEY_PROPERTIES,Key Properties,100.0,GREEN
DS_POSITION_REPORT,Workday Position Report,P&C,2026-02-14,USAGE,Usage,23.33,RED
DS_POSITION_REPORT,Workday Position Report,P&C,2026-02-14,FEEDBACK,User Feedback,87.63,GREEN
DS_POSITION_REPORT,Workday Position Report,P&C,2026-02-15,OWNERSHIP,Data Ownership,60.0,AMBER
DS_POSITION_REPORT,Workday Position Report,P&C,2026-02-15,SOURCE,Data Source,100.0,GREEN
DS_POSITION_REPORT,Workday Position Report,P&C,2026-02-15,ISSUES,Active Issues,100.0,GREEN
DS_POSITION_REPORT,Workday Position Report,P&C,2026-02-15,TIMELINESS,Timeliness,100.0,GREEN
DS_POSITION_REPORT,Workday Position Report,P&C,2026-02-15,COMPLETENESS_KEY_PROPS,Completeness of Key Properties,96.91,GREEN
DS_POSITION_REPORT,Workday Position Report,P&C,2026-02-15,PROFILING,Data Profiling,95.83,GREEN
DS_POSITION_REPORT,Workday Position Report,P&C,2026-02-15,DEFINITIONS,Data Definitions,43.75,RED
DS_POSITION_REPORT,Workday Position Report,P&C,2026-02-15,KEY_PROPERTIES,Key Properties,100.0,GREEN
DS_POSITION_REPORT,Workday Position Report,P&C,2026-02-15,USAGE,Usage,28.33,RED
DS_POSITION_REPORT,Workday Position Report,P&C,2026-02-15,FEEDBACK,User Feedback,78.3,AMBER
DS_POSITION_REPORT,Workday Position Report,P&C,2026-02-16,OWNERSHIP,Data Ownership,60.0,AMBER
DS_POSITION_REPORT,Workday Position Report,P&C,2026-02-16,SOURCE,Data Source,100.0,GREEN
DS_POSITION_REPORT,Workday Position Report,P&C,2026-02-16,ISSUES,Active Issues,100.0,GREEN
DS_POSITION_REPORT,Workday Position Report,P&C,2026-02-16,TIMELINESS,Timeliness,100.0,GREEN
DS_POSITION_REPORT,Workday Position Report,P&C,2026-02-16,COMPLETENESS_KEY_PROPS,Completeness of Key Properties,97.26,GREEN
DS_POSITION_REPORT,Workday Position Report,P&C,2026-02-16,PROFILING,Data Profiling,87.5,GREEN
DS_POSITION_REPORT,Workday Position Report,P&C,2026-02-16,DEFINITIONS,Data Definitions,50.62,RED
DS_POSITION_REPORT,Workday Position Report,P&C,2026-02-16,KEY_PROPERTIES,Key Properties,100.0,GREEN
DS_POSITION_REPORT,Workday Position Report,P&C,2026-02-16,USAGE,Usage,15.0,RED
DS_POSITION_REPORT,Workday Position Report,P&C,2026-02-16,FEEDBACK,User Feedback,90.62,GREEN
DS_POSITION_REPORT,Workday Position Report,P&C,2026-02-17,OWNERSHIP,Data Ownership,60.0,AMBER
DS_POSITION_REPORT,Workday Position Report,P&C,2026-02-17,SOURCE,Data Source,100.0,GREEN
DS_POSITION_REPORT,Workday Position Report,P&C,2026-02-17,ISSUES,Active Issues,100.0,GREEN
DS_POSITION_REPORT,Workday Position Report,P&C,2026-02-17,TIMELINESS,Timeliness,95.65,GREEN
DS_POSITION_REPORT,Workday Position Report,P&C,2026-02-17,COMPLETENESS_KEY_PROPS,Completeness of Key Properties,98.98,GREEN
DS_POSITION_REPORT,Workday Position Report,P&C,2026-02-17,PROFILING,Data Profiling,79.17,AMBER
DS_POSITION_REPORT,Workday Position Report,P&C,2026-02-17,DEFINITIONS,Data Definitions,53.53,RED
DS_POSITION_REPORT,Workday Position Report,P&C,2026-02-17,KEY_PROPERTIES,Key Properties,100.0,GREEN
DS_POSITION_REPORT,Workday Position Report,P&C,2026-02-17,USAGE,Usage,35.0,RED
DS_POSITION_REPORT,Workday Position Report,P&C,2026-02-17,FEEDBACK,User Feedback,79.8,AMBER
DS_POSITION_REPORT,Workday Position Report,P&C,2026-02-18,OWNERSHIP,Data Ownership,60.0,AMBER
DS_POSITION_REPORT,Workday Position Report,P&C,2026-02-18,SOURCE,Data Source,100.0,GREEN
DS_POSITION_REPORT,Workday Position Report,P&C,2026-02-18,ISSUES,Active Issues,97.0,GREEN
DS_POSITION_REPORT,Workday Position Report,P&C,2026-02-18,TIMELINESS,Timeliness,100.0,GREEN
DS_POSITION_REPORT,Workday Position Report,P&C,2026-02-18,COMPLETENESS_KEY_PROPS,Completeness of Key Properties,97.81,GREEN
DS_POSITION_REPORT,Workday Position Report,P&C,2026-02-18,PROFILING,Data Profiling,95.83,GREEN
DS_POSITION_REPORT,Workday Position Report,P&C,2026-02-18,DEFINITIONS,Data Definitions,55.1,RED
DS_POSITION_REPORT,Workday Position Report,P&C,2026-02-18,KEY_PROPERTIES,Key Properties,100.0,GREEN
DS_POSITION_REPORT,Workday Position Report,P&C,2026-02-18,USAGE,Usage,28.33,RED
DS_POSITION_REPORT,Workday Position Report,P&C,2026-02-18,FEEDBACK,User Feedback,92.47,GREEN
DS_POSITION_REPORT,Workday Position Report,P&C,2026-02-19,OWNERSHIP,Data Ownership,60.0,AMBER
DS_POSITION_REPORT,Workday Position Report,P&C,2026-02-19,SOURCE,Data Source,100.0,GREEN
DS_POSITION_REPORT,Workday Position Report,P&C,2026-02-19,ISSUES,Active Issues,89.0,GREEN
DS_POSITION_REPORT,Workday Position Report,P&C,2026-02-19,TIMELINESS,Timeliness,97.47,GREEN
DS_POSITION_REPORT,Workday Position Report,P&C,2026-02-19,COMPLETENESS_KEY_PROPS,Completeness of Key Properties,97.2,GREEN
DS_POSITION_REPORT,Workday Position Report,P&C,2026-02-19,PROFILING,Data Profiling,95.83,GREEN
DS_POSITION_REPORT,Workday Position Report,P&C,2026-02-19,DEFINITIONS,Data Definitions,55.77,RED
DS_POSITION_REPORT,Workday Position Report,P&C,2026-02-19,KEY_PROPERTIES,Key Properties,100.0,GREEN
DS_POSITION_REPORT,Workday Position Report,P&C,2026-02-19,USAGE,Usage,28.33,RED
DS_POSITION_REPORT,Workday Position Report,P&C,2026-02-19,FEEDBACK,User Feedback,100.0,GREEN
DS_POSITION_REPORT,Workday Position Report,P&C,2026-02-20,OWNERSHIP,Data Ownership,60.0,AMBER
DS_POSITION_REPORT,Workday Position Report,P&C,2026-02-20,SOURCE,Data Source,100.0,GREEN
DS_POSITION_REPORT,Workday Position Report,P&C,2026-02-20,ISSUES,Active Issues,99.0,GREEN
DS_POSITION_REPORT,Workday Position Report,P&C,2026-02-20,TIMELINESS,Timeliness,95.81,GREEN
DS_POSITION_REPORT,Workday Position Report,P&C,2026-02-20,COMPLETENESS_KEY_PROPS,Completeness of Key Properties,97.98,GREEN
DS_POSITION_REPORT,Workday Position Report,P&C,2026-02-20,PROFILING,Data Profiling,70.83,AMBER
DS_POSITION_REPORT,Workday Position Report,P&C,2026-02-20,DEFINITIONS,Data Definitions,54.26,RED
DS_POSITION_REPORT,Workday Position Report,P&C,2026-02-20,KEY_PROPERTIES,Key Properties,100.0,GREEN
DS_POSITION_REPORT,Workday Position Report,P&C,2026-02-20,USAGE,Usage,15.0,RED
DS_POSITION_REPORT,Workday Position Report,P&C,2026-02-20,FEEDBACK,User Feedback,89.74,GREEN
DS_POSITION_REPORT,Workday Position Report,P&C,2026-02-21,OWNERSHIP,Data Ownership,60.0,AMBER
DS_POSITION_REPORT,Workday Position Report,P&C,2026-02-21,SOURCE,Data Source,100.0,GREEN
DS_POSITION_REPORT,Workday Position Report,P&C,2026-02-21,ISSUES,Active Issues,96.0,GREEN
DS_POSITION_REPORT,Workday Position Report,P&C,2026-02-21,TIMELINESS,Timeliness,99.02,GREEN
DS_POSITION_REPORT,Workday Position Report,P&C,2026-02-21,COMPLETENESS_KEY_PROPS,Completeness of Key Properties,97.52,GREEN
DS_POSITION_REPORT,Workday Position Report,P&C,2026-02-21,PROFILING,Data Profiling,83.33,GREEN
DS_POSITION_REPORT,Workday Position Report,P&C,2026-02-21,DEFINITIONS,Data Definitions,43.48,RED
DS_POSITION_REPORT,Workday Position Report,P&C,2026-02-21,KEY_PROPERTIES,Key Properties,100.0,GREEN
DS_POSITION_REPORT,Workday Position Report,P&C,2026-02-21,USAGE,Usage,0.0,RED
DS_POSITION_REPORT,Workday Position Report,P&C,2026-02-21,FEEDBACK,User Feedback,92.71,GREEN
DS_POSITION_REPORT,Workday Position Report,P&C,2026-02-22,OWNERSHIP,Data Ownership,60.0,AMBER
DS_POSITION_REPORT,Workday Position Report,P&C,2026-02-22,SOURCE,Data Source,100.0,GREEN
DS_POSITION_REPORT,Workday Position Report,P&C,2026-02-22,ISSUES,Active Issues,99.0,GREEN
DS_POSITION_REPORT,Workday Position Report,P&C,2026-02-22,TIMELINESS,Timeliness,100.0,GREEN
DS_POSITION_REPORT,Workday Position Report,P&C,2026-02-22,COMPLETENESS_KEY_PROPS,Completeness of Key Properties,97.34,GREEN
DS_POSITION_REPORT,Workday Position Report,P&C,2026-02-22,PROFILING,Data Profiling,100.0,GREEN
DS_POSITION_REPORT,Workday Position Report,P&C,2026-02-22,DEFINITIONS,Data Definitions,52.33,RED
DS_POSITION_REPORT,Workday Position Report,P&C,2026-02-22,KEY_PROPERTIES,Key Properties,100.0,GREEN
DS_POSITION_REPORT,Workday Position Report,P&C,2026-02-22,USAGE,Usage,23.33,RED
DS_POSITION_REPORT,Workday Position Report,P&C,2026-02-22,FEEDBACK,User Feedback,89.57,GREEN
DS_POSITION_REPORT,Workday Position Report,P&C,2026-02-23,OWNERSHIP,Data Ownership,60.0,AMBER
DS_POSITION_REPORT,Workday Position Report,P&C,2026-02-23,SOURCE,Data Source,100.0,GREEN
DS_POSITION_REPORT,Workday Position Report,P&C,2026-02-23,ISSUES,Active Issues,96.0,GREEN
DS_POSITION_REPORT,Workday Position Report,P&C,2026-02-23,TIMELINESS,Timeliness,94.75,GREEN
DS_POSITION_REPORT,Workday Position Report,P&C,2026-02-23,COMPLETENESS_KEY_PROPS,Completeness of Key Properties,98.31,GREEN
DS_POSITION_REPORT,Workday Position Report,P&C,2026-02-23,PROFILING,Data Profiling,91.67,GREEN
DS_POSITION_REPORT,Workday Position Report,P&C,2026-02-23,DEFINITIONS,Data Definitions,58.33,RED
DS_POSITION_REPORT,Workday Position Report,P&C,2026-02-23,KEY_PROPERTIES,Key Properties,100.0,GREEN
DS_POSITION_REPORT,Workday Position Report,P&C,2026-02-23,USAGE,Usage,40.0,RED
DS_POSITION_REPORT,Workday Position Report,P&C,2026-02-23,FEEDBACK,User Feedback,87.59,GREEN
DS_POSITION_REPORT,Workday Position Report,P&C,2026-02-24,OWNERSHIP,Data Ownership,60.0,AMBER
DS_POSITION_REPORT,Workday Position Report,P&C,2026-02-24,SOURCE,Data Source,100.0,GREEN
DS_POSITION_REPORT,Workday Position Report,P&C,2026-02-24,ISSUES,Active Issues,100.0,GREEN
DS_POSITION_REPORT,Workday Position Report,P&C,2026-02-24,TIMELINESS,Timeliness,97.54,GREEN
DS_POSITION_REPORT,Workday Position Report,P&C,2026-02-24,COMPLETENESS_KEY_PROPS,Completeness of Key Properties,99.79,GREEN
DS_POSITION_REPORT,Workday Position Report,P&C,2026-02-24,PROFILING,Data Profiling,91.67,GREEN
DS_POSITION_REPORT,Workday Position Report,P&C,2026-02-24,DEFINITIONS,Data Definitions,55.94,RED
DS_POSITION_REPORT,Workday Position Report,P&C,2026-02-24,KEY_PROPERTIES,Key Properties,100.0,GREEN
DS_POSITION_REPORT,Workday Position Report,P&C,2026-02-24,USAGE,Usage,15.0,RED
DS_POSITION_REPORT,Workday Position Report,P&C,2026-02-24,FEEDBACK,User Feedback,77.75,AMBER
DS_POSITION_REPORT,Workday Position Report,P&C,2026-02-25,OWNERSHIP,Data Ownership,60.0,AMBER
DS_POSITION_REPORT,Workday Position Report,P&C,2026-02-25,SOURCE,Data Source,100.0,GREEN
DS_POSITION_REPORT,Workday Position Report,P&C,2026-02-25,ISSUES,Active Issues,97.0,GREEN
DS_POSITION_REPORT,Workday Position Report,P&C,2026-02-25,TIMELINESS,Timeliness,99.63,GREEN
DS_POSITION_REPORT,Workday Position Report,P&C,2026-02-25,COMPLETENESS_KEY_PROPS,Completeness of Key Properties,97.29,GREEN
DS_POSITION_REPORT,Workday Position Report,P&C,2026-02-25,PROFILING,Data Profiling,87.5,GREEN
DS_POSITION_REPORT,Workday Position Report,P&C,2026-02-25,DEFINITIONS,Data Definitions,49.0,RED
DS_POSITION_REPORT,Workday Position Report,P&C,2026-02-25,KEY_PROPERTIES,Key Properties,100.0,GREEN
DS_POSITION_REPORT,Workday Position Report,P&C,2026-02-25,USAGE,Usage,5.0,RED
DS_POSITION_REPORT,Workday Position Report,P&C,2026-02-25,FEEDBACK,User Feedback,93.8,GREEN
DS_POSITION_REPORT,Workday Position Report,P&C,2026-02-26,OWNERSHIP,Data Ownership,60.0,AMBER
DS_POSITION_REPORT,Workday Position Report,P&C,2026-02-26,SOURCE,Data Source,100.0,GREEN
DS_POSITION_REPORT,Workday Position Report,P&C,2026-02-26,ISSUES,Active Issues,100.0,GREEN
DS_POSITION_REPORT,Workday Position Report,P&C,2026-02-26,TIMELINESS,Timeliness,95.41,GREEN
DS_POSITION_REPORT,Workday Position Report,P&C,2026-02-26,COMPLETENESS_KEY_PROPS,Completeness of Key Properties,95.78,GREEN
DS_POSITION_REPORT,Workday Position Report,P&C,2026-02-26,PROFILING,Data Profiling,83.33,GREEN
DS_POSITION_REPORT,Workday Position Report,P&C,2026-02-26,DEFINITIONS,Data Definitions,59.42,RED
DS_POSITION_REPORT,Workday Position Report,P&C,2026-02-26,KEY_PROPERTIES,Key Properties,100.0,GREEN
DS_POSITION_REPORT,Workday Position Report,P&C,2026-02-26,USAGE,Usage,16.67,RED
DS_POSITION_REPORT,Workday Position Report,P&C,2026-02-26,FEEDBACK,User Feedback,82.63,GREEN
DS_POSITION_REPORT,Workday Position Report,P&C,2026-02-27,OWNERSHIP,Data Ownership,60.0,AMBER
DS_POSITION_REPORT,Workday Position Report,P&C,2026-02-27,SOURCE,Data Source,100.0,GREEN
DS_POSITION_REPORT,Workday Position Report,P&C,2026-02-27,ISSUES,Active Issues,100.0,GREEN
DS_POSITION_REPORT,Workday Position Report,P&C,2026-02-27,TIMELINESS,Timeliness,95.03,GREEN
DS_POSITION_REPORT,Workday Position Report,P&C,2026-02-27,COMPLETENESS_KEY_PROPS,Completeness of Key Properties,100.0,GREEN
DS_POSITION_REPORT,Workday Position Report,P&C,2026-02-27,PROFILING,Data Profiling,79.17,AMBER
DS_POSITION_REPORT,Workday Position Report,P&C,2026-02-27,DEFINITIONS,Data Definitions,52.34,RED
DS_POSITION_REPORT,Workday Position Report,P&C,2026-02-27,KEY_PROPERTIES,Key Properties,100.0,GREEN
DS_POSITION_REPORT,Workday Position Report,P&C,2026-02-27,USAGE,Usage,21.67,RED
DS_POSITION_REPORT,Workday Position Report,P&C,2026-02-27,FEEDBACK,User Feedback,85.23,GREEN
DS_POSITION_REPORT,Workday Position Report,P&C,2026-02-28,OWNERSHIP,Data Ownership,60.0,AMBER
DS_POSITION_REPORT,Workday Position Report,P&C,2026-02-28,SOURCE,Data Source,100.0,GREEN
DS_POSITION_REPORT,Workday Position Report,P&C,2026-02-28,ISSUES,Active Issues,100.0,GREEN
DS_POSITION_REPORT,Workday Position Report,P&C,2026-02-28,TIMELINESS,Timeliness,100.0,GREEN
DS_POSITION_REPORT,Workday Position Report,P&C,2026-02-28,COMPLETENESS_KEY_PROPS,Completeness of Key Properties,98.77,GREEN
DS_POSITION_REPORT,Workday Position Report,P&C,2026-02-28,PROFILING,Data Profiling,91.67,GREEN
DS_POSITION_REPORT,Workday Position Report,P&C,2026-02-28,DEFINITIONS,Data Definitions,52.59,RED
DS_POSITION_REPORT,Workday Position Report,P&C,2026-02-28,KEY_PROPERTIES,Key Properties,100.0,GREEN
DS_POSITION_REPORT,Workday Position Report,P&C,2026-02-28,USAGE,Usage,28.33,RED
DS_POSITION_REPORT,Workday Position Report,P&C,2026-02-28,FEEDBACK,User Feedback,86.5,GREEN
DS_POSITION_REPORT,Workday Position Report,P&C,2026-03-01,OWNERSHIP,Data Ownership,60.0,AMBER
DS_POSITION_REPORT,Workday Position Report,P&C,2026-03-01,SOURCE,Data Source,100.0,GREEN
DS_POSITION_REPORT,Workday Position Report,P&C,2026-03-01,ISSUES,Active Issues,98.0,GREEN
DS_POSITION_REPORT,Workday Position Report,P&C,2026-03-01,TIMELINESS,Timeliness,96.98,GREEN
DS_POSITION_REPORT,Workday Position Report,P&C,2026-03-01,COMPLETENESS_KEY_PROPS,Completeness of Key Properties,100.0,GREEN
DS_POSITION_REPORT,Workday Position Report,P&C,2026-03-01,PROFILING,Data Profiling,83.33,GREEN
DS_POSITION_REPORT,Workday Position Report,P&C,2026-03-01,DEFINITIONS,Data Definitions,53.11,RED
DS_POSITION_REPORT,Workday Position Report,P&C,2026-03-01,KEY_PROPERTIES,Key Properties,100.0,GREEN
DS_POSITION_REPORT,Workday Position Report,P&C,2026-03-01,USAGE,Usage,26.67,RED
DS_POSITION_REPORT,Workday Position Report,P&C,2026-03-01,FEEDBACK,User Feedback,76.24,AMBER
DS_POSITION_REPORT,Workday Position Report,P&C,2026-03-02,OWNERSHIP,Data Ownership,60.0,AMBER
DS_POSITION_REPORT,Workday Position Report,P&C,2026-03-02,SOURCE,Data Source,100.0,GREEN
DS_POSITION_REPORT,Workday Position Report,P&C,2026-03-02,ISSUES,Active Issues,99.0,GREEN
DS_POSITION_REPORT,Workday Position Report,P&C,2026-03-02,TIMELINESS,Timeliness,97.07,GREEN
DS_POSITION_REPORT,Workday Position Report,P&C,2026-03-02,COMPLETENESS_KEY_PROPS,Completeness of Key Properties,96.73,GREEN
DS_POSITION_REPORT,Workday Position Report,P&C,2026-03-02,PROFILING,Data Profiling,87.5,GREEN
DS_POSITION_REPORT,Workday Position Report,P&C,2026-03-02,DEFINITIONS,Data Definitions,53.7,RED
DS_POSITION_REPORT,Workday Position Report,P&C,2026-03-02,KEY_PROPERTIES,Key Properties,100.0,GREEN
DS_POSITION_REPORT,Workday Position Report,P&C,2026-03-02,USAGE,Usage,25.0,RED
DS_POSITION_REPORT,Workday Position Report,P&C,2026-03-02,FEEDBACK,User Feedback,90.69,GREEN
DS_POSITION_REPORT,Workday Position Report,P&C,2026-03-03,OWNERSHIP,Data Ownership,60.0,AMBER
DS_POSITION_REPORT,Workday Position Report,P&C,2026-03-03,SOURCE,Data Source,100.0,GREEN
DS_POSITION_REPORT,Workday Position Report,P&C,2026-03-03,ISSUES,Active Issues,99.0,GREEN
DS_POSITION_REPORT,Workday Position Report,P&C,2026-03-03,TIMELINESS,Timeliness,100.0,GREEN
DS_POSITION_REPORT,Workday Position Report,P&C,2026-03-03,COMPLETENESS_KEY_PROPS,Completeness of Key Properties,98.15,GREEN
DS_POSITION_REPORT,Workday Position Report,P&C,2026-03-03,PROFILING,Data Profiling,87.5,GREEN
DS_POSITION_REPORT,Workday Position Report,P&C,2026-03-03,DEFINITIONS,Data Definitions,57.58,RED
DS_POSITION_REPORT,Workday Position Report,P&C,2026-03-03,KEY_PROPERTIES,Key Properties,100.0,GREEN
DS_POSITION_REPORT,Workday Position Report,P&C,2026-03-03,USAGE,Usage,8.33,RED
DS_POSITION_REPORT,Workday Position Report,P&C,2026-03-03,FEEDBACK,User Feedback,99.27,GREEN
DS_POSITION_REPORT,Workday Position Report,P&C,2026-03-04,OWNERSHIP,Data Ownership,60.0,AMBER
DS_POSITION_REPORT,Workday Position Report,P&C,2026-03-04,SOURCE,Data Source,100.0,GREEN
DS_POSITION_REPORT,Workday Position Report,P&C,2026-03-04,ISSUES,Active Issues,96.0,GREEN
DS_POSITION_REPORT,Workday Position Report,P&C,2026-03-04,TIMELINESS,Timeliness,99.0,GREEN
DS_POSITION_REPORT,Workday Position Report,P&C,2026-03-04,COMPLETENESS_KEY_PROPS,Completeness of Key Properties,97.89,GREEN
DS_POSITION_REPORT,Workday Position Report,P&C,2026-03-04,PROFILING,Data Profiling,91.67,GREEN
DS_POSITION_REPORT,Workday Position Report,P&C,2026-03-04,DEFINITIONS,Data Definitions,53.1,RED
DS_POSITION_REPORT,Workday Position Report,P&C,2026-03-04,KEY_PROPERTIES,Key Properties,100.0,GREEN
DS_POSITION_REPORT,Workday Position Report,P&C,2026-03-04,USAGE,Usage,38.33,RED
DS_POSITION_REPORT,Workday Position Report,P&C,2026-03-04,FEEDBACK,User Feedback,99.82,GREEN
DS_POSITION_REPORT,Workday Position Report,P&C,2026-03-05,OWNERSHIP,Data Ownership,60.0,AMBER
DS_POSITION_REPORT,Workday Position Report,P&C,2026-03-05,SOURCE,Data Source,100.0,GREEN
DS_POSITION_REPORT,Workday Position Report,P&C,2026-03-05,ISSUES,Active Issues,100.0,GREEN
DS_POSITION_REPORT,Workday Position Report,P&C,2026-03-05,TIMELINESS,Timeliness,100.0,GREEN
DS_POSITION_REPORT,Workday Position Report,P&C,2026-03-05,COMPLETENESS_KEY_PROPS,Completeness of Key Properties,99.24,GREEN
DS_POSITION_REPORT,Workday Position Report,P&C,2026-03-05,PROFILING,Data Profiling,87.5,GREEN
DS_POSITION_REPORT,Workday Position Report,P&C,2026-03-05,DEFINITIONS,Data Definitions,54.78,RED
DS_POSITION_REPORT,Workday Position Report,P&C,2026-03-05,KEY_PROPERTIES,Key Properties,100.0,GREEN
DS_POSITION_REPORT,Workday Position Report,P&C,2026-03-05,USAGE,Usage,1.67,RED
DS_POSITION_REPORT,Workday Position Report,P&C,2026-03-05,FEEDBACK,User Feedback,90.67,GREEN
DS_POSITION_REPORT,Workday Position Report,P&C,2026-03-06,OWNERSHIP,Data Ownership,60.0,AMBER
DS_POSITION_REPORT,Workday Position Report,P&C,2026-03-06,SOURCE,Data Source,100.0,GREEN
DS_POSITION_REPORT,Workday Position Report,P&C,2026-03-06,ISSUES,Active Issues,97.0,GREEN
DS_POSITION_REPORT,Workday Position Report,P&C,2026-03-06,TIMELINESS,Timeliness,94.1,GREEN
DS_POSITION_REPORT,Workday Position Report,P&C,2026-03-06,COMPLETENESS_KEY_PROPS,Completeness of Key Properties,99.83,GREEN
DS_POSITION_REPORT,Workday Position Report,P&C,2026-03-06,PROFILING,Data Profiling,83.33,GREEN
DS_POSITION_REPORT,Workday Position Report,P&C,2026-03-06,DEFINITIONS,Data Definitions,56.8,RED
DS_POSITION_REPORT,Workday Position Report,P&C,2026-03-06,KEY_PROPERTIES,Key Properties,100.0,GREEN
DS_POSITION_REPORT,Workday Position Report,P&C,2026-03-06,USAGE,Usage,33.33,RED
DS_POSITION_REPORT,Workday Position Report,P&C,2026-03-06,FEEDBACK,User Feedback,82.45,GREEN
DS_POSITION_REPORT,Workday Position Report,P&C,2026-03-07,OWNERSHIP,Data Ownership,60.0,AMBER
DS_POSITION_REPORT,Workday Position Report,P&C,2026-03-07,SOURCE,Data Source,100.0,GREEN
DS_POSITION_REPORT,Workday Position Report,P&C,2026-03-07,ISSUES,Active Issues,100.0,GREEN
DS_POSITION_REPORT,Workday Position Report,P&C,2026-03-07,TIMELINESS,Timeliness,95.5,GREEN
DS_POSITION_REPORT,Workday Position Report,P&C,2026-03-07,COMPLETENESS_KEY_PROPS,Completeness of Key Properties,100.0,GREEN
DS_POSITION_REPORT,Workday Position Report,P&C,2026-03-07,PROFILING,Data Profiling,91.67,GREEN
DS_POSITION_REPORT,Workday Position Report,P&C,2026-03-07,DEFINITIONS,Data Definitions,56.82,RED
DS_POSITION_REPORT,Workday Position Report,P&C,2026-03-07,KEY_PROPERTIES,Key Properties,100.0,GREEN
DS_POSITION_REPORT,Workday Position Report,P&C,2026-03-07,USAGE,Usage,10.0,RED
DS_POSITION_REPORT,Workday Position Report,P&C,2026-03-07,FEEDBACK,User Feedback,92.56,GREEN
DS_POSITION_REPORT,Workday Position Report,P&C,2026-03-08,OWNERSHIP,Data Ownership,60.0,AMBER
DS_POSITION_REPORT,Workday Position Report,P&C,2026-03-08,SOURCE,Data Source,100.0,GREEN
DS_POSITION_REPORT,Workday Position Report,P&C,2026-03-08,ISSUES,Active Issues,96.0,GREEN
DS_POSITION_REPORT,Workday Position Report,P&C,2026-03-08,TIMELINESS,Timeliness,95.62,GREEN
DS_POSITION_REPORT,Workday Position Report,P&C,2026-03-08,COMPLETENESS_KEY_PROPS,Completeness of Key Properties,99.44,GREEN
DS_POSITION_REPORT,Workday Position Report,P&C,2026-03-08,PROFILING,Data Profiling,83.33,GREEN
DS_POSITION_REPORT,Workday Position Report,P&C,2026-03-08,DEFINITIONS,Data Definitions,57.58,RED
DS_POSITION_REPORT,Workday Position Report,P&C,2026-03-08,KEY_PROPERTIES,Key Properties,100.0,GREEN
DS_POSITION_REPORT,Workday Position Report,P&C,2026-03-08,USAGE,Usage,0.0,RED
DS_POSITION_REPORT,Workday Position Report,P&C,2026-03-08,FEEDBACK,User Feedback,77.59,AMBER
DS_POSITION_REPORT,Workday Position Report,P&C,2026-03-09,OWNERSHIP,Data Ownership,60.0,AMBER
DS_POSITION_REPORT,Workday Position Report,P&C,2026-03-09,SOURCE,Data Source,100.0,GREEN
DS_POSITION_REPORT,Workday Position Report,P&C,2026-03-09,ISSUES,Active Issues,99.0,GREEN
DS_POSITION_REPORT,Workday Position Report,P&C,2026-03-09,TIMELINESS,Timeliness,95.88,GREEN
DS_POSITION_REPORT,Workday Position Report,P&C,2026-03-09,COMPLETENESS_KEY_PROPS,Completeness of Key Properties,100.0,GREEN
DS_POSITION_REPORT,Workday Position Report,P&C,2026-03-09,PROFILING,Data Profiling,95.83,GREEN
DS_POSITION_REPORT,Workday Position Report,P&C,2026-03-09,DEFINITIONS,Data Definitions,58.9,RED
DS_POSITION_REPORT,Workday Position Report,P&C,2026-03-09,KEY_PROPERTIES,Key Properties,100.0,GREEN
DS_POSITION_REPORT,Workday Position Report,P&C,2026-03-09,USAGE,Usage,8.33,RED
DS_POSITION_REPORT,Workday Position Report,P&C,2026-03-09,FEEDBACK,User Feedback,87.36,GREEN
DS_POSITION_REPORT,Workday Position Report,P&C,2026-03-10,OWNERSHIP,Data Ownership,60.0,AMBER
DS_POSITION_REPORT,Workday Position Report,P&C,2026-03-10,SOURCE,Data Source,100.0,GREEN
DS_POSITION_REPORT,Workday Position Report,P&C,2026-03-10,ISSUES,Active Issues,100.0,GREEN
DS_POSITION_REPORT,Workday Position Report,P&C,2026-03-10,TIMELINESS,Timeliness,95.81,GREEN
DS_POSITION_REPORT,Workday Position Report,P&C,2026-03-10,COMPLETENESS_KEY_PROPS,Completeness of Key Properties,98.08,GREEN
DS_POSITION_REPORT,Workday Position Report,P&C,2026-03-10,PROFILING,Data Profiling,87.5,GREEN
DS_POSITION_REPORT,Workday Position Report,P&C,2026-03-10,DEFINITIONS,Data Definitions,52.58,RED
DS_POSITION_REPORT,Workday Position Report,P&C,2026-03-10,KEY_PROPERTIES,Key Properties,100.0,GREEN
DS_POSITION_REPORT,Workday Position Report,P&C,2026-03-10,USAGE,Usage,6.67,RED
DS_POSITION_REPORT,Workday Position Report,P&C,2026-03-10,FEEDBACK,User Feedback,98.87,GREEN
DS_POSITION_REPORT,Workday Position Report,P&C,2026-03-11,OWNERSHIP,Data Ownership,60.0,AMBER
DS_POSITION_REPORT,Workday Position Report,P&C,2026-03-11,SOURCE,Data Source,100.0,GREEN
DS_POSITION_REPORT,Workday Position Report,P&C,2026-03-11,ISSUES,Active Issues,88.0,GREEN
DS_POSITION_REPORT,Workday Position Report,P&C,2026-03-11,TIMELINESS,Timeliness,97.36,GREEN
DS_POSITION_REPORT,Workday Position Report,P&C,2026-03-11,COMPLETENESS_KEY_PROPS,Completeness of Key Properties,98.91,GREEN
DS_POSITION_REPORT,Workday Position Report,P&C,2026-03-11,PROFILING,Data Profiling,83.33,GREEN
DS_POSITION_REPORT,Workday Position Report,P&C,2026-03-11,DEFINITIONS,Data Definitions,53.73,RED
DS_POSITION_REPORT,Workday Position Report,P&C,2026-03-11,KEY_PROPERTIES,Key Properties,100.0,GREEN
DS_POSITION_REPORT,Workday Position Report,P&C,2026-03-11,USAGE,Usage,6.67,RED
DS_POSITION_REPORT,Workday Position Report,P&C,2026-03-11,FEEDBACK,User Feedback,87.15,GREEN
DS_POSITION_REPORT,Workday Position Report,P&C,2026-03-12,OWNERSHIP,Data Ownership,60.0,AMBER
DS_POSITION_REPORT,Workday Position Report,P&C,2026-03-12,SOURCE,Data Source,100.0,GREEN
DS_POSITION_REPORT,Workday Position Report,P&C,2026-03-12,ISSUES,Active Issues,99.0,GREEN
DS_POSITION_REPORT,Workday Position Report,P&C,2026-03-12,TIMELINESS,Timeliness,98.52,GREEN
DS_POSITION_REPORT,Workday Position Report,P&C,2026-03-12,COMPLETENESS_KEY_PROPS,Completeness of Key Properties,99.48,GREEN
DS_POSITION_REPORT,Workday Position Report,P&C,2026-03-12,PROFILING,Data Profiling,87.5,GREEN
DS_POSITION_REPORT,Workday Position Report,P&C,2026-03-12,DEFINITIONS,Data Definitions,54.23,RED
DS_POSITION_REPORT,Workday Position Report,P&C,2026-03-12,KEY_PROPERTIES,Key Properties,100.0,GREEN
DS_POSITION_REPORT,Workday Position Report,P&C,2026-03-12,USAGE,Usage,13.33,RED
DS_POSITION_REPORT,Workday Position Report,P&C,2026-03-12,FEEDBACK,User Feedback,81.35,GREEN
DS_POSITION_REPORT,Workday Position Report,P&C,2026-03-13,OWNERSHIP,Data Ownership,60.0,AMBER
DS_POSITION_REPORT,Workday Position Report,P&C,2026-03-13,SOURCE,Data Source,100.0,GREEN
DS_POSITION_REPORT,Workday Position Report,P&C,2026-03-13,ISSUES,Active Issues,97.0,GREEN
DS_POSITION_REPORT,Workday Position Report,P&C,2026-03-13,TIMELINESS,Timeliness,98.15,GREEN
DS_POSITION_REPORT,Workday Position Report,P&C,2026-03-13,COMPLETENESS_KEY_PROPS,Completeness of Key Properties,98.88,GREEN
DS_POSITION_REPORT,Workday Position Report,P&C,2026-03-13,PROFILING,Data Profiling,95.83,GREEN
DS_POSITION_REPORT,Workday Position Report,P&C,2026-03-13,DEFINITIONS,Data Definitions,50.0,RED
DS_POSITION_REPORT,Workday Position Report,P&C,2026-03-13,KEY_PROPERTIES,Key Properties,100.0,GREEN
DS_POSITION_REPORT,Workday Position Report,P&C,2026-03-13,USAGE,Usage,23.33,RED
DS_POSITION_REPORT,Workday Position Report,P&C,2026-03-13,FEEDBACK,User Feedback,76.76,AMBER
DS_POSITION_REPORT,Workday Position Report,P&C,2026-03-14,OWNERSHIP,Data Ownership,60.0,AMBER
DS_POSITION_REPORT,Workday Position Report,P&C,2026-03-14,SOURCE,Data Source,100.0,GREEN
DS_POSITION_REPORT,Workday Position Report,P&C,2026-03-14,ISSUES,Active Issues,87.0,GREEN
DS_POSITION_REPORT,Workday Position Report,P&C,2026-03-14,TIMELINESS,Timeliness,87.71,GREEN
DS_POSITION_REPORT,Workday Position Report,P&C,2026-03-14,COMPLETENESS_KEY_PROPS,Completeness of Key Properties,97.28,GREEN
DS_POSITION_REPORT,Workday Position Report,P&C,2026-03-14,PROFILING,Data Profiling,95.83,GREEN
DS_POSITION_REPORT,Workday Position Report,P&C,2026-03-14,DEFINITIONS,Data Definitions,53.61,RED
DS_POSITION_REPORT,Workday Position Report,P&C,2026-03-14,KEY_PROPERTIES,Key Properties,100.0,GREEN
DS_POSITION_REPORT,Workday Position Report,P&C,2026-03-14,USAGE,Usage,15.0,RED
DS_POSITION_REPORT,Workday Position Report,P&C,2026-03-14,FEEDBACK,User Feedback,86.18,GREEN
DS_POSITION_REPORT,Workday Position Report,P&C,2026-03-15,OWNERSHIP,Data Ownership,60.0,AMBER
DS_POSITION_REPORT,Workday Position Report,P&C,2026-03-15,SOURCE,Data Source,100.0,GREEN
DS_POSITION_REPORT,Workday Position Report,P&C,2026-03-15,ISSUES,Active Issues,97.0,GREEN
DS_POSITION_REPORT,Workday Position Report,P&C,2026-03-15,TIMELINESS,Timeliness,99.76,GREEN
DS_POSITION_REPORT,Workday Position Report,P&C,2026-03-15,COMPLETENESS_KEY_PROPS,Completeness of Key Properties,99.13,GREEN
DS_POSITION_REPORT,Workday Position Report,P&C,2026-03-15,PROFILING,Data Profiling,91.67,GREEN
DS_POSITION_REPORT,Workday Position Report,P&C,2026-03-15,DEFINITIONS,Data Definitions,50.68,RED
DS_POSITION_REPORT,Workday Position Report,P&C,2026-03-15,KEY_PROPERTIES,Key Properties,100.0,GREEN
DS_POSITION_REPORT,Workday Position Report,P&C,2026-03-15,USAGE,Usage,26.67,RED
DS_POSITION_REPORT,Workday Position Report,P&C,2026-03-15,FEEDBACK,User Feedback,71.02,AMBER
DS_POSITION_REPORT,Workday Position Report,P&C,2026-03-16,OWNERSHIP,Data Ownership,60.0,AMBER
DS_POSITION_REPORT,Workday Position Report,P&C,2026-03-16,SOURCE,Data Source,100.0,GREEN
DS_POSITION_REPORT,Workday Position Report,P&C,2026-03-16,ISSUES,Active Issues,99.0,GREEN
DS_POSITION_REPORT,Workday Position Report,P&C,2026-03-16,TIMELINESS,Timeliness,100.0,GREEN
DS_POSITION_REPORT,Workday Position Report,P&C,2026-03-16,COMPLETENESS_KEY_PROPS,Completeness of Key Properties,99.28,GREEN
DS_POSITION_REPORT,Workday Position Report,P&C,2026-03-16,PROFILING,Data Profiling,83.33,GREEN
DS_POSITION_REPORT,Workday Position Report,P&C,2026-03-16,DEFINITIONS,Data Definitions,54.17,RED
DS_POSITION_REPORT,Workday Position Report,P&C,2026-03-16,KEY_PROPERTIES,Key Properties,100.0,GREEN
DS_POSITION_REPORT,Workday Position Report,P&C,2026-03-16,USAGE,Usage,30.0,RED
DS_POSITION_REPORT,Workday Position Report,P&C,2026-03-16,FEEDBACK,User Feedback,76.95,AMBER
DS_POSITION_REPORT,Workday Position Report,P&C,2026-03-17,OWNERSHIP,Data Ownership,60.0,AMBER
DS_POSITION_REPORT,Workday Position Report,P&C,2026-03-17,SOURCE,Data Source,100.0,GREEN
DS_POSITION_REPORT,Workday Position Report,P&C,2026-03-17,ISSUES,Active Issues,96.0,GREEN
DS_POSITION_REPORT,Workday Position Report,P&C,2026-03-17,TIMELINESS,Timeliness,94.04,GREEN
DS_POSITION_REPORT,Workday Position Report,P&C,2026-03-17,COMPLETENESS_KEY_PROPS,Completeness of Key Properties,95.52,GREEN
DS_POSITION_REPORT,Workday Position Report,P&C,2026-03-17,PROFILING,Data Profiling,83.33,GREEN
DS_POSITION_REPORT,Workday Position Report,P&C,2026-03-17,DEFINITIONS,Data Definitions,59.52,RED
DS_POSITION_REPORT,Workday Position Report,P&C,2026-03-17,KEY_PROPERTIES,Key Properties,100.0,GREEN
DS_POSITION_REPORT,Workday Position Report,P&C,2026-03-17,USAGE,Usage,0.0,RED
DS_POSITION_REPORT,Workday Position Report,P&C,2026-03-17,FEEDBACK,User Feedback,76.65,AMBER
DS_POSITION_REPORT,Workday Position Report,P&C,2026-03-18,OWNERSHIP,Data Ownership,60.0,AMBER
DS_POSITION_REPORT,Workday Position Report,P&C,2026-03-18,SOURCE,Data Source,100.0,GREEN
DS_POSITION_REPORT,Workday Position Report,P&C,2026-03-18,ISSUES,Active Issues,90.0,GREEN
DS_POSITION_REPORT,Workday Position Report,P&C,2026-03-18,TIMELINESS,Timeliness,95.36,GREEN
DS_POSITION_REPORT,Workday Position Report,P&C,2026-03-18,COMPLETENESS_KEY_PROPS,Completeness of Key Properties,97.37,GREEN
DS_POSITION_REPORT,Workday Position Report,P&C,2026-03-18,PROFILING,Data Profiling,95.83,GREEN
DS_POSITION_REPORT,Workday Position Report,P&C,2026-03-18,DEFINITIONS,Data Definitions,56.47,RED
DS_POSITION_REPORT,Workday Position Report,P&C,2026-03-18,KEY_PROPERTIES,Key Properties,100.0,GREEN
DS_POSITION_REPORT,Workday Position Report,P&C,2026-03-18,USAGE,Usage,31.67,RED
DS_POSITION_REPORT,Workday Position Report,P&C,2026-03-18,FEEDBACK,User Feedback,83.55,GREEN
DS_POSITION_REPORT,Workday Position Report,P&C,2026-03-19,OWNERSHIP,Data Ownership,60.0,AMBER
DS_POSITION_REPORT,Workday Position Report,P&C,2026-03-19,SOURCE,Data Source,100.0,GREEN
DS_POSITION_REPORT,Workday Position Report,P&C,2026-03-19,ISSUES,Active Issues,95.0,GREEN
DS_POSITION_REPORT,Workday Position Report,P&C,2026-03-19,TIMELINESS,Timeliness,100.0,GREEN
DS_POSITION_REPORT,Workday Position Report,P&C,2026-03-19,COMPLETENESS_KEY_PROPS,Completeness of Key Properties,98.47,GREEN
DS_POSITION_REPORT,Workday Position Report,P&C,2026-03-19,PROFILING,Data Profiling,75.0,AMBER
DS_POSITION_REPORT,Workday Position Report,P&C,2026-03-19,DEFINITIONS,Data Definitions,54.37,RED
DS_POSITION_REPORT,Workday Position Report,P&C,2026-03-19,KEY_PROPERTIES,Key Properties,100.0,GREEN
DS_POSITION_REPORT,Workday Position Report,P&C,2026-03-19,USAGE,Usage,11.67,RED
DS_POSITION_REPORT,Workday Position Report,P&C,2026-03-19,FEEDBACK,User Feedback,83.86,GREEN
DS_POSITION_REPORT,Workday Position Report,P&C,2026-03-20,OWNERSHIP,Data Ownership,60.0,AMBER
DS_POSITION_REPORT,Workday Position Report,P&C,2026-03-20,SOURCE,Data Source,100.0,GREEN
DS_POSITION_REPORT,Workday Position Report,P&C,2026-03-20,ISSUES,Active Issues,92.0,GREEN
DS_POSITION_REPORT,Workday Position Report,P&C,2026-03-20,TIMELINESS,Timeliness,97.78,GREEN
DS_POSITION_REPORT,Workday Position Report,P&C,2026-03-20,COMPLETENESS_KEY_PROPS,Completeness of Key Properties,96.32,GREEN
DS_POSITION_REPORT,Workday Position Report,P&C,2026-03-20,PROFILING,Data Profiling,87.5,GREEN
DS_POSITION_REPORT,Workday Position Report,P&C,2026-03-20,DEFINITIONS,Data Definitions,57.34,RED
DS_POSITION_REPORT,Workday Position Report,P&C,2026-03-20,KEY_PROPERTIES,Key Properties,100.0,GREEN
DS_POSITION_REPORT,Workday Position Report,P&C,2026-03-20,USAGE,Usage,31.67,RED
DS_POSITION_REPORT,Workday Position Report,P&C,2026-03-20,FEEDBACK,User Feedback,85.06,GREEN
DS_POSITION_REPORT,Workday Position Report,P&C,2026-03-21,OWNERSHIP,Data Ownership,60.0,AMBER
DS_POSITION_REPORT,Workday Position Report,P&C,2026-03-21,SOURCE,Data Source,100.0,GREEN
DS_POSITION_REPORT,Workday Position Report,P&C,2026-03-21,ISSUES,Active Issues,97.0,GREEN
DS_POSITION_REPORT,Workday Position Report,P&C,2026-03-21,TIMELINESS,Timeliness,92.67,GREEN
DS_POSITION_REPORT,Workday Position Report,P&C,2026-03-21,COMPLETENESS_KEY_PROPS,Completeness of Key Properties,99.49,GREEN
DS_POSITION_REPORT,Workday Position Report,P&C,2026-03-21,PROFILING,Data Profiling,75.0,AMBER
DS_POSITION_REPORT,Workday Position Report,P&C,2026-03-21,DEFINITIONS,Data Definitions,51.02,RED
DS_POSITION_REPORT,Workday Position Report,P&C,2026-03-21,KEY_PROPERTIES,Key Properties,100.0,GREEN
DS_POSITION_REPORT,Workday Position Report,P&C,2026-03-21,USAGE,Usage,20.0,RED
DS_POSITION_REPORT,Workday Position Report,P&C,2026-03-21,FEEDBACK,User Feedback,81.26,GREEN
DS_POSITION_REPORT,Workday Position Report,P&C,2026-03-22,OWNERSHIP,Data Ownership,60.0,AMBER
DS_POSITION_REPORT,Workday Position Report,P&C,2026-03-22,SOURCE,Data Source,100.0,GREEN
DS_POSITION_REPORT,Workday Position Report,P&C,2026-03-22,ISSUES,Active Issues,100.0,GREEN
DS_POSITION_REPORT,Workday Position Report,P&C,2026-03-22,TIMELINESS,Timeliness,94.88,GREEN
DS_POSITION_REPORT,Workday Position Report,P&C,2026-03-22,COMPLETENESS_KEY_PROPS,Completeness of Key Properties,97.29,GREEN
DS_POSITION_REPORT,Workday Position Report,P&C,2026-03-22,PROFILING,Data Profiling,91.67,GREEN
DS_POSITION_REPORT,Workday Position Report,P&C,2026-03-22,DEFINITIONS,Data Definitions,53.3,RED
DS_POSITION_REPORT,Workday Position Report,P&C,2026-03-22,KEY_PROPERTIES,Key Properties,100.0,GREEN
DS_POSITION_REPORT,Workday Position Report,P&C,2026-03-22,USAGE,Usage,28.33,RED
DS_POSITION_REPORT,Workday Position Report,P&C,2026-03-22,FEEDBACK,User Feedback,86.43,GREEN
DS_POSITION_REPORT,Workday Position Report,P&C,2026-03-23,OWNERSHIP,Data Ownership,60.0,AMBER
DS_POSITION_REPORT,Workday Position Report,P&C,2026-03-23,SOURCE,Data Source,100.0,GREEN
DS_POSITION_REPORT,Workday Position Report,P&C,2026-03-23,ISSUES,Active Issues,97.0,GREEN
DS_POSITION_REPORT,Workday Position Report,P&C,2026-03-23,TIMELINESS,Timeliness,92.55,GREEN
DS_POSITION_REPORT,Workday Position Report,P&C,2026-03-23,COMPLETENESS_KEY_PROPS,Completeness of Key Properties,97.92,GREEN
DS_POSITION_REPORT,Workday Position Report,P&C,2026-03-23,PROFILING,Data Profiling,70.83,AMBER
DS_POSITION_REPORT,Workday Position Report,P&C,2026-03-23,DEFINITIONS,Data Definitions,55.38,RED
DS_POSITION_REPORT,Workday Position Report,P&C,2026-03-23,KEY_PROPERTIES,Key Properties,100.0,GREEN
DS_POSITION_REPORT,Workday Position Report,P&C,2026-03-23,USAGE,Usage,33.33,RED
DS_POSITION_REPORT,Workday Position Report,P&C,2026-03-23,FEEDBACK,User Feedback,79.61,AMBER
DS_POSITION_REPORT,Workday Position Report,P&C,2026-03-24,OWNERSHIP,Data Ownership,60.0,AMBER
DS_POSITION_REPORT,Workday Position Report,P&C,2026-03-24,SOURCE,Data Source,100.0,GREEN
DS_POSITION_REPORT,Workday Position Report,P&C,2026-03-24,ISSUES,Active Issues,89.0,GREEN
DS_POSITION_REPORT,Workday Position Report,P&C,2026-03-24,TIMELINESS,Timeliness,98.41,GREEN
DS_POSITION_REPORT,Workday Position Report,P&C,2026-03-24,COMPLETENESS_KEY_PROPS,Completeness of Key Properties,100.0,GREEN
DS_POSITION_REPORT,Workday Position Report,P&C,2026-03-24,PROFILING,Data Profiling,83.33,GREEN
DS_POSITION_REPORT,Workday Position Report,P&C,2026-03-24,DEFINITIONS,Data Definitions,54.27,RED
DS_POSITION_REPORT,Workday Position Report,P&C,2026-03-24,KEY_PROPERTIES,Key Properties,100.0,GREEN
DS_POSITION_REPORT,Workday Position Report,P&C,2026-03-24,USAGE,Usage,13.33,RED
DS_POSITION_REPORT,Workday Position Report,P&C,2026-03-24,FEEDBACK,User Feedback,89.27,GREEN
DS_POSITION_REPORT,Workday Position Report,P&C,2026-03-25,OWNERSHIP,Data Ownership,60.0,AMBER
DS_POSITION_REPORT,Workday Position Report,P&C,2026-03-25,SOURCE,Data Source,100.0,GREEN
DS_POSITION_REPORT,Workday Position Report,P&C,2026-03-25,ISSUES,Active Issues,97.0,GREEN
DS_POSITION_REPORT,Workday Position Report,P&C,2026-03-25,TIMELINESS,Timeliness,92.77,GREEN
DS_POSITION_REPORT,Workday Position Report,P&C,2026-03-25,COMPLETENESS_KEY_PROPS,Completeness of Key Properties,99.18,GREEN
DS_POSITION_REPORT,Workday Position Report,P&C,2026-03-25,PROFILING,Data Profiling,83.33,GREEN
DS_POSITION_REPORT,Workday Position Report,P&C,2026-03-25,DEFINITIONS,Data Definitions,54.64,RED
DS_POSITION_REPORT,Workday Position Report,P&C,2026-03-25,KEY_PROPERTIES,Key Properties,100.0,GREEN
DS_POSITION_REPORT,Workday Position Report,P&C,2026-03-25,USAGE,Usage,20.0,RED
DS_POSITION_REPORT,Workday Position Report,P&C,2026-03-25,FEEDBACK,User Feedback,81.66,GREEN
DS_POSITION_REPORT,Workday Position Report,P&C,2026-03-26,OWNERSHIP,Data Ownership,60.0,AMBER
DS_POSITION_REPORT,Workday Position Report,P&C,2026-03-26,SOURCE,Data Source,100.0,GREEN
DS_POSITION_REPORT,Workday Position Report,P&C,2026-03-26,ISSUES,Active Issues,95.0,GREEN
DS_POSITION_REPORT,Workday Position Report,P&C,2026-03-26,TIMELINESS,Timeliness,100.0,GREEN
DS_POSITION_REPORT,Workday Position Report,P&C,2026-03-26,COMPLETENESS_KEY_PROPS,Completeness of Key Properties,99.09,GREEN
DS_POSITION_REPORT,Workday Position Report,P&C,2026-03-26,PROFILING,Data Profiling,79.17,AMBER
DS_POSITION_REPORT,Workday Position Report,P&C,2026-03-26,DEFINITIONS,Data Definitions,60.61,AMBER
DS_POSITION_REPORT,Workday Position Report,P&C,2026-03-26,KEY_PROPERTIES,Key Properties,100.0,GREEN
DS_POSITION_REPORT,Workday Position Report,P&C,2026-03-26,USAGE,Usage,18.33,RED
DS_POSITION_REPORT,Workday Position Report,P&C,2026-03-26,FEEDBACK,User Feedback,84.75,GREEN
DS_POSITION_REPORT,Workday Position Report,P&C,2026-03-27,OWNERSHIP,Data Ownership,60.0,AMBER
DS_POSITION_REPORT,Workday Position Report,P&C,2026-03-27,SOURCE,Data Source,100.0,GREEN
DS_POSITION_REPORT,Workday Position Report,P&C,2026-03-27,ISSUES,Active Issues,100.0,GREEN
DS_POSITION_REPORT,Workday Position Report,P&C,2026-03-27,TIMELINESS,Timeliness,96.78,GREEN
DS_POSITION_REPORT,Workday Position Report,P&C,2026-03-27,COMPLETENESS_KEY_PROPS,Completeness of Key Properties,96.51,GREEN
DS_POSITION_REPORT,Workday Position Report,P&C,2026-03-27,PROFILING,Data Profiling,79.17,AMBER
DS_POSITION_REPORT,Workday Position Report,P&C,2026-03-27,DEFINITIONS,Data Definitions,55.85,RED
DS_POSITION_REPORT,Workday Position Report,P&C,2026-03-27,KEY_PROPERTIES,Key Properties,100.0,GREEN
DS_POSITION_REPORT,Workday Position Report,P&C,2026-03-27,USAGE,Usage,20.0,RED
DS_POSITION_REPORT,Workday Position Report,P&C,2026-03-27,FEEDBACK,User Feedback,95.53,GREEN
DS_POSITION_REPORT,Workday Position Report,P&C,2026-03-28,OWNERSHIP,Data Ownership,60.0,AMBER
DS_POSITION_REPORT,Workday Position Report,P&C,2026-03-28,SOURCE,Data Source,100.0,GREEN
DS_POSITION_REPORT,Workday Position Report,P&C,2026-03-28,ISSUES,Active Issues,97.0,GREEN
DS_POSITION_REPORT,Workday Position Report,P&C,2026-03-28,TIMELINESS,Timeliness,97.17,GREEN
DS_POSITION_REPORT,Workday Position Report,P&C,2026-03-28,COMPLETENESS_KEY_PROPS,Completeness of Key Properties,99.66,GREEN
DS_POSITION_REPORT,Workday Position Report,P&C,2026-03-28,PROFILING,Data Profiling,79.17,AMBER
DS_POSITION_REPORT,Workday Position Report,P&C,2026-03-28,DEFINITIONS,Data Definitions,55.65,RED
DS_POSITION_REPORT,Workday Position Report,P&C,2026-03-28,KEY_PROPERTIES,Key Properties,100.0,GREEN
DS_POSITION_REPORT,Workday Position Report,P&C,2026-03-28,USAGE,Usage,23.33,RED
DS_POSITION_REPORT,Workday Position Report,P&C,2026-03-28,FEEDBACK,User Feedback,89.37,GREEN
DS_POSITION_REPORT,Workday Position Report,P&C,2026-03-29,OWNERSHIP,Data Ownership,60.0,AMBER
DS_POSITION_REPORT,Workday Position Report,P&C,2026-03-29,SOURCE,Data Source,100.0,GREEN
DS_POSITION_REPORT,Workday Position Report,P&C,2026-03-29,ISSUES,Active Issues,92.0,GREEN
DS_POSITION_REPORT,Workday Position Report,P&C,2026-03-29,TIMELINESS,Timeliness,94.08,GREEN
DS_POSITION_REPORT,Workday Position Report,P&C,2026-03-29,COMPLETENESS_KEY_PROPS,Completeness of Key Properties,94.03,GREEN
DS_POSITION_REPORT,Workday Position Report,P&C,2026-03-29,PROFILING,Data Profiling,70.83,AMBER
DS_POSITION_REPORT,Workday Position Report,P&C,2026-03-29,DEFINITIONS,Data Definitions,53.37,RED
DS_POSITION_REPORT,Workday Position Report,P&C,2026-03-29,KEY_PROPERTIES,Key Properties,100.0,GREEN
DS_POSITION_REPORT,Workday Position Report,P&C,2026-03-29,USAGE,Usage,33.33,RED
DS_POSITION_REPORT,Workday Position Report,P&C,2026-03-29,FEEDBACK,User Feedback,71.21,AMBER
DS_POSITION_REPORT,Workday Position Report,P&C,2026-03-30,OWNERSHIP,Data Ownership,60.0,AMBER
DS_POSITION_REPORT,Workday Position Report,P&C,2026-03-30,SOURCE,Data Source,100.0,GREEN
DS_POSITION_REPORT,Workday Position Report,P&C,2026-03-30,ISSUES,Active Issues,99.0,GREEN
DS_POSITION_REPORT,Workday Position Report,P&C,2026-03-30,TIMELINESS,Timeliness,99.27,GREEN
DS_POSITION_REPORT,Workday Position Report,P&C,2026-03-30,COMPLETENESS_KEY_PROPS,Completeness of Key Properties,100.0,GREEN
DS_POSITION_REPORT,Workday Position Report,P&C,2026-03-30,PROFILING,Data Profiling,66.67,AMBER
DS_POSITION_REPORT,Workday Position Report,P&C,2026-03-30,DEFINITIONS,Data Definitions,51.26,RED
DS_POSITION_REPORT,Workday Position Report,P&C,2026-03-30,KEY_PROPERTIES,Key Properties,100.0,GREEN
DS_POSITION_REPORT,Workday Position Report,P&C,2026-03-30,USAGE,Usage,6.67,RED
DS_POSITION_REPORT,Workday Position Report,P&C,2026-03-30,FEEDBACK,User Feedback,82.17,GREEN
DS_POSITION_REPORT,Workday Position Report,P&C,2026-03-31,OWNERSHIP,Data Ownership,60.0,AMBER
DS_POSITION_REPORT,Workday Position Report,P&C,2026-03-31,SOURCE,Data Source,100.0,GREEN
DS_POSITION_REPORT,Workday Position Report,P&C,2026-03-31,ISSUES,Active Issues,89.0,GREEN
DS_POSITION_REPORT,Workday Position Report,P&C,2026-03-31,TIMELINESS,Timeliness,100.0,GREEN
DS_POSITION_REPORT,Workday Position Report,P&C,2026-03-31,COMPLETENESS_KEY_PROPS,Completeness of Key Properties,97.35,GREEN
DS_POSITION_REPORT,Workday Position Report,P&C,2026-03-31,PROFILING,Data Profiling,87.5,GREEN
DS_POSITION_REPORT,Workday Position Report,P&C,2026-03-31,DEFINITIONS,Data Definitions,58.56,RED
DS_POSITION_REPORT,Workday Position Report,P&C,2026-03-31,KEY_PROPERTIES,Key Properties,100.0,GREEN
DS_POSITION_REPORT,Workday Position Report,P&C,2026-03-31,USAGE,Usage,31.67,RED
DS_POSITION_REPORT,Workday Position Report,P&C,2026-03-31,FEEDBACK,User Feedback,97.42,GREEN
DS_POSITION_REPORT,Workday Position Report,P&C,2026-04-01,OWNERSHIP,Data Ownership,60.0,AMBER
DS_POSITION_REPORT,Workday Position Report,P&C,2026-04-01,SOURCE,Data Source,100.0,GREEN
DS_POSITION_REPORT,Workday Position Report,P&C,2026-04-01,ISSUES,Active Issues,100.0,GREEN
DS_POSITION_REPORT,Workday Position Report,P&C,2026-04-01,TIMELINESS,Timeliness,95.02,GREEN
DS_POSITION_REPORT,Workday Position Report,P&C,2026-04-01,COMPLETENESS_KEY_PROPS,Completeness of Key Properties,97.42,GREEN
DS_POSITION_REPORT,Workday Position Report,P&C,2026-04-01,PROFILING,Data Profiling,83.33,GREEN
DS_POSITION_REPORT,Workday Position Report,P&C,2026-04-01,DEFINITIONS,Data Definitions,53.62,RED
DS_POSITION_REPORT,Workday Position Report,P&C,2026-04-01,KEY_PROPERTIES,Key Properties,100.0,GREEN
DS_POSITION_REPORT,Workday Position Report,P&C,2026-04-01,USAGE,Usage,18.33,RED
DS_POSITION_REPORT,Workday Position Report,P&C,2026-04-01,FEEDBACK,User Feedback,91.34,GREEN
DS_POSITION_REPORT,Workday Position Report,P&C,2026-04-02,OWNERSHIP,Data Ownership,60.0,AMBER
DS_POSITION_REPORT,Workday Position Report,P&C,2026-04-02,SOURCE,Data Source,100.0,GREEN
DS_POSITION_REPORT,Workday Position Report,P&C,2026-04-02,ISSUES,Active Issues,97.0,GREEN
DS_POSITION_REPORT,Workday Position Report,P&C,2026-04-02,TIMELINESS,Timeliness,100.0,GREEN
DS_POSITION_REPORT,Workday Position Report,P&C,2026-04-02,COMPLETENESS_KEY_PROPS,Completeness of Key Properties,96.28,GREEN
DS_POSITION_REPORT,Workday Position Report,P&C,2026-04-02,PROFILING,Data Profiling,75.0,AMBER
DS_POSITION_REPORT,Workday Position Report,P&C,2026-04-02,DEFINITIONS,Data Definitions,54.91,RED
DS_POSITION_REPORT,Workday Position Report,P&C,2026-04-02,KEY_PROPERTIES,Key Properties,100.0,GREEN
DS_POSITION_REPORT,Workday Position Report,P&C,2026-04-02,USAGE,Usage,6.67,RED
DS_POSITION_REPORT,Workday Position Report,P&C,2026-04-02,FEEDBACK,User Feedback,97.5,GREEN
DS_POSITION_REPORT,Workday Position Report,P&C,2026-04-03,OWNERSHIP,Data Ownership,60.0,AMBER
DS_POSITION_REPORT,Workday Position Report,P&C,2026-04-03,SOURCE,Data Source,100.0,GREEN
DS_POSITION_REPORT,Workday Position Report,P&C,2026-04-03,ISSUES,Active Issues,95.0,GREEN
DS_POSITION_REPORT,Workday Position Report,P&C,2026-04-03,TIMELINESS,Timeliness,100.0,GREEN
DS_POSITION_REPORT,Workday Position Report,P&C,2026-04-03,COMPLETENESS_KEY_PROPS,Completeness of Key Properties,99.33,GREEN
DS_POSITION_REPORT,Workday Position Report,P&C,2026-04-03,PROFILING,Data Profiling,87.5,GREEN
DS_POSITION_REPORT,Workday Position Report,P&C,2026-04-03,DEFINITIONS,Data Definitions,52.59,RED
DS_POSITION_REPORT,Workday Position Report,P&C,2026-04-03,KEY_PROPERTIES,Key Properties,100.0,GREEN
DS_POSITION_REPORT,Workday Position Report,P&C,2026-04-03,USAGE,Usage,23.33,RED
DS_POSITION_REPORT,Workday Position Report,P&C,2026-04-03,FEEDBACK,User Feedback,99.22,GREEN
DS_POSITION_REPORT,Workday Position Report,P&C,2026-04-04,OWNERSHIP,Data Ownership,60.0,AMBER
DS_POSITION_REPORT,Workday Position Report,P&C,2026-04-04,SOURCE,Data Source,100.0,GREEN
DS_POSITION_REPORT,Workday Position Report,P&C,2026-04-04,ISSUES,Active Issues,99.0,GREEN
DS_POSITION_REPORT,Workday Position Report,P&C,2026-04-04,TIMELINESS,Timeliness,97.16,GREEN
DS_POSITION_REPORT,Workday Position Report,P&C,2026-04-04,COMPLETENESS_KEY_PROPS,Completeness of Key Properties,96.57,GREEN
DS_POSITION_REPORT,Workday Position Report,P&C,2026-04-04,PROFILING,Data Profiling,70.83,AMBER
DS_POSITION_REPORT,Workday Position Report,P&C,2026-04-04,DEFINITIONS,Data Definitions,57.69,RED
DS_POSITION_REPORT,Workday Position Report,P&C,2026-04-04,KEY_PROPERTIES,Key Properties,100.0,GREEN
DS_POSITION_REPORT,Workday Position Report,P&C,2026-04-04,USAGE,Usage,21.67,RED
DS_POSITION_REPORT,Workday Position Report,P&C,2026-04-04,FEEDBACK,User Feedback,97.08,GREEN
DS_POSITION_REPORT,Workday Position Report,P&C,2026-04-05,OWNERSHIP,Data Ownership,60.0,AMBER
DS_POSITION_REPORT,Workday Position Report,P&C,2026-04-05,SOURCE,Data Source,100.0,GREEN
DS_POSITION_REPORT,Workday Position Report,P&C,2026-04-05,ISSUES,Active Issues,93.0,GREEN
DS_POSITION_REPORT,Workday Position Report,P&C,2026-04-05,TIMELINESS,Timeliness,98.23,GREEN
DS_POSITION_REPORT,Workday Position Report,P&C,2026-04-05,COMPLETENESS_KEY_PROPS,Completeness of Key Properties,97.31,GREEN
DS_POSITION_REPORT,Workday Position Report,P&C,2026-04-05,PROFILING,Data Profiling,83.33,GREEN
DS_POSITION_REPORT,Workday Position Report,P&C,2026-04-05,DEFINITIONS,Data Definitions,57.43,RED
DS_POSITION_REPORT,Workday Position Report,P&C,2026-04-05,KEY_PROPERTIES,Key Properties,100.0,GREEN
DS_POSITION_REPORT,Workday Position Report,P&C,2026-04-05,USAGE,Usage,23.33,RED
DS_POSITION_REPORT,Workday Position Report,P&C,2026-04-05,FEEDBACK,User Feedback,79.68,AMBER
DS_POSITION_REPORT,Workday Position Report,P&C,2026-04-06,OWNERSHIP,Data Ownership,60.0,AMBER
DS_POSITION_REPORT,Workday Position Report,P&C,2026-04-06,SOURCE,Data Source,100.0,GREEN
DS_POSITION_REPORT,Workday Position Report,P&C,2026-04-06,ISSUES,Active Issues,77.0,AMBER
DS_POSITION_REPORT,Workday Position Report,P&C,2026-04-06,TIMELINESS,Timeliness,95.17,GREEN
DS_POSITION_REPORT,Workday Position Report,P&C,2026-04-06,COMPLETENESS_KEY_PROPS,Completeness of Key Properties,97.63,GREEN
DS_POSITION_REPORT,Workday Position Report,P&C,2026-04-06,PROFILING,Data Profiling,87.5,GREEN
DS_POSITION_REPORT,Workday Position Report,P&C,2026-04-06,DEFINITIONS,Data Definitions,56.83,RED
DS_POSITION_REPORT,Workday Position Report,P&C,2026-04-06,KEY_PROPERTIES,Key Properties,100.0,GREEN
DS_POSITION_REPORT,Workday Position Report,P&C,2026-04-06,USAGE,Usage,0.0,RED
DS_POSITION_REPORT,Workday Position Report,P&C,2026-04-06,FEEDBACK,User Feedback,81.53,GREEN
DS_POSITION_REPORT,Workday Position Report,P&C,2026-04-07,OWNERSHIP,Data Ownership,60.0,AMBER
DS_POSITION_REPORT,Workday Position Report,P&C,2026-04-07,SOURCE,Data Source,100.0,GREEN
DS_POSITION_REPORT,Workday Position Report,P&C,2026-04-07,ISSUES,Active Issues,100.0,GREEN
DS_POSITION_REPORT,Workday Position Report,P&C,2026-04-07,TIMELINESS,Timeliness,91.32,GREEN
DS_POSITION_REPORT,Workday Position Report,P&C,2026-04-07,COMPLETENESS_KEY_PROPS,Completeness of Key Properties,97.31,GREEN
DS_POSITION_REPORT,Workday Position Report,P&C,2026-04-07,PROFILING,Data Profiling,87.5,GREEN
DS_POSITION_REPORT,Workday Position Report,P&C,2026-04-07,DEFINITIONS,Data Definitions,49.35,RED
DS_POSITION_REPORT,Workday Position Report,P&C,2026-04-07,KEY_PROPERTIES,Key Properties,100.0,GREEN
DS_POSITION_REPORT,Workday Position Report,P&C,2026-04-07,USAGE,Usage,31.67,RED
DS_POSITION_REPORT,Workday Position Report,P&C,2026-04-07,FEEDBACK,User Feedback,82.43,GREEN
DS_POSITION_REPORT,Workday Position Report,P&C,2026-04-08,OWNERSHIP,Data Ownership,60.0,AMBER
DS_POSITION_REPORT,Workday Position Report,P&C,2026-04-08,SOURCE,Data Source,100.0,GREEN
DS_POSITION_REPORT,Workday Position Report,P&C,2026-04-08,ISSUES,Active Issues,97.0,GREEN
DS_POSITION_REPORT,Workday Position Report,P&C,2026-04-08,TIMELINESS,Timeliness,94.78,GREEN
DS_POSITION_REPORT,Workday Position Report,P&C,2026-04-08,COMPLETENESS_KEY_PROPS,Completeness of Key Properties,96.92,GREEN
DS_POSITION_REPORT,Workday Position Report,P&C,2026-04-08,PROFILING,Data Profiling,83.33,GREEN
DS_POSITION_REPORT,Workday Position Report,P&C,2026-04-08,DEFINITIONS,Data Definitions,53.75,RED
DS_POSITION_REPORT,Workday Position Report,P&C,2026-04-08,KEY_PROPERTIES,Key Properties,100.0,GREEN
DS_POSITION_REPORT,Workday Position Report,P&C,2026-04-08,USAGE,Usage,23.33,RED
DS_POSITION_REPORT,Workday Position Report,P&C,2026-04-08,FEEDBACK,User Feedback,86.89,GREEN
DS_POSITION_REPORT,Workday Position Report,P&C,2026-04-09,OWNERSHIP,Data Ownership,60.0,AMBER
DS_POSITION_REPORT,Workday Position Report,P&C,2026-04-09,SOURCE,Data Source,100.0,GREEN
DS_POSITION_REPORT,Workday Position Report,P&C,2026-04-09,ISSUES,Active Issues,95.0,GREEN
DS_POSITION_REPORT,Workday Position Report,P&C,2026-04-09,TIMELINESS,Timeliness,98.85,GREEN
DS_POSITION_REPORT,Workday Position Report,P&C,2026-04-09,COMPLETENESS_KEY_PROPS,Completeness of Key Properties,97.26,GREEN
DS_POSITION_REPORT,Workday Position Report,P&C,2026-04-09,PROFILING,Data Profiling,87.5,GREEN
DS_POSITION_REPORT,Workday Position Report,P&C,2026-04-09,DEFINITIONS,Data Definitions,53.97,RED
DS_POSITION_REPORT,Workday Position Report,P&C,2026-04-09,KEY_PROPERTIES,Key Properties,100.0,GREEN
DS_POSITION_REPORT,Workday Position Report,P&C,2026-04-09,USAGE,Usage,21.67,RED
DS_POSITION_REPORT,Workday Position Report,P&C,2026-04-09,FEEDBACK,User Feedback,94.05,GREEN
DS_POSITION_REPORT,Workday Position Report,P&C,2026-04-10,OWNERSHIP,Data Ownership,60.0,AMBER
DS_POSITION_REPORT,Workday Position Report,P&C,2026-04-10,SOURCE,Data Source,100.0,GREEN
DS_POSITION_REPORT,Workday Position Report,P&C,2026-04-10,ISSUES,Active Issues,88.0,GREEN
DS_POSITION_REPORT,Workday Position Report,P&C,2026-04-10,TIMELINESS,Timeliness,100.0,GREEN
DS_POSITION_REPORT,Workday Position Report,P&C,2026-04-10,COMPLETENESS_KEY_PROPS,Completeness of Key Properties,98.01,GREEN
DS_POSITION_REPORT,Workday Position Report,P&C,2026-04-10,PROFILING,Data Profiling,87.5,GREEN
DS_POSITION_REPORT,Workday Position Report,P&C,2026-04-10,DEFINITIONS,Data Definitions,54.92,RED
DS_POSITION_REPORT,Workday Position Report,P&C,2026-04-10,KEY_PROPERTIES,Key Properties,100.0,GREEN
DS_POSITION_REPORT,Workday Position Report,P&C,2026-04-10,USAGE,Usage,0.0,RED
DS_POSITION_REPORT,Workday Position Report,P&C,2026-04-10,FEEDBACK,User Feedback,81.63,GREEN
DS_POSITION_REPORT,Workday Position Report,P&C,2026-04-11,OWNERSHIP,Data Ownership,60.0,AMBER
DS_POSITION_REPORT,Workday Position Report,P&C,2026-04-11,SOURCE,Data Source,100.0,GREEN
DS_POSITION_REPORT,Workday Position Report,P&C,2026-04-11,ISSUES,Active Issues,99.0,GREEN
DS_POSITION_REPORT,Workday Position Report,P&C,2026-04-11,TIMELINESS,Timeliness,96.17,GREEN
DS_POSITION_REPORT,Workday Position Report,P&C,2026-04-11,COMPLETENESS_KEY_PROPS,Completeness of Key Properties,98.1,GREEN
DS_POSITION_REPORT,Workday Position Report,P&C,2026-04-11,PROFILING,Data Profiling,75.0,AMBER
DS_POSITION_REPORT,Workday Position Report,P&C,2026-04-11,DEFINITIONS,Data Definitions,50.0,RED
DS_POSITION_REPORT,Workday Position Report,P&C,2026-04-11,KEY_PROPERTIES,Key Properties,100.0,GREEN
DS_POSITION_REPORT,Workday Position Report,P&C,2026-04-11,USAGE,Usage,15.0,RED
DS_POSITION_REPORT,Workday Position Report,P&C,2026-04-11,FEEDBACK,User Feedback,84.82,GREEN
DS_POSITION_REPORT,Workday Position Report,P&C,2026-04-12,OWNERSHIP,Data Ownership,60.0,AMBER
DS_POSITION_REPORT,Workday Position Report,P&C,2026-04-12,SOURCE,Data Source,100.0,GREEN
DS_POSITION_REPORT,Workday Position Report,P&C,2026-04-12,ISSUES,Active Issues,100.0,GREEN
DS_POSITION_REPORT,Workday Position Report,P&C,2026-04-12,TIMELINESS,Timeliness,94.95,GREEN
DS_POSITION_REPORT,Workday Position Report,P&C,2026-04-12,COMPLETENESS_KEY_PROPS,Completeness of Key Properties,96.27,GREEN
DS_POSITION_REPORT,Workday Position Report,P&C,2026-04-12,PROFILING,Data Profiling,66.67,AMBER
DS_POSITION_REPORT,Workday Position Report,P&C,2026-04-12,DEFINITIONS,Data Definitions,55.56,RED
DS_POSITION_REPORT,Workday Position Report,P&C,2026-04-12,KEY_PROPERTIES,Key Properties,100.0,GREEN
DS_POSITION_REPORT,Workday Position Report,P&C,2026-04-12,USAGE,Usage,11.67,RED
DS_POSITION_REPORT,Workday Position Report,P&C,2026-04-12,FEEDBACK,User Feedback,79.73,AMBER
DS_POSITION_REPORT,Workday Position Report,P&C,2026-04-13,OWNERSHIP,Data Ownership,60.0,AMBER
DS_POSITION_REPORT,Workday Position Report,P&C,2026-04-13,SOURCE,Data Source,100.0,GREEN
DS_POSITION_REPORT,Workday Position Report,P&C,2026-04-13,ISSUES,Active Issues,96.0,GREEN
DS_POSITION_REPORT,Workday Position Report,P&C,2026-04-13,TIMELINESS,Timeliness,90.14,GREEN
DS_POSITION_REPORT,Workday Position Report,P&C,2026-04-13,COMPLETENESS_KEY_PROPS,Completeness of Key Properties,96.6,GREEN
DS_POSITION_REPORT,Workday Position Report,P&C,2026-04-13,PROFILING,Data Profiling,66.67,AMBER
DS_POSITION_REPORT,Workday Position Report,P&C,2026-04-13,DEFINITIONS,Data Definitions,53.16,RED
DS_POSITION_REPORT,Workday Position Report,P&C,2026-04-13,KEY_PROPERTIES,Key Properties,100.0,GREEN
DS_POSITION_REPORT,Workday Position Report,P&C,2026-04-13,USAGE,Usage,35.0,RED
DS_POSITION_REPORT,Workday Position Report,P&C,2026-04-13,FEEDBACK,User Feedback,89.13,GREEN
DS_POSITION_REPORT,Workday Position Report,P&C,2026-04-14,OWNERSHIP,Data Ownership,60.0,AMBER
DS_POSITION_REPORT,Workday Position Report,P&C,2026-04-14,SOURCE,Data Source,100.0,GREEN
DS_POSITION_REPORT,Workday Position Report,P&C,2026-04-14,ISSUES,Active Issues,95.0,GREEN
DS_POSITION_REPORT,Workday Position Report,P&C,2026-04-14,TIMELINESS,Timeliness,93.59,GREEN
DS_POSITION_REPORT,Workday Position Report,P&C,2026-04-14,COMPLETENESS_KEY_PROPS,Completeness of Key Properties,98.06,GREEN
DS_POSITION_REPORT,Workday Position Report,P&C,2026-04-14,PROFILING,Data Profiling,75.0,AMBER
DS_POSITION_REPORT,Workday Position Report,P&C,2026-04-14,DEFINITIONS,Data Definitions,50.7,RED
DS_POSITION_REPORT,Workday Position Report,P&C,2026-04-14,KEY_PROPERTIES,Key Properties,100.0,GREEN
DS_POSITION_REPORT,Workday Position Report,P&C,2026-04-14,USAGE,Usage,8.33,RED
DS_POSITION_REPORT,Workday Position Report,P&C,2026-04-14,FEEDBACK,User Feedback,76.01,AMBER
DS_POSITION_REPORT,Workday Position Report,P&C,2026-04-15,OWNERSHIP,Data Ownership,60.0,AMBER
DS_POSITION_REPORT,Workday Position Report,P&C,2026-04-15,SOURCE,Data Source,100.0,GREEN
DS_POSITION_REPORT,Workday Position Report,P&C,2026-04-15,ISSUES,Active Issues,97.0,GREEN
DS_POSITION_REPORT,Workday Position Report,P&C,2026-04-15,TIMELINESS,Timeliness,93.85,GREEN
DS_POSITION_REPORT,Workday Position Report,P&C,2026-04-15,COMPLETENESS_KEY_PROPS,Completeness of Key Properties,97.65,GREEN
DS_POSITION_REPORT,Workday Position Report,P&C,2026-04-15,PROFILING,Data Profiling,62.5,AMBER
DS_POSITION_REPORT,Workday Position Report,P&C,2026-04-15,DEFINITIONS,Data Definitions,49.62,RED
DS_POSITION_REPORT,Workday Position Report,P&C,2026-04-15,KEY_PROPERTIES,Key Properties,100.0,GREEN
DS_POSITION_REPORT,Workday Position Report,P&C,2026-04-15,USAGE,Usage,28.33,RED
DS_POSITION_REPORT,Workday Position Report,P&C,2026-04-15,FEEDBACK,User Feedback,76.0,AMBER
DS_POSITION_REPORT,Workday Position Report,P&C,2026-04-16,OWNERSHIP,Data Ownership,60.0,AMBER
DS_POSITION_REPORT,Workday Position Report,P&C,2026-04-16,SOURCE,Data Source,100.0,GREEN
DS_POSITION_REPORT,Workday Position Report,P&C,2026-04-16,ISSUES,Active Issues,99.0,GREEN
DS_POSITION_REPORT,Workday Position Report,P&C,2026-04-16,TIMELINESS,Timeliness,97.2,GREEN
DS_POSITION_REPORT,Workday Position Report,P&C,2026-04-16,COMPLETENESS_KEY_PROPS,Completeness of Key Properties,97.31,GREEN
DS_POSITION_REPORT,Workday Position Report,P&C,2026-04-16,PROFILING,Data Profiling,75.0,AMBER
DS_POSITION_REPORT,Workday Position Report,P&C,2026-04-16,DEFINITIONS,Data Definitions,54.64,RED
DS_POSITION_REPORT,Workday Position Report,P&C,2026-04-16,KEY_PROPERTIES,Key Properties,100.0,GREEN
DS_POSITION_REPORT,Workday Position Report,P&C,2026-04-16,USAGE,Usage,20.0,RED
DS_POSITION_REPORT,Workday Position Report,P&C,2026-04-16,FEEDBACK,User Feedback,85.81,GREEN
DS_POSITION_REPORT,Workday Position Report,P&C,2026-04-17,OWNERSHIP,Data Ownership,60.0,AMBER
DS_POSITION_REPORT,Workday Position Report,P&C,2026-04-17,SOURCE,Data Source,100.0,GREEN
DS_POSITION_REPORT,Workday Position Report,P&C,2026-04-17,ISSUES,Active Issues,97.0,GREEN
DS_POSITION_REPORT,Workday Position Report,P&C,2026-04-17,TIMELINESS,Timeliness,93.61,GREEN
DS_POSITION_REPORT,Workday Position Report,P&C,2026-04-17,COMPLETENESS_KEY_PROPS,Completeness of Key Properties,99.98,GREEN
DS_POSITION_REPORT,Workday Position Report,P&C,2026-04-17,PROFILING,Data Profiling,83.33,GREEN
DS_POSITION_REPORT,Workday Position Report,P&C,2026-04-17,DEFINITIONS,Data Definitions,53.06,RED
DS_POSITION_REPORT,Workday Position Report,P&C,2026-04-17,KEY_PROPERTIES,Key Properties,100.0,GREEN
DS_POSITION_REPORT,Workday Position Report,P&C,2026-04-17,USAGE,Usage,21.67,RED
DS_POSITION_REPORT,Workday Position Report,P&C,2026-04-17,FEEDBACK,User Feedback,69.16,AMBER
DS_POSITION_REPORT,Workday Position Report,P&C,2026-04-18,OWNERSHIP,Data Ownership,60.0,AMBER
DS_POSITION_REPORT,Workday Position Report,P&C,2026-04-18,SOURCE,Data Source,100.0,GREEN
DS_POSITION_REPORT,Workday Position Report,P&C,2026-04-18,ISSUES,Active Issues,98.0,GREEN
DS_POSITION_REPORT,Workday Position Report,P&C,2026-04-18,TIMELINESS,Timeliness,97.88,GREEN
DS_POSITION_REPORT,Workday Position Report,P&C,2026-04-18,COMPLETENESS_KEY_PROPS,Completeness of Key Properties,98.43,GREEN
DS_POSITION_REPORT,Workday Position Report,P&C,2026-04-18,PROFILING,Data Profiling,79.17,AMBER
DS_POSITION_REPORT,Workday Position Report,P&C,2026-04-18,DEFINITIONS,Data Definitions,51.74,RED
DS_POSITION_REPORT,Workday Position Report,P&C,2026-04-18,KEY_PROPERTIES,Key Properties,100.0,GREEN
DS_POSITION_REPORT,Workday Position Report,P&C,2026-04-18,USAGE,Usage,26.67,RED
DS_POSITION_REPORT,Workday Position Report,P&C,2026-04-18,FEEDBACK,User Feedback,100.0,GREEN
DS_POSITION_REPORT,Workday Position Report,P&C,2026-04-19,OWNERSHIP,Data Ownership,60.0,AMBER
DS_POSITION_REPORT,Workday Position Report,P&C,2026-04-19,SOURCE,Data Source,100.0,GREEN
DS_POSITION_REPORT,Workday Position Report,P&C,2026-04-19,ISSUES,Active Issues,74.0,AMBER
DS_POSITION_REPORT,Workday Position Report,P&C,2026-04-19,TIMELINESS,Timeliness,99.88,GREEN
DS_POSITION_REPORT,Workday Position Report,P&C,2026-04-19,COMPLETENESS_KEY_PROPS,Completeness of Key Properties,95.42,GREEN
DS_POSITION_REPORT,Workday Position Report,P&C,2026-04-19,PROFILING,Data Profiling,70.83,AMBER
DS_POSITION_REPORT,Workday Position Report,P&C,2026-04-19,DEFINITIONS,Data Definitions,56.96,RED
DS_POSITION_REPORT,Workday Position Report,P&C,2026-04-19,KEY_PROPERTIES,Key Properties,100.0,GREEN
DS_POSITION_REPORT,Workday Position Report,P&C,2026-04-19,USAGE,Usage,13.33,RED
DS_POSITION_REPORT,Workday Position Report,P&C,2026-04-19,FEEDBACK,User Feedback,80.37,GREEN
DS_POSITION_REPORT,Workday Position Report,P&C,2026-04-20,OWNERSHIP,Data Ownership,60.0,AMBER
DS_POSITION_REPORT,Workday Position Report,P&C,2026-04-20,SOURCE,Data Source,100.0,GREEN
DS_POSITION_REPORT,Workday Position Report,P&C,2026-04-20,ISSUES,Active Issues,96.0,GREEN
DS_POSITION_REPORT,Workday Position Report,P&C,2026-04-20,TIMELINESS,Timeliness,97.85,GREEN
DS_POSITION_REPORT,Workday Position Report,P&C,2026-04-20,COMPLETENESS_KEY_PROPS,Completeness of Key Properties,95.75,GREEN
DS_POSITION_REPORT,Workday Position Report,P&C,2026-04-20,PROFILING,Data Profiling,75.0,AMBER
DS_POSITION_REPORT,Workday Position Report,P&C,2026-04-20,DEFINITIONS,Data Definitions,53.6,RED
DS_POSITION_REPORT,Workday Position Report,P&C,2026-04-20,KEY_PROPERTIES,Key Properties,100.0,GREEN
DS_POSITION_REPORT,Workday Position Report,P&C,2026-04-20,USAGE,Usage,0.0,RED
DS_POSITION_REPORT,Workday Position Report,P&C,2026-04-20,FEEDBACK,User Feedback,80.31,GREEN
DS_POSITION_REPORT,Workday Position Report,P&C,2026-04-21,OWNERSHIP,Data Ownership,60.0,AMBER
DS_POSITION_REPORT,Workday Position Report,P&C,2026-04-21,SOURCE,Data Source,100.0,GREEN
DS_POSITION_REPORT,Workday Position Report,P&C,2026-04-21,ISSUES,Active Issues,97.0,GREEN
DS_POSITION_REPORT,Workday Position Report,P&C,2026-04-21,TIMELINESS,Timeliness,98.88,GREEN
DS_POSITION_REPORT,Workday Position Report,P&C,2026-04-21,COMPLETENESS_KEY_PROPS,Completeness of Key Properties,98.12,GREEN
DS_POSITION_REPORT,Workday Position Report,P&C,2026-04-21,PROFILING,Data Profiling,79.17,AMBER
DS_POSITION_REPORT,Workday Position Report,P&C,2026-04-21,DEFINITIONS,Data Definitions,54.79,RED
DS_POSITION_REPORT,Workday Position Report,P&C,2026-04-21,KEY_PROPERTIES,Key Properties,100.0,GREEN
DS_POSITION_REPORT,Workday Position Report,P&C,2026-04-21,USAGE,Usage,16.67,RED
DS_POSITION_REPORT,Workday Position Report,P&C,2026-04-21,FEEDBACK,User Feedback,78.94,AMBER
DS_POSITION_REPORT,Workday Position Report,P&C,2026-04-22,OWNERSHIP,Data Ownership,60.0,AMBER
DS_POSITION_REPORT,Workday Position Report,P&C,2026-04-22,SOURCE,Data Source,100.0,GREEN
DS_POSITION_REPORT,Workday Position Report,P&C,2026-04-22,ISSUES,Active Issues,83.0,GREEN
DS_POSITION_REPORT,Workday Position Report,P&C,2026-04-22,TIMELINESS,Timeliness,99.16,GREEN
DS_POSITION_REPORT,Workday Position Report,P&C,2026-04-22,COMPLETENESS_KEY_PROPS,Completeness of Key Properties,99.19,GREEN
DS_POSITION_REPORT,Workday Position Report,P&C,2026-04-22,PROFILING,Data Profiling,75.0,AMBER
DS_POSITION_REPORT,Workday Position Report,P&C,2026-04-22,DEFINITIONS,Data Definitions,58.97,RED
DS_POSITION_REPORT,Workday Position Report,P&C,2026-04-22,KEY_PROPERTIES,Key Properties,100.0,GREEN
DS_POSITION_REPORT,Workday Position Report,P&C,2026-04-22,USAGE,Usage,25.0,RED
DS_POSITION_REPORT,Workday Position Report,P&C,2026-04-22,FEEDBACK,User Feedback,99.94,GREEN
DS_POSITION_REPORT,Workday Position Report,P&C,2026-04-23,OWNERSHIP,Data Ownership,60.0,AMBER
DS_POSITION_REPORT,Workday Position Report,P&C,2026-04-23,SOURCE,Data Source,100.0,GREEN
DS_POSITION_REPORT,Workday Position Report,P&C,2026-04-23,ISSUES,Active Issues,99.0,GREEN
DS_POSITION_REPORT,Workday Position Report,P&C,2026-04-23,TIMELINESS,Timeliness,98.7,GREEN
DS_POSITION_REPORT,Workday Position Report,P&C,2026-04-23,COMPLETENESS_KEY_PROPS,Completeness of Key Properties,98.17,GREEN
DS_POSITION_REPORT,Workday Position Report,P&C,2026-04-23,PROFILING,Data Profiling,91.67,GREEN
DS_POSITION_REPORT,Workday Position Report,P&C,2026-04-23,DEFINITIONS,Data Definitions,56.61,RED
DS_POSITION_REPORT,Workday Position Report,P&C,2026-04-23,KEY_PROPERTIES,Key Properties,100.0,GREEN
DS_POSITION_REPORT,Workday Position Report,P&C,2026-04-23,USAGE,Usage,21.67,RED
DS_POSITION_REPORT,Workday Position Report,P&C,2026-04-23,FEEDBACK,User Feedback,84.96,GREEN
DS_POSITION_REPORT,Workday Position Report,P&C,2026-04-24,OWNERSHIP,Data Ownership,60.0,AMBER
DS_POSITION_REPORT,Workday Position Report,P&C,2026-04-24,SOURCE,Data Source,100.0,GREEN
DS_POSITION_REPORT,Workday Position Report,P&C,2026-04-24,ISSUES,Active Issues,100.0,GREEN
DS_POSITION_REPORT,Workday Position Report,P&C,2026-04-24,TIMELINESS,Timeliness,98.15,GREEN
DS_POSITION_REPORT,Workday Position Report,P&C,2026-04-24,COMPLETENESS_KEY_PROPS,Completeness of Key Properties,98.94,GREEN
DS_POSITION_REPORT,Workday Position Report,P&C,2026-04-24,PROFILING,Data Profiling,79.17,AMBER
DS_POSITION_REPORT,Workday Position Report,P&C,2026-04-24,DEFINITIONS,Data Definitions,53.85,RED
DS_POSITION_REPORT,Workday Position Report,P&C,2026-04-24,KEY_PROPERTIES,Key Properties,100.0,GREEN
DS_POSITION_REPORT,Workday Position Report,P&C,2026-04-24,USAGE,Usage,13.33,RED
DS_POSITION_REPORT,Workday Position Report,P&C,2026-04-24,FEEDBACK,User Feedback,82.83,GREEN
DS_POSITION_REPORT,Workday Position Report,P&C,2026-04-25,OWNERSHIP,Data Ownership,60.0,AMBER
DS_POSITION_REPORT,Workday Position Report,P&C,2026-04-25,SOURCE,Data Source,100.0,GREEN
DS_POSITION_REPORT,Workday Position Report,P&C,2026-04-25,ISSUES,Active Issues,97.0,GREEN
DS_POSITION_REPORT,Workday Position Report,P&C,2026-04-25,TIMELINESS,Timeliness,100.0,GREEN
DS_POSITION_REPORT,Workday Position Report,P&C,2026-04-25,COMPLETENESS_KEY_PROPS,Completeness of Key Properties,95.81,GREEN
DS_POSITION_REPORT,Workday Position Report,P&C,2026-04-25,PROFILING,Data Profiling,83.33,GREEN
DS_POSITION_REPORT,Workday Position Report,P&C,2026-04-25,DEFINITIONS,Data Definitions,52.9,RED
DS_POSITION_REPORT,Workday Position Report,P&C,2026-04-25,KEY_PROPERTIES,Key Properties,100.0,GREEN
DS_POSITION_REPORT,Workday Position Report,P&C,2026-04-25,USAGE,Usage,26.67,RED
DS_POSITION_REPORT,Workday Position Report,P&C,2026-04-25,FEEDBACK,User Feedback,95.49,GREEN
DS_POSITION_REPORT,Workday Position Report,P&C,2026-04-26,OWNERSHIP,Data Ownership,60.0,AMBER
DS_POSITION_REPORT,Workday Position Report,P&C,2026-04-26,SOURCE,Data Source,100.0,GREEN
DS_POSITION_REPORT,Workday Position Report,P&C,2026-04-26,ISSUES,Active Issues,99.0,GREEN
DS_POSITION_REPORT,Workday Position Report,P&C,2026-04-26,TIMELINESS,Timeliness,97.47,GREEN
DS_POSITION_REPORT,Workday Position Report,P&C,2026-04-26,COMPLETENESS_KEY_PROPS,Completeness of Key Properties,99.32,GREEN
DS_POSITION_REPORT,Workday Position Report,P&C,2026-04-26,PROFILING,Data Profiling,87.5,GREEN
DS_POSITION_REPORT,Workday Position Report,P&C,2026-04-26,DEFINITIONS,Data Definitions,51.85,RED
DS_POSITION_REPORT,Workday Position Report,P&C,2026-04-26,KEY_PROPERTIES,Key Properties,100.0,GREEN
DS_POSITION_REPORT,Workday Position Report,P&C,2026-04-26,USAGE,Usage,21.67,RED
DS_POSITION_REPORT,Workday Position Report,P&C,2026-04-26,FEEDBACK,User Feedback,89.56,GREEN
DS_POSITION_REPORT,Workday Position Report,P&C,2026-04-27,OWNERSHIP,Data Ownership,60.0,AMBER
DS_POSITION_REPORT,Workday Position Report,P&C,2026-04-27,SOURCE,Data Source,100.0,GREEN
DS_POSITION_REPORT,Workday Position Report,P&C,2026-04-27,ISSUES,Active Issues,99.0,GREEN
DS_POSITION_REPORT,Workday Position Report,P&C,2026-04-27,TIMELINESS,Timeliness,95.8,GREEN
DS_POSITION_REPORT,Workday Position Report,P&C,2026-04-27,COMPLETENESS_KEY_PROPS,Completeness of Key Properties,97.74,GREEN
DS_POSITION_REPORT,Workday Position Report,P&C,2026-04-27,PROFILING,Data Profiling,83.33,GREEN
DS_POSITION_REPORT,Workday Position Report,P&C,2026-04-27,DEFINITIONS,Data Definitions,54.35,RED
DS_POSITION_REPORT,Workday Position Report,P&C,2026-04-27,KEY_PROPERTIES,Key Properties,100.0,GREEN
DS_POSITION_REPORT,Workday Position Report,P&C,2026-04-27,USAGE,Usage,21.67,RED
DS_POSITION_REPORT,Workday Position Report,P&C,2026-04-27,FEEDBACK,User Feedback,77.74,AMBER
DS_POSITION_REPORT,Workday Position Report,P&C,2026-04-28,OWNERSHIP,Data Ownership,60.0,AMBER
DS_POSITION_REPORT,Workday Position Report,P&C,2026-04-28,SOURCE,Data Source,100.0,GREEN
DS_POSITION_REPORT,Workday Position Report,P&C,2026-04-28,ISSUES,Active Issues,97.0,GREEN
DS_POSITION_REPORT,Workday Position Report,P&C,2026-04-28,TIMELINESS,Timeliness,100.0,GREEN
DS_POSITION_REPORT,Workday Position Report,P&C,2026-04-28,COMPLETENESS_KEY_PROPS,Completeness of Key Properties,98.27,GREEN
DS_POSITION_REPORT,Workday Position Report,P&C,2026-04-28,PROFILING,Data Profiling,87.5,GREEN
DS_POSITION_REPORT,Workday Position Report,P&C,2026-04-28,DEFINITIONS,Data Definitions,56.77,RED
DS_POSITION_REPORT,Workday Position Report,P&C,2026-04-28,KEY_PROPERTIES,Key Properties,100.0,GREEN
DS_POSITION_REPORT,Workday Position Report,P&C,2026-04-28,USAGE,Usage,11.67,RED
DS_POSITION_REPORT,Workday Position Report,P&C,2026-04-28,FEEDBACK,User Feedback,67.42,AMBER
DS_POSITION_REPORT,Workday Position Report,P&C,2026-04-29,OWNERSHIP,Data Ownership,60.0,AMBER
DS_POSITION_REPORT,Workday Position Report,P&C,2026-04-29,SOURCE,Data Source,100.0,GREEN
DS_POSITION_REPORT,Workday Position Report,P&C,2026-04-29,ISSUES,Active Issues,89.0,GREEN
DS_POSITION_REPORT,Workday Position Report,P&C,2026-04-29,TIMELINESS,Timeliness,100.0,GREEN
DS_POSITION_REPORT,Workday Position Report,P&C,2026-04-29,COMPLETENESS_KEY_PROPS,Completeness of Key Properties,97.96,GREEN
DS_POSITION_REPORT,Workday Position Report,P&C,2026-04-29,PROFILING,Data Profiling,79.17,AMBER
DS_POSITION_REPORT,Workday Position Report,P&C,2026-04-29,DEFINITIONS,Data Definitions,55.34,RED
DS_POSITION_REPORT,Workday Position Report,P&C,2026-04-29,KEY_PROPERTIES,Key Properties,100.0,GREEN
DS_POSITION_REPORT,Workday Position Report,P&C,2026-04-29,USAGE,Usage,11.67,RED
DS_POSITION_REPORT,Workday Position Report,P&C,2026-04-29,FEEDBACK,User Feedback,87.45,GREEN
DS_POSITION_REPORT,Workday Position Report,P&C,2026-04-30,OWNERSHIP,Data Ownership,60.0,AMBER
DS_POSITION_REPORT,Workday Position Report,P&C,2026-04-30,SOURCE,Data Source,100.0,GREEN
DS_POSITION_REPORT,Workday Position Report,P&C,2026-04-30,ISSUES,Active Issues,98.0,GREEN
DS_POSITION_REPORT,Workday Position Report,P&C,2026-04-30,TIMELINESS,Timeliness,100.0,GREEN
DS_POSITION_REPORT,Workday Position Report,P&C,2026-04-30,COMPLETENESS_KEY_PROPS,Completeness of Key Properties,98.63,GREEN
DS_POSITION_REPORT,Workday Position Report,P&C,2026-04-30,PROFILING,Data Profiling,83.33,GREEN
DS_POSITION_REPORT,Workday Position Report,P&C,2026-04-30,DEFINITIONS,Data Definitions,47.89,RED
DS_POSITION_REPORT,Workday Position Report,P&C,2026-04-30,KEY_PROPERTIES,Key Properties,100.0,GREEN
DS_POSITION_REPORT,Workday Position Report,P&C,2026-04-30,USAGE,Usage,35.0,RED
DS_POSITION_REPORT,Workday Position Report,P&C,2026-04-30,FEEDBACK,User Feedback,71.99,AMBER
DS_POSITION_REPORT,Workday Position Report,P&C,2026-05-01,OWNERSHIP,Data Ownership,60.0,AMBER
DS_POSITION_REPORT,Workday Position Report,P&C,2026-05-01,SOURCE,Data Source,100.0,GREEN
DS_POSITION_REPORT,Workday Position Report,P&C,2026-05-01,ISSUES,Active Issues,100.0,GREEN
DS_POSITION_REPORT,Workday Position Report,P&C,2026-05-01,TIMELINESS,Timeliness,97.05,GREEN
DS_POSITION_REPORT,Workday Position Report,P&C,2026-05-01,COMPLETENESS_KEY_PROPS,Completeness of Key Properties,97.85,GREEN
DS_POSITION_REPORT,Workday Position Report,P&C,2026-05-01,PROFILING,Data Profiling,79.17,AMBER
DS_POSITION_REPORT,Workday Position Report,P&C,2026-05-01,DEFINITIONS,Data Definitions,55.2,RED
DS_POSITION_REPORT,Workday Position Report,P&C,2026-05-01,KEY_PROPERTIES,Key Properties,100.0,GREEN
DS_POSITION_REPORT,Workday Position Report,P&C,2026-05-01,USAGE,Usage,8.33,RED
DS_POSITION_REPORT,Workday Position Report,P&C,2026-05-01,FEEDBACK,User Feedback,73.75,AMBER
DS_POSITION_REPORT,Workday Position Report,P&C,2026-05-02,OWNERSHIP,Data Ownership,60.0,AMBER
DS_POSITION_REPORT,Workday Position Report,P&C,2026-05-02,SOURCE,Data Source,100.0,GREEN
DS_POSITION_REPORT,Workday Position Report,P&C,2026-05-02,ISSUES,Active Issues,99.0,GREEN
DS_POSITION_REPORT,Workday Position Report,P&C,2026-05-02,TIMELINESS,Timeliness,98.7,GREEN
DS_POSITION_REPORT,Workday Position Report,P&C,2026-05-02,COMPLETENESS_KEY_PROPS,Completeness of Key Properties,95.21,GREEN
DS_POSITION_REPORT,Workday Position Report,P&C,2026-05-02,PROFILING,Data Profiling,75.0,AMBER
DS_POSITION_REPORT,Workday Position Report,P&C,2026-05-02,DEFINITIONS,Data Definitions,56.39,RED
DS_POSITION_REPORT,Workday Position Report,P&C,2026-05-02,KEY_PROPERTIES,Key Properties,100.0,GREEN
DS_POSITION_REPORT,Workday Position Report,P&C,2026-05-02,USAGE,Usage,0.0,RED
DS_POSITION_REPORT,Workday Position Report,P&C,2026-05-02,FEEDBACK,User Feedback,97.03,GREEN
DS_POSITION_REPORT,Workday Position Report,P&C,2026-05-03,OWNERSHIP,Data Ownership,60.0,AMBER
DS_POSITION_REPORT,Workday Position Report,P&C,2026-05-03,SOURCE,Data Source,100.0,GREEN
DS_POSITION_REPORT,Workday Position Report,P&C,2026-05-03,ISSUES,Active Issues,100.0,GREEN
DS_POSITION_REPORT,Workday Position Report,P&C,2026-05-03,TIMELINESS,Timeliness,95.82,GREEN
DS_POSITION_REPORT,Workday Position Report,P&C,2026-05-03,COMPLETENESS_KEY_PROPS,Completeness of Key Properties,96.65,GREEN
DS_POSITION_REPORT,Workday Position Report,P&C,2026-05-03,PROFILING,Data Profiling,83.33,GREEN
DS_POSITION_REPORT,Workday Position Report,P&C,2026-05-03,DEFINITIONS,Data Definitions,55.56,RED
DS_POSITION_REPORT,Workday Position Report,P&C,2026-05-03,KEY_PROPERTIES,Key Properties,100.0,GREEN
DS_POSITION_REPORT,Workday Position Report,P&C,2026-05-03,USAGE,Usage,21.67,RED
DS_POSITION_REPORT,Workday Position Report,P&C,2026-05-03,FEEDBACK,User Feedback,80.07,GREEN
DS_POSITION_REPORT,Workday Position Report,P&C,2026-05-04,OWNERSHIP,Data Ownership,60.0,AMBER
DS_POSITION_REPORT,Workday Position Report,P&C,2026-05-04,SOURCE,Data Source,100.0,GREEN
DS_POSITION_REPORT,Workday Position Report,P&C,2026-05-04,ISSUES,Active Issues,95.0,GREEN
DS_POSITION_REPORT,Workday Position Report,P&C,2026-05-04,TIMELINESS,Timeliness,96.88,GREEN
DS_POSITION_REPORT,Workday Position Report,P&C,2026-05-04,COMPLETENESS_KEY_PROPS,Completeness of Key Properties,98.5,GREEN
DS_POSITION_REPORT,Workday Position Report,P&C,2026-05-04,PROFILING,Data Profiling,87.5,GREEN
DS_POSITION_REPORT,Workday Position Report,P&C,2026-05-04,DEFINITIONS,Data Definitions,57.14,RED
DS_POSITION_REPORT,Workday Position Report,P&C,2026-05-04,KEY_PROPERTIES,Key Properties,100.0,GREEN
DS_POSITION_REPORT,Workday Position Report,P&C,2026-05-04,USAGE,Usage,20.0,RED
DS_POSITION_REPORT,Workday Position Report,P&C,2026-05-04,FEEDBACK,User Feedback,84.82,GREEN
DS_POSITION_REPORT,Workday Position Report,P&C,2026-05-05,OWNERSHIP,Data Ownership,60.0,AMBER
DS_POSITION_REPORT,Workday Position Report,P&C,2026-05-05,SOURCE,Data Source,100.0,GREEN
DS_POSITION_REPORT,Workday Position Report,P&C,2026-05-05,ISSUES,Active Issues,99.0,GREEN
DS_POSITION_REPORT,Workday Position Report,P&C,2026-05-05,TIMELINESS,Timeliness,96.68,GREEN
DS_POSITION_REPORT,Workday Position Report,P&C,2026-05-05,COMPLETENESS_KEY_PROPS,Completeness of Key Properties,96.75,GREEN
DS_POSITION_REPORT,Workday Position Report,P&C,2026-05-05,PROFILING,Data Profiling,95.83,GREEN
DS_POSITION_REPORT,Workday Position Report,P&C,2026-05-05,DEFINITIONS,Data Definitions,53.42,RED
DS_POSITION_REPORT,Workday Position Report,P&C,2026-05-05,KEY_PROPERTIES,Key Properties,100.0,GREEN
DS_POSITION_REPORT,Workday Position Report,P&C,2026-05-05,USAGE,Usage,5.0,RED
DS_POSITION_REPORT,Workday Position Report,P&C,2026-05-05,FEEDBACK,User Feedback,89.67,GREEN
DS_POSITION_REPORT,Workday Position Report,P&C,2026-05-06,OWNERSHIP,Data Ownership,60.0,AMBER
DS_POSITION_REPORT,Workday Position Report,P&C,2026-05-06,SOURCE,Data Source,100.0,GREEN
DS_POSITION_REPORT,Workday Position Report,P&C,2026-05-06,ISSUES,Active Issues,94.0,GREEN
DS_POSITION_REPORT,Workday Position Report,P&C,2026-05-06,TIMELINESS,Timeliness,100.0,GREEN
DS_POSITION_REPORT,Workday Position Report,P&C,2026-05-06,COMPLETENESS_KEY_PROPS,Completeness of Key Properties,95.21,GREEN
DS_POSITION_REPORT,Workday Position Report,P&C,2026-05-06,PROFILING,Data Profiling,87.5,GREEN
DS_POSITION_REPORT,Workday Position Report,P&C,2026-05-06,DEFINITIONS,Data Definitions,54.17,RED
DS_POSITION_REPORT,Workday Position Report,P&C,2026-05-06,KEY_PROPERTIES,Key Properties,100.0,GREEN
DS_POSITION_REPORT,Workday Position Report,P&C,2026-05-06,USAGE,Usage,16.67,RED
DS_POSITION_REPORT,Workday Position Report,P&C,2026-05-06,FEEDBACK,User Feedback,84.38,GREEN
DS_POSITION_REPORT_VW,Position Report Public View,P&C,2026-02-05,OWNERSHIP,Data Ownership,60.0,AMBER
DS_POSITION_REPORT_VW,Position Report Public View,P&C,2026-02-05,SOURCE,Data Source,100.0,GREEN
DS_POSITION_REPORT_VW,Position Report Public View,P&C,2026-02-05,ISSUES,Active Issues,100.0,GREEN
DS_POSITION_REPORT_VW,Position Report Public View,P&C,2026-02-05,TIMELINESS,Timeliness,97.03,GREEN
DS_POSITION_REPORT_VW,Position Report Public View,P&C,2026-02-05,COMPLETENESS_KEY_PROPS,Completeness of Key Properties,98.04,GREEN
DS_POSITION_REPORT_VW,Position Report Public View,P&C,2026-02-05,PROFILING,Data Profiling,75.0,AMBER
DS_POSITION_REPORT_VW,Position Report Public View,P&C,2026-02-05,DEFINITIONS,Data Definitions,55.41,RED
DS_POSITION_REPORT_VW,Position Report Public View,P&C,2026-02-05,KEY_PROPERTIES,Key Properties,100.0,GREEN
DS_POSITION_REPORT_VW,Position Report Public View,P&C,2026-02-05,USAGE,Usage,61.67,AMBER
DS_POSITION_REPORT_VW,Position Report Public View,P&C,2026-02-05,FEEDBACK,User Feedback,83.86,GREEN
DS_POSITION_REPORT_VW,Position Report Public View,P&C,2026-02-06,OWNERSHIP,Data Ownership,60.0,AMBER
DS_POSITION_REPORT_VW,Position Report Public View,P&C,2026-02-06,SOURCE,Data Source,100.0,GREEN
DS_POSITION_REPORT_VW,Position Report Public View,P&C,2026-02-06,ISSUES,Active Issues,89.0,GREEN
DS_POSITION_REPORT_VW,Position Report Public View,P&C,2026-02-06,TIMELINESS,Timeliness,98.37,GREEN
DS_POSITION_REPORT_VW,Position Report Public View,P&C,2026-02-06,COMPLETENESS_KEY_PROPS,Completeness of Key Properties,95.2,GREEN
DS_POSITION_REPORT_VW,Position Report Public View,P&C,2026-02-06,PROFILING,Data Profiling,75.0,AMBER
DS_POSITION_REPORT_VW,Position Report Public View,P&C,2026-02-06,DEFINITIONS,Data Definitions,55.06,RED
DS_POSITION_REPORT_VW,Position Report Public View,P&C,2026-02-06,KEY_PROPERTIES,Key Properties,100.0,GREEN
DS_POSITION_REPORT_VW,Position Report Public View,P&C,2026-02-06,USAGE,Usage,61.67,AMBER
DS_POSITION_REPORT_VW,Position Report Public View,P&C,2026-02-06,FEEDBACK,User Feedback,89.29,GREEN
DS_POSITION_REPORT_VW,Position Report Public View,P&C,2026-02-07,OWNERSHIP,Data Ownership,60.0,AMBER
DS_POSITION_REPORT_VW,Position Report Public View,P&C,2026-02-07,SOURCE,Data Source,100.0,GREEN
DS_POSITION_REPORT_VW,Position Report Public View,P&C,2026-02-07,ISSUES,Active Issues,100.0,GREEN
DS_POSITION_REPORT_VW,Position Report Public View,P&C,2026-02-07,TIMELINESS,Timeliness,99.58,GREEN
DS_POSITION_REPORT_VW,Position Report Public View,P&C,2026-02-07,COMPLETENESS_KEY_PROPS,Completeness of Key Properties,96.56,GREEN
DS_POSITION_REPORT_VW,Position Report Public View,P&C,2026-02-07,PROFILING,Data Profiling,87.5,GREEN
DS_POSITION_REPORT_VW,Position Report Public View,P&C,2026-02-07,DEFINITIONS,Data Definitions,61.17,AMBER
DS_POSITION_REPORT_VW,Position Report Public View,P&C,2026-02-07,KEY_PROPERTIES,Key Properties,100.0,GREEN
DS_POSITION_REPORT_VW,Position Report Public View,P&C,2026-02-07,USAGE,Usage,53.33,RED
DS_POSITION_REPORT_VW,Position Report Public View,P&C,2026-02-07,FEEDBACK,User Feedback,78.41,AMBER
DS_POSITION_REPORT_VW,Position Report Public View,P&C,2026-02-08,OWNERSHIP,Data Ownership,60.0,AMBER
DS_POSITION_REPORT_VW,Position Report Public View,P&C,2026-02-08,SOURCE,Data Source,100.0,GREEN
DS_POSITION_REPORT_VW,Position Report Public View,P&C,2026-02-08,ISSUES,Active Issues,95.0,GREEN
DS_POSITION_REPORT_VW,Position Report Public View,P&C,2026-02-08,TIMELINESS,Timeliness,97.88,GREEN
DS_POSITION_REPORT_VW,Position Report Public View,P&C,2026-02-08,COMPLETENESS_KEY_PROPS,Completeness of Key Properties,97.14,GREEN
DS_POSITION_REPORT_VW,Position Report Public View,P&C,2026-02-08,PROFILING,Data Profiling,79.17,AMBER
DS_POSITION_REPORT_VW,Position Report Public View,P&C,2026-02-08,DEFINITIONS,Data Definitions,55.3,RED
DS_POSITION_REPORT_VW,Position Report Public View,P&C,2026-02-08,KEY_PROPERTIES,Key Properties,100.0,GREEN
DS_POSITION_REPORT_VW,Position Report Public View,P&C,2026-02-08,USAGE,Usage,63.33,AMBER
DS_POSITION_REPORT_VW,Position Report Public View,P&C,2026-02-08,FEEDBACK,User Feedback,77.94,AMBER
DS_POSITION_REPORT_VW,Position Report Public View,P&C,2026-02-09,OWNERSHIP,Data Ownership,60.0,AMBER
DS_POSITION_REPORT_VW,Position Report Public View,P&C,2026-02-09,SOURCE,Data Source,100.0,GREEN
DS_POSITION_REPORT_VW,Position Report Public View,P&C,2026-02-09,ISSUES,Active Issues,94.0,GREEN
DS_POSITION_REPORT_VW,Position Report Public View,P&C,2026-02-09,TIMELINESS,Timeliness,99.81,GREEN
DS_POSITION_REPORT_VW,Position Report Public View,P&C,2026-02-09,COMPLETENESS_KEY_PROPS,Completeness of Key Properties,98.62,GREEN
DS_POSITION_REPORT_VW,Position Report Public View,P&C,2026-02-09,PROFILING,Data Profiling,91.67,GREEN
DS_POSITION_REPORT_VW,Position Report Public View,P&C,2026-02-09,DEFINITIONS,Data Definitions,55.37,RED
DS_POSITION_REPORT_VW,Position Report Public View,P&C,2026-02-09,KEY_PROPERTIES,Key Properties,100.0,GREEN
DS_POSITION_REPORT_VW,Position Report Public View,P&C,2026-02-09,USAGE,Usage,63.33,AMBER
DS_POSITION_REPORT_VW,Position Report Public View,P&C,2026-02-09,FEEDBACK,User Feedback,84.17,GREEN
DS_POSITION_REPORT_VW,Position Report Public View,P&C,2026-02-10,OWNERSHIP,Data Ownership,60.0,AMBER
DS_POSITION_REPORT_VW,Position Report Public View,P&C,2026-02-10,SOURCE,Data Source,100.0,GREEN
DS_POSITION_REPORT_VW,Position Report Public View,P&C,2026-02-10,ISSUES,Active Issues,100.0,GREEN
DS_POSITION_REPORT_VW,Position Report Public View,P&C,2026-02-10,TIMELINESS,Timeliness,97.2,GREEN
DS_POSITION_REPORT_VW,Position Report Public View,P&C,2026-02-10,COMPLETENESS_KEY_PROPS,Completeness of Key Properties,98.05,GREEN
DS_POSITION_REPORT_VW,Position Report Public View,P&C,2026-02-10,PROFILING,Data Profiling,79.17,AMBER
DS_POSITION_REPORT_VW,Position Report Public View,P&C,2026-02-10,DEFINITIONS,Data Definitions,54.72,RED
DS_POSITION_REPORT_VW,Position Report Public View,P&C,2026-02-10,KEY_PROPERTIES,Key Properties,100.0,GREEN
DS_POSITION_REPORT_VW,Position Report Public View,P&C,2026-02-10,USAGE,Usage,55.0,RED
DS_POSITION_REPORT_VW,Position Report Public View,P&C,2026-02-10,FEEDBACK,User Feedback,79.26,AMBER
DS_POSITION_REPORT_VW,Position Report Public View,P&C,2026-02-11,OWNERSHIP,Data Ownership,60.0,AMBER
DS_POSITION_REPORT_VW,Position Report Public View,P&C,2026-02-11,SOURCE,Data Source,100.0,GREEN
DS_POSITION_REPORT_VW,Position Report Public View,P&C,2026-02-11,ISSUES,Active Issues,99.0,GREEN
DS_POSITION_REPORT_VW,Position Report Public View,P&C,2026-02-11,TIMELINESS,Timeliness,100.0,GREEN
DS_POSITION_REPORT_VW,Position Report Public View,P&C,2026-02-11,COMPLETENESS_KEY_PROPS,Completeness of Key Properties,98.52,GREEN
DS_POSITION_REPORT_VW,Position Report Public View,P&C,2026-02-11,PROFILING,Data Profiling,87.5,GREEN
DS_POSITION_REPORT_VW,Position Report Public View,P&C,2026-02-11,DEFINITIONS,Data Definitions,53.53,RED
DS_POSITION_REPORT_VW,Position Report Public View,P&C,2026-02-11,KEY_PROPERTIES,Key Properties,100.0,GREEN
DS_POSITION_REPORT_VW,Position Report Public View,P&C,2026-02-11,USAGE,Usage,46.67,RED
DS_POSITION_REPORT_VW,Position Report Public View,P&C,2026-02-11,FEEDBACK,User Feedback,86.04,GREEN
DS_POSITION_REPORT_VW,Position Report Public View,P&C,2026-02-12,OWNERSHIP,Data Ownership,60.0,AMBER
DS_POSITION_REPORT_VW,Position Report Public View,P&C,2026-02-12,SOURCE,Data Source,100.0,GREEN
DS_POSITION_REPORT_VW,Position Report Public View,P&C,2026-02-12,ISSUES,Active Issues,90.0,GREEN
DS_POSITION_REPORT_VW,Position Report Public View,P&C,2026-02-12,TIMELINESS,Timeliness,100.0,GREEN
DS_POSITION_REPORT_VW,Position Report Public View,P&C,2026-02-12,COMPLETENESS_KEY_PROPS,Completeness of Key Properties,97.04,GREEN
DS_POSITION_REPORT_VW,Position Report Public View,P&C,2026-02-12,PROFILING,Data Profiling,91.67,GREEN
DS_POSITION_REPORT_VW,Position Report Public View,P&C,2026-02-12,DEFINITIONS,Data Definitions,53.74,RED
DS_POSITION_REPORT_VW,Position Report Public View,P&C,2026-02-12,KEY_PROPERTIES,Key Properties,100.0,GREEN
DS_POSITION_REPORT_VW,Position Report Public View,P&C,2026-02-12,USAGE,Usage,41.67,RED
DS_POSITION_REPORT_VW,Position Report Public View,P&C,2026-02-12,FEEDBACK,User Feedback,85.25,GREEN
DS_POSITION_REPORT_VW,Position Report Public View,P&C,2026-02-13,OWNERSHIP,Data Ownership,60.0,AMBER
DS_POSITION_REPORT_VW,Position Report Public View,P&C,2026-02-13,SOURCE,Data Source,100.0,GREEN
DS_POSITION_REPORT_VW,Position Report Public View,P&C,2026-02-13,ISSUES,Active Issues,100.0,GREEN
DS_POSITION_REPORT_VW,Position Report Public View,P&C,2026-02-13,TIMELINESS,Timeliness,95.87,GREEN
DS_POSITION_REPORT_VW,Position Report Public View,P&C,2026-02-13,COMPLETENESS_KEY_PROPS,Completeness of Key Properties,99.17,GREEN
DS_POSITION_REPORT_VW,Position Report Public View,P&C,2026-02-13,PROFILING,Data Profiling,83.33,GREEN
DS_POSITION_REPORT_VW,Position Report Public View,P&C,2026-02-13,DEFINITIONS,Data Definitions,56.04,RED
DS_POSITION_REPORT_VW,Position Report Public View,P&C,2026-02-13,KEY_PROPERTIES,Key Properties,100.0,GREEN
DS_POSITION_REPORT_VW,Position Report Public View,P&C,2026-02-13,USAGE,Usage,46.67,RED
DS_POSITION_REPORT_VW,Position Report Public View,P&C,2026-02-13,FEEDBACK,User Feedback,92.22,GREEN
DS_POSITION_REPORT_VW,Position Report Public View,P&C,2026-02-14,OWNERSHIP,Data Ownership,60.0,AMBER
DS_POSITION_REPORT_VW,Position Report Public View,P&C,2026-02-14,SOURCE,Data Source,100.0,GREEN
DS_POSITION_REPORT_VW,Position Report Public View,P&C,2026-02-14,ISSUES,Active Issues,93.0,GREEN
DS_POSITION_REPORT_VW,Position Report Public View,P&C,2026-02-14,TIMELINESS,Timeliness,93.83,GREEN
DS_POSITION_REPORT_VW,Position Report Public View,P&C,2026-02-14,COMPLETENESS_KEY_PROPS,Completeness of Key Properties,96.18,GREEN
DS_POSITION_REPORT_VW,Position Report Public View,P&C,2026-02-14,PROFILING,Data Profiling,91.67,GREEN
DS_POSITION_REPORT_VW,Position Report Public View,P&C,2026-02-14,DEFINITIONS,Data Definitions,58.57,RED
DS_POSITION_REPORT_VW,Position Report Public View,P&C,2026-02-14,KEY_PROPERTIES,Key Properties,100.0,GREEN
DS_POSITION_REPORT_VW,Position Report Public View,P&C,2026-02-14,USAGE,Usage,83.33,GREEN
DS_POSITION_REPORT_VW,Position Report Public View,P&C,2026-02-14,FEEDBACK,User Feedback,80.27,GREEN
DS_POSITION_REPORT_VW,Position Report Public View,P&C,2026-02-15,OWNERSHIP,Data Ownership,60.0,AMBER
DS_POSITION_REPORT_VW,Position Report Public View,P&C,2026-02-15,SOURCE,Data Source,100.0,GREEN
DS_POSITION_REPORT_VW,Position Report Public View,P&C,2026-02-15,ISSUES,Active Issues,99.0,GREEN
DS_POSITION_REPORT_VW,Position Report Public View,P&C,2026-02-15,TIMELINESS,Timeliness,93.66,GREEN
DS_POSITION_REPORT_VW,Position Report Public View,P&C,2026-02-15,COMPLETENESS_KEY_PROPS,Completeness of Key Properties,97.13,GREEN
DS_POSITION_REPORT_VW,Position Report Public View,P&C,2026-02-15,PROFILING,Data Profiling,87.5,GREEN
DS_POSITION_REPORT_VW,Position Report Public View,P&C,2026-02-15,DEFINITIONS,Data Definitions,57.69,RED
DS_POSITION_REPORT_VW,Position Report Public View,P&C,2026-02-15,KEY_PROPERTIES,Key Properties,100.0,GREEN
DS_POSITION_REPORT_VW,Position Report Public View,P&C,2026-02-15,USAGE,Usage,58.33,RED
DS_POSITION_REPORT_VW,Position Report Public View,P&C,2026-02-15,FEEDBACK,User Feedback,88.05,GREEN
DS_POSITION_REPORT_VW,Position Report Public View,P&C,2026-02-16,OWNERSHIP,Data Ownership,60.0,AMBER
DS_POSITION_REPORT_VW,Position Report Public View,P&C,2026-02-16,SOURCE,Data Source,100.0,GREEN
DS_POSITION_REPORT_VW,Position Report Public View,P&C,2026-02-16,ISSUES,Active Issues,98.0,GREEN
DS_POSITION_REPORT_VW,Position Report Public View,P&C,2026-02-16,TIMELINESS,Timeliness,100.0,GREEN
DS_POSITION_REPORT_VW,Position Report Public View,P&C,2026-02-16,COMPLETENESS_KEY_PROPS,Completeness of Key Properties,98.25,GREEN
DS_POSITION_REPORT_VW,Position Report Public View,P&C,2026-02-16,PROFILING,Data Profiling,87.5,GREEN
DS_POSITION_REPORT_VW,Position Report Public View,P&C,2026-02-16,DEFINITIONS,Data Definitions,53.66,RED
DS_POSITION_REPORT_VW,Position Report Public View,P&C,2026-02-16,KEY_PROPERTIES,Key Properties,100.0,GREEN
DS_POSITION_REPORT_VW,Position Report Public View,P&C,2026-02-16,USAGE,Usage,58.33,RED
DS_POSITION_REPORT_VW,Position Report Public View,P&C,2026-02-16,FEEDBACK,User Feedback,91.77,GREEN
DS_POSITION_REPORT_VW,Position Report Public View,P&C,2026-02-17,OWNERSHIP,Data Ownership,60.0,AMBER
DS_POSITION_REPORT_VW,Position Report Public View,P&C,2026-02-17,SOURCE,Data Source,100.0,GREEN
DS_POSITION_REPORT_VW,Position Report Public View,P&C,2026-02-17,ISSUES,Active Issues,97.0,GREEN
DS_POSITION_REPORT_VW,Position Report Public View,P&C,2026-02-17,TIMELINESS,Timeliness,95.53,GREEN
DS_POSITION_REPORT_VW,Position Report Public View,P&C,2026-02-17,COMPLETENESS_KEY_PROPS,Completeness of Key Properties,97.51,GREEN
DS_POSITION_REPORT_VW,Position Report Public View,P&C,2026-02-17,PROFILING,Data Profiling,87.5,GREEN
DS_POSITION_REPORT_VW,Position Report Public View,P&C,2026-02-17,DEFINITIONS,Data Definitions,54.84,RED
DS_POSITION_REPORT_VW,Position Report Public View,P&C,2026-02-17,KEY_PROPERTIES,Key Properties,100.0,GREEN
DS_POSITION_REPORT_VW,Position Report Public View,P&C,2026-02-17,USAGE,Usage,45.0,RED
DS_POSITION_REPORT_VW,Position Report Public View,P&C,2026-02-17,FEEDBACK,User Feedback,86.46,GREEN
DS_POSITION_REPORT_VW,Position Report Public View,P&C,2026-02-18,OWNERSHIP,Data Ownership,60.0,AMBER
DS_POSITION_REPORT_VW,Position Report Public View,P&C,2026-02-18,SOURCE,Data Source,100.0,GREEN
DS_POSITION_REPORT_VW,Position Report Public View,P&C,2026-02-18,ISSUES,Active Issues,99.0,GREEN
DS_POSITION_REPORT_VW,Position Report Public View,P&C,2026-02-18,TIMELINESS,Timeliness,98.78,GREEN
DS_POSITION_REPORT_VW,Position Report Public View,P&C,2026-02-18,COMPLETENESS_KEY_PROPS,Completeness of Key Properties,95.85,GREEN
DS_POSITION_REPORT_VW,Position Report Public View,P&C,2026-02-18,PROFILING,Data Profiling,75.0,AMBER
DS_POSITION_REPORT_VW,Position Report Public View,P&C,2026-02-18,DEFINITIONS,Data Definitions,56.0,RED
DS_POSITION_REPORT_VW,Position Report Public View,P&C,2026-02-18,KEY_PROPERTIES,Key Properties,100.0,GREEN
DS_POSITION_REPORT_VW,Position Report Public View,P&C,2026-02-18,USAGE,Usage,50.0,RED
DS_POSITION_REPORT_VW,Position Report Public View,P&C,2026-02-18,FEEDBACK,User Feedback,85.45,GREEN
DS_POSITION_REPORT_VW,Position Report Public View,P&C,2026-02-19,OWNERSHIP,Data Ownership,60.0,AMBER
DS_POSITION_REPORT_VW,Position Report Public View,P&C,2026-02-19,SOURCE,Data Source,100.0,GREEN
DS_POSITION_REPORT_VW,Position Report Public View,P&C,2026-02-19,ISSUES,Active Issues,99.0,GREEN
DS_POSITION_REPORT_VW,Position Report Public View,P&C,2026-02-19,TIMELINESS,Timeliness,99.47,GREEN
DS_POSITION_REPORT_VW,Position Report Public View,P&C,2026-02-19,COMPLETENESS_KEY_PROPS,Completeness of Key Properties,97.22,GREEN
DS_POSITION_REPORT_VW,Position Report Public View,P&C,2026-02-19,PROFILING,Data Profiling,87.5,GREEN
DS_POSITION_REPORT_VW,Position Report Public View,P&C,2026-02-19,DEFINITIONS,Data Definitions,55.36,RED
DS_POSITION_REPORT_VW,Position Report Public View,P&C,2026-02-19,KEY_PROPERTIES,Key Properties,100.0,GREEN
DS_POSITION_REPORT_VW,Position Report Public View,P&C,2026-02-19,USAGE,Usage,50.0,RED
DS_POSITION_REPORT_VW,Position Report Public View,P&C,2026-02-19,FEEDBACK,User Feedback,70.4,AMBER
DS_POSITION_REPORT_VW,Position Report Public View,P&C,2026-02-20,OWNERSHIP,Data Ownership,60.0,AMBER
DS_POSITION_REPORT_VW,Position Report Public View,P&C,2026-02-20,SOURCE,Data Source,100.0,GREEN
DS_POSITION_REPORT_VW,Position Report Public View,P&C,2026-02-20,ISSUES,Active Issues,98.0,GREEN
DS_POSITION_REPORT_VW,Position Report Public View,P&C,2026-02-20,TIMELINESS,Timeliness,100.0,GREEN
DS_POSITION_REPORT_VW,Position Report Public View,P&C,2026-02-20,COMPLETENESS_KEY_PROPS,Completeness of Key Properties,96.86,GREEN
DS_POSITION_REPORT_VW,Position Report Public View,P&C,2026-02-20,PROFILING,Data Profiling,100.0,GREEN
DS_POSITION_REPORT_VW,Position Report Public View,P&C,2026-02-20,DEFINITIONS,Data Definitions,52.83,RED
DS_POSITION_REPORT_VW,Position Report Public View,P&C,2026-02-20,KEY_PROPERTIES,Key Properties,100.0,GREEN
DS_POSITION_REPORT_VW,Position Report Public View,P&C,2026-02-20,USAGE,Usage,56.67,RED
DS_POSITION_REPORT_VW,Position Report Public View,P&C,2026-02-20,FEEDBACK,User Feedback,74.33,AMBER
DS_POSITION_REPORT_VW,Position Report Public View,P&C,2026-02-21,OWNERSHIP,Data Ownership,60.0,AMBER
DS_POSITION_REPORT_VW,Position Report Public View,P&C,2026-02-21,SOURCE,Data Source,100.0,GREEN
DS_POSITION_REPORT_VW,Position Report Public View,P&C,2026-02-21,ISSUES,Active Issues,90.0,GREEN
DS_POSITION_REPORT_VW,Position Report Public View,P&C,2026-02-21,TIMELINESS,Timeliness,95.81,GREEN
DS_POSITION_REPORT_VW,Position Report Public View,P&C,2026-02-21,COMPLETENESS_KEY_PROPS,Completeness of Key Properties,93.92,GREEN
DS_POSITION_REPORT_VW,Position Report Public View,P&C,2026-02-21,PROFILING,Data Profiling,87.5,GREEN
DS_POSITION_REPORT_VW,Position Report Public View,P&C,2026-02-21,DEFINITIONS,Data Definitions,57.69,RED
DS_POSITION_REPORT_VW,Position Report Public View,P&C,2026-02-21,KEY_PROPERTIES,Key Properties,100.0,GREEN
DS_POSITION_REPORT_VW,Position Report Public View,P&C,2026-02-21,USAGE,Usage,65.0,AMBER
DS_POSITION_REPORT_VW,Position Report Public View,P&C,2026-02-21,FEEDBACK,User Feedback,83.28,GREEN
DS_POSITION_REPORT_VW,Position Report Public View,P&C,2026-02-22,OWNERSHIP,Data Ownership,60.0,AMBER
DS_POSITION_REPORT_VW,Position Report Public View,P&C,2026-02-22,SOURCE,Data Source,100.0,GREEN
DS_POSITION_REPORT_VW,Position Report Public View,P&C,2026-02-22,ISSUES,Active Issues,100.0,GREEN
DS_POSITION_REPORT_VW,Position Report Public View,P&C,2026-02-22,TIMELINESS,Timeliness,100.0,GREEN
DS_POSITION_REPORT_VW,Position Report Public View,P&C,2026-02-22,COMPLETENESS_KEY_PROPS,Completeness of Key Properties,96.32,GREEN
DS_POSITION_REPORT_VW,Position Report Public View,P&C,2026-02-22,PROFILING,Data Profiling,91.67,GREEN
DS_POSITION_REPORT_VW,Position Report Public View,P&C,2026-02-22,DEFINITIONS,Data Definitions,54.35,RED
DS_POSITION_REPORT_VW,Position Report Public View,P&C,2026-02-22,KEY_PROPERTIES,Key Properties,100.0,GREEN
DS_POSITION_REPORT_VW,Position Report Public View,P&C,2026-02-22,USAGE,Usage,53.33,RED
DS_POSITION_REPORT_VW,Position Report Public View,P&C,2026-02-22,FEEDBACK,User Feedback,88.46,GREEN
DS_POSITION_REPORT_VW,Position Report Public View,P&C,2026-02-23,OWNERSHIP,Data Ownership,60.0,AMBER
DS_POSITION_REPORT_VW,Position Report Public View,P&C,2026-02-23,SOURCE,Data Source,100.0,GREEN
DS_POSITION_REPORT_VW,Position Report Public View,P&C,2026-02-23,ISSUES,Active Issues,100.0,GREEN
DS_POSITION_REPORT_VW,Position Report Public View,P&C,2026-02-23,TIMELINESS,Timeliness,98.3,GREEN
DS_POSITION_REPORT_VW,Position Report Public View,P&C,2026-02-23,COMPLETENESS_KEY_PROPS,Completeness of Key Properties,97.35,GREEN
DS_POSITION_REPORT_VW,Position Report Public View,P&C,2026-02-23,PROFILING,Data Profiling,91.67,GREEN
DS_POSITION_REPORT_VW,Position Report Public View,P&C,2026-02-23,DEFINITIONS,Data Definitions,52.48,RED
DS_POSITION_REPORT_VW,Position Report Public View,P&C,2026-02-23,KEY_PROPERTIES,Key Properties,100.0,GREEN
DS_POSITION_REPORT_VW,Position Report Public View,P&C,2026-02-23,USAGE,Usage,68.33,AMBER
DS_POSITION_REPORT_VW,Position Report Public View,P&C,2026-02-23,FEEDBACK,User Feedback,84.93,GREEN
DS_POSITION_REPORT_VW,Position Report Public View,P&C,2026-02-24,OWNERSHIP,Data Ownership,60.0,AMBER
DS_POSITION_REPORT_VW,Position Report Public View,P&C,2026-02-24,SOURCE,Data Source,100.0,GREEN
DS_POSITION_REPORT_VW,Position Report Public View,P&C,2026-02-24,ISSUES,Active Issues,97.0,GREEN
DS_POSITION_REPORT_VW,Position Report Public View,P&C,2026-02-24,TIMELINESS,Timeliness,99.36,GREEN
DS_POSITION_REPORT_VW,Position Report Public View,P&C,2026-02-24,COMPLETENESS_KEY_PROPS,Completeness of Key Properties,95.59,GREEN
DS_POSITION_REPORT_VW,Position Report Public View,P&C,2026-02-24,PROFILING,Data Profiling,87.5,GREEN
DS_POSITION_REPORT_VW,Position Report Public View,P&C,2026-02-24,DEFINITIONS,Data Definitions,56.08,RED
DS_POSITION_REPORT_VW,Position Report Public View,P&C,2026-02-24,KEY_PROPERTIES,Key Properties,100.0,GREEN
DS_POSITION_REPORT_VW,Position Report Public View,P&C,2026-02-24,USAGE,Usage,58.33,RED
DS_POSITION_REPORT_VW,Position Report Public View,P&C,2026-02-24,FEEDBACK,User Feedback,86.09,GREEN
DS_POSITION_REPORT_VW,Position Report Public View,P&C,2026-02-25,OWNERSHIP,Data Ownership,60.0,AMBER
DS_POSITION_REPORT_VW,Position Report Public View,P&C,2026-02-25,SOURCE,Data Source,100.0,GREEN
DS_POSITION_REPORT_VW,Position Report Public View,P&C,2026-02-25,ISSUES,Active Issues,99.0,GREEN
DS_POSITION_REPORT_VW,Position Report Public View,P&C,2026-02-25,TIMELINESS,Timeliness,93.07,GREEN
DS_POSITION_REPORT_VW,Position Report Public View,P&C,2026-02-25,COMPLETENESS_KEY_PROPS,Completeness of Key Properties,97.05,GREEN
DS_POSITION_REPORT_VW,Position Report Public View,P&C,2026-02-25,PROFILING,Data Profiling,79.17,AMBER
DS_POSITION_REPORT_VW,Position Report Public View,P&C,2026-02-25,DEFINITIONS,Data Definitions,53.62,RED
DS_POSITION_REPORT_VW,Position Report Public View,P&C,2026-02-25,KEY_PROPERTIES,Key Properties,100.0,GREEN
DS_POSITION_REPORT_VW,Position Report Public View,P&C,2026-02-25,USAGE,Usage,68.33,AMBER
DS_POSITION_REPORT_VW,Position Report Public View,P&C,2026-02-25,FEEDBACK,User Feedback,69.57,AMBER
DS_POSITION_REPORT_VW,Position Report Public View,P&C,2026-02-26,OWNERSHIP,Data Ownership,60.0,AMBER
DS_POSITION_REPORT_VW,Position Report Public View,P&C,2026-02-26,SOURCE,Data Source,100.0,GREEN
DS_POSITION_REPORT_VW,Position Report Public View,P&C,2026-02-26,ISSUES,Active Issues,99.0,GREEN
DS_POSITION_REPORT_VW,Position Report Public View,P&C,2026-02-26,TIMELINESS,Timeliness,99.05,GREEN
DS_POSITION_REPORT_VW,Position Report Public View,P&C,2026-02-26,COMPLETENESS_KEY_PROPS,Completeness of Key Properties,97.79,GREEN
DS_POSITION_REPORT_VW,Position Report Public View,P&C,2026-02-26,PROFILING,Data Profiling,79.17,AMBER
DS_POSITION_REPORT_VW,Position Report Public View,P&C,2026-02-26,DEFINITIONS,Data Definitions,51.76,RED
DS_POSITION_REPORT_VW,Position Report Public View,P&C,2026-02-26,KEY_PROPERTIES,Key Properties,100.0,GREEN
DS_POSITION_REPORT_VW,Position Report Public View,P&C,2026-02-26,USAGE,Usage,66.67,AMBER
DS_POSITION_REPORT_VW,Position Report Public View,P&C,2026-02-26,FEEDBACK,User Feedback,96.17,GREEN
DS_POSITION_REPORT_VW,Position Report Public View,P&C,2026-02-27,OWNERSHIP,Data Ownership,60.0,AMBER
DS_POSITION_REPORT_VW,Position Report Public View,P&C,2026-02-27,SOURCE,Data Source,100.0,GREEN
DS_POSITION_REPORT_VW,Position Report Public View,P&C,2026-02-27,ISSUES,Active Issues,97.0,GREEN
DS_POSITION_REPORT_VW,Position Report Public View,P&C,2026-02-27,TIMELINESS,Timeliness,100.0,GREEN
DS_POSITION_REPORT_VW,Position Report Public View,P&C,2026-02-27,COMPLETENESS_KEY_PROPS,Completeness of Key Properties,96.2,GREEN
DS_POSITION_REPORT_VW,Position Report Public View,P&C,2026-02-27,PROFILING,Data Profiling,79.17,AMBER
DS_POSITION_REPORT_VW,Position Report Public View,P&C,2026-02-27,DEFINITIONS,Data Definitions,57.26,RED
DS_POSITION_REPORT_VW,Position Report Public View,P&C,2026-02-27,KEY_PROPERTIES,Key Properties,100.0,GREEN
DS_POSITION_REPORT_VW,Position Report Public View,P&C,2026-02-27,USAGE,Usage,56.67,RED
DS_POSITION_REPORT_VW,Position Report Public View,P&C,2026-02-27,FEEDBACK,User Feedback,89.47,GREEN
DS_POSITION_REPORT_VW,Position Report Public View,P&C,2026-02-28,OWNERSHIP,Data Ownership,60.0,AMBER
DS_POSITION_REPORT_VW,Position Report Public View,P&C,2026-02-28,SOURCE,Data Source,100.0,GREEN
DS_POSITION_REPORT_VW,Position Report Public View,P&C,2026-02-28,ISSUES,Active Issues,97.0,GREEN
DS_POSITION_REPORT_VW,Position Report Public View,P&C,2026-02-28,TIMELINESS,Timeliness,100.0,GREEN
DS_POSITION_REPORT_VW,Position Report Public View,P&C,2026-02-28,COMPLETENESS_KEY_PROPS,Completeness of Key Properties,99.44,GREEN
DS_POSITION_REPORT_VW,Position Report Public View,P&C,2026-02-28,PROFILING,Data Profiling,91.67,GREEN
DS_POSITION_REPORT_VW,Position Report Public View,P&C,2026-02-28,DEFINITIONS,Data Definitions,50.0,RED
DS_POSITION_REPORT_VW,Position Report Public View,P&C,2026-02-28,KEY_PROPERTIES,Key Properties,100.0,GREEN
DS_POSITION_REPORT_VW,Position Report Public View,P&C,2026-02-28,USAGE,Usage,40.0,RED
DS_POSITION_REPORT_VW,Position Report Public View,P&C,2026-02-28,FEEDBACK,User Feedback,81.37,GREEN
DS_POSITION_REPORT_VW,Position Report Public View,P&C,2026-03-01,OWNERSHIP,Data Ownership,60.0,AMBER
DS_POSITION_REPORT_VW,Position Report Public View,P&C,2026-03-01,SOURCE,Data Source,100.0,GREEN
DS_POSITION_REPORT_VW,Position Report Public View,P&C,2026-03-01,ISSUES,Active Issues,96.0,GREEN
DS_POSITION_REPORT_VW,Position Report Public View,P&C,2026-03-01,TIMELINESS,Timeliness,100.0,GREEN
DS_POSITION_REPORT_VW,Position Report Public View,P&C,2026-03-01,COMPLETENESS_KEY_PROPS,Completeness of Key Properties,98.95,GREEN
DS_POSITION_REPORT_VW,Position Report Public View,P&C,2026-03-01,PROFILING,Data Profiling,95.83,GREEN
DS_POSITION_REPORT_VW,Position Report Public View,P&C,2026-03-01,DEFINITIONS,Data Definitions,57.58,RED
DS_POSITION_REPORT_VW,Position Report Public View,P&C,2026-03-01,KEY_PROPERTIES,Key Properties,100.0,GREEN
DS_POSITION_REPORT_VW,Position Report Public View,P&C,2026-03-01,USAGE,Usage,55.0,RED
DS_POSITION_REPORT_VW,Position Report Public View,P&C,2026-03-01,FEEDBACK,User Feedback,91.17,GREEN
DS_POSITION_REPORT_VW,Position Report Public View,P&C,2026-03-02,OWNERSHIP,Data Ownership,60.0,AMBER
DS_POSITION_REPORT_VW,Position Report Public View,P&C,2026-03-02,SOURCE,Data Source,100.0,GREEN
DS_POSITION_REPORT_VW,Position Report Public View,P&C,2026-03-02,ISSUES,Active Issues,99.0,GREEN
DS_POSITION_REPORT_VW,Position Report Public View,P&C,2026-03-02,TIMELINESS,Timeliness,100.0,GREEN
DS_POSITION_REPORT_VW,Position Report Public View,P&C,2026-03-02,COMPLETENESS_KEY_PROPS,Completeness of Key Properties,98.68,GREEN
DS_POSITION_REPORT_VW,Position Report Public View,P&C,2026-03-02,PROFILING,Data Profiling,87.5,GREEN
DS_POSITION_REPORT_VW,Position Report Public View,P&C,2026-03-02,DEFINITIONS,Data Definitions,55.38,RED
DS_POSITION_REPORT_VW,Position Report Public View,P&C,2026-03-02,KEY_PROPERTIES,Key Properties,100.0,GREEN
DS_POSITION_REPORT_VW,Position Report Public View,P&C,2026-03-02,USAGE,Usage,46.67,RED
DS_POSITION_REPORT_VW,Position Report Public View,P&C,2026-03-02,FEEDBACK,User Feedback,84.1,GREEN
DS_POSITION_REPORT_VW,Position Report Public View,P&C,2026-03-03,OWNERSHIP,Data Ownership,60.0,AMBER
DS_POSITION_REPORT_VW,Position Report Public View,P&C,2026-03-03,SOURCE,Data Source,100.0,GREEN
DS_POSITION_REPORT_VW,Position Report Public View,P&C,2026-03-03,ISSUES,Active Issues,100.0,GREEN
DS_POSITION_REPORT_VW,Position Report Public View,P&C,2026-03-03,TIMELINESS,Timeliness,96.42,GREEN
DS_POSITION_REPORT_VW,Position Report Public View,P&C,2026-03-03,COMPLETENESS_KEY_PROPS,Completeness of Key Properties,98.09,GREEN
DS_POSITION_REPORT_VW,Position Report Public View,P&C,2026-03-03,PROFILING,Data Profiling,95.83,GREEN
DS_POSITION_REPORT_VW,Position Report Public View,P&C,2026-03-03,DEFINITIONS,Data Definitions,55.68,RED
DS_POSITION_REPORT_VW,Position Report Public View,P&C,2026-03-03,KEY_PROPERTIES,Key Properties,100.0,GREEN
DS_POSITION_REPORT_VW,Position Report Public View,P&C,2026-03-03,USAGE,Usage,40.0,RED
DS_POSITION_REPORT_VW,Position Report Public View,P&C,2026-03-03,FEEDBACK,User Feedback,95.15,GREEN
DS_POSITION_REPORT_VW,Position Report Public View,P&C,2026-03-04,OWNERSHIP,Data Ownership,60.0,AMBER
DS_POSITION_REPORT_VW,Position Report Public View,P&C,2026-03-04,SOURCE,Data Source,100.0,GREEN
DS_POSITION_REPORT_VW,Position Report Public View,P&C,2026-03-04,ISSUES,Active Issues,97.0,GREEN
DS_POSITION_REPORT_VW,Position Report Public View,P&C,2026-03-04,TIMELINESS,Timeliness,99.38,GREEN
DS_POSITION_REPORT_VW,Position Report Public View,P&C,2026-03-04,COMPLETENESS_KEY_PROPS,Completeness of Key Properties,96.1,GREEN
DS_POSITION_REPORT_VW,Position Report Public View,P&C,2026-03-04,PROFILING,Data Profiling,91.67,GREEN
DS_POSITION_REPORT_VW,Position Report Public View,P&C,2026-03-04,DEFINITIONS,Data Definitions,55.05,RED
DS_POSITION_REPORT_VW,Position Report Public View,P&C,2026-03-04,KEY_PROPERTIES,Key Properties,100.0,GREEN
DS_POSITION_REPORT_VW,Position Report Public View,P&C,2026-03-04,USAGE,Usage,61.67,AMBER
DS_POSITION_REPORT_VW,Position Report Public View,P&C,2026-03-04,FEEDBACK,User Feedback,92.44,GREEN
DS_POSITION_REPORT_VW,Position Report Public View,P&C,2026-03-05,OWNERSHIP,Data Ownership,60.0,AMBER
DS_POSITION_REPORT_VW,Position Report Public View,P&C,2026-03-05,SOURCE,Data Source,100.0,GREEN
DS_POSITION_REPORT_VW,Position Report Public View,P&C,2026-03-05,ISSUES,Active Issues,99.0,GREEN
DS_POSITION_REPORT_VW,Position Report Public View,P&C,2026-03-05,TIMELINESS,Timeliness,96.67,GREEN
DS_POSITION_REPORT_VW,Position Report Public View,P&C,2026-03-05,COMPLETENESS_KEY_PROPS,Completeness of Key Properties,96.25,GREEN
DS_POSITION_REPORT_VW,Position Report Public View,P&C,2026-03-05,PROFILING,Data Profiling,83.33,GREEN
DS_POSITION_REPORT_VW,Position Report Public View,P&C,2026-03-05,DEFINITIONS,Data Definitions,59.3,RED
DS_POSITION_REPORT_VW,Position Report Public View,P&C,2026-03-05,KEY_PROPERTIES,Key Properties,100.0,GREEN
DS_POSITION_REPORT_VW,Position Report Public View,P&C,2026-03-05,USAGE,Usage,40.0,RED
DS_POSITION_REPORT_VW,Position Report Public View,P&C,2026-03-05,FEEDBACK,User Feedback,78.63,AMBER
DS_POSITION_REPORT_VW,Position Report Public View,P&C,2026-03-06,OWNERSHIP,Data Ownership,60.0,AMBER
DS_POSITION_REPORT_VW,Position Report Public View,P&C,2026-03-06,SOURCE,Data Source,100.0,GREEN
DS_POSITION_REPORT_VW,Position Report Public View,P&C,2026-03-06,ISSUES,Active Issues,97.0,GREEN
DS_POSITION_REPORT_VW,Position Report Public View,P&C,2026-03-06,TIMELINESS,Timeliness,93.3,GREEN
DS_POSITION_REPORT_VW,Position Report Public View,P&C,2026-03-06,COMPLETENESS_KEY_PROPS,Completeness of Key Properties,96.21,GREEN
DS_POSITION_REPORT_VW,Position Report Public View,P&C,2026-03-06,PROFILING,Data Profiling,79.17,AMBER
DS_POSITION_REPORT_VW,Position Report Public View,P&C,2026-03-06,DEFINITIONS,Data Definitions,56.57,RED
DS_POSITION_REPORT_VW,Position Report Public View,P&C,2026-03-06,KEY_PROPERTIES,Key Properties,100.0,GREEN
DS_POSITION_REPORT_VW,Position Report Public View,P&C,2026-03-06,USAGE,Usage,61.67,AMBER
DS_POSITION_REPORT_VW,Position Report Public View,P&C,2026-03-06,FEEDBACK,User Feedback,70.24,AMBER
DS_POSITION_REPORT_VW,Position Report Public View,P&C,2026-03-07,OWNERSHIP,Data Ownership,60.0,AMBER
DS_POSITION_REPORT_VW,Position Report Public View,P&C,2026-03-07,SOURCE,Data Source,100.0,GREEN
DS_POSITION_REPORT_VW,Position Report Public View,P&C,2026-03-07,ISSUES,Active Issues,97.0,GREEN
DS_POSITION_REPORT_VW,Position Report Public View,P&C,2026-03-07,TIMELINESS,Timeliness,95.9,GREEN
DS_POSITION_REPORT_VW,Position Report Public View,P&C,2026-03-07,COMPLETENESS_KEY_PROPS,Completeness of Key Properties,97.15,GREEN
DS_POSITION_REPORT_VW,Position Report Public View,P&C,2026-03-07,PROFILING,Data Profiling,87.5,GREEN
DS_POSITION_REPORT_VW,Position Report Public View,P&C,2026-03-07,DEFINITIONS,Data Definitions,54.55,RED
DS_POSITION_REPORT_VW,Position Report Public View,P&C,2026-03-07,KEY_PROPERTIES,Key Properties,100.0,GREEN
DS_POSITION_REPORT_VW,Position Report Public View,P&C,2026-03-07,USAGE,Usage,53.33,RED
DS_POSITION_REPORT_VW,Position Report Public View,P&C,2026-03-07,FEEDBACK,User Feedback,90.77,GREEN
DS_POSITION_REPORT_VW,Position Report Public View,P&C,2026-03-08,OWNERSHIP,Data Ownership,60.0,AMBER
DS_POSITION_REPORT_VW,Position Report Public View,P&C,2026-03-08,SOURCE,Data Source,100.0,GREEN
DS_POSITION_REPORT_VW,Position Report Public View,P&C,2026-03-08,ISSUES,Active Issues,99.0,GREEN
DS_POSITION_REPORT_VW,Position Report Public View,P&C,2026-03-08,TIMELINESS,Timeliness,92.24,GREEN
DS_POSITION_REPORT_VW,Position Report Public View,P&C,2026-03-08,COMPLETENESS_KEY_PROPS,Completeness of Key Properties,98.52,GREEN
DS_POSITION_REPORT_VW,Position Report Public View,P&C,2026-03-08,PROFILING,Data Profiling,79.17,AMBER
DS_POSITION_REPORT_VW,Position Report Public View,P&C,2026-03-08,DEFINITIONS,Data Definitions,56.45,RED
DS_POSITION_REPORT_VW,Position Report Public View,P&C,2026-03-08,KEY_PROPERTIES,Key Properties,100.0,GREEN
DS_POSITION_REPORT_VW,Position Report Public View,P&C,2026-03-08,USAGE,Usage,65.0,AMBER
DS_POSITION_REPORT_VW,Position Report Public View,P&C,2026-03-08,FEEDBACK,User Feedback,81.15,GREEN
DS_POSITION_REPORT_VW,Position Report Public View,P&C,2026-03-09,OWNERSHIP,Data Ownership,60.0,AMBER
DS_POSITION_REPORT_VW,Position Report Public View,P&C,2026-03-09,SOURCE,Data Source,100.0,GREEN
DS_POSITION_REPORT_VW,Position Report Public View,P&C,2026-03-09,ISSUES,Active Issues,100.0,GREEN
DS_POSITION_REPORT_VW,Position Report Public View,P&C,2026-03-09,TIMELINESS,Timeliness,99.66,GREEN
DS_POSITION_REPORT_VW,Position Report Public View,P&C,2026-03-09,COMPLETENESS_KEY_PROPS,Completeness of Key Properties,99.38,GREEN
DS_POSITION_REPORT_VW,Position Report Public View,P&C,2026-03-09,PROFILING,Data Profiling,83.33,GREEN
DS_POSITION_REPORT_VW,Position Report Public View,P&C,2026-03-09,DEFINITIONS,Data Definitions,52.38,RED
DS_POSITION_REPORT_VW,Position Report Public View,P&C,2026-03-09,KEY_PROPERTIES,Key Properties,100.0,GREEN
DS_POSITION_REPORT_VW,Position Report Public View,P&C,2026-03-09,USAGE,Usage,58.33,RED
DS_POSITION_REPORT_VW,Position Report Public View,P&C,2026-03-09,FEEDBACK,User Feedback,72.92,AMBER
DS_POSITION_REPORT_VW,Position Report Public View,P&C,2026-03-10,OWNERSHIP,Data Ownership,60.0,AMBER
DS_POSITION_REPORT_VW,Position Report Public View,P&C,2026-03-10,SOURCE,Data Source,100.0,GREEN
DS_POSITION_REPORT_VW,Position Report Public View,P&C,2026-03-10,ISSUES,Active Issues,98.0,GREEN
DS_POSITION_REPORT_VW,Position Report Public View,P&C,2026-03-10,TIMELINESS,Timeliness,100.0,GREEN
DS_POSITION_REPORT_VW,Position Report Public View,P&C,2026-03-10,COMPLETENESS_KEY_PROPS,Completeness of Key Properties,96.42,GREEN
DS_POSITION_REPORT_VW,Position Report Public View,P&C,2026-03-10,PROFILING,Data Profiling,75.0,AMBER
DS_POSITION_REPORT_VW,Position Report Public View,P&C,2026-03-10,DEFINITIONS,Data Definitions,55.3,RED
DS_POSITION_REPORT_VW,Position Report Public View,P&C,2026-03-10,KEY_PROPERTIES,Key Properties,100.0,GREEN
DS_POSITION_REPORT_VW,Position Report Public View,P&C,2026-03-10,USAGE,Usage,56.67,RED
DS_POSITION_REPORT_VW,Position Report Public View,P&C,2026-03-10,FEEDBACK,User Feedback,85.39,GREEN
DS_POSITION_REPORT_VW,Position Report Public View,P&C,2026-03-11,OWNERSHIP,Data Ownership,60.0,AMBER
DS_POSITION_REPORT_VW,Position Report Public View,P&C,2026-03-11,SOURCE,Data Source,100.0,GREEN
DS_POSITION_REPORT_VW,Position Report Public View,P&C,2026-03-11,ISSUES,Active Issues,100.0,GREEN
DS_POSITION_REPORT_VW,Position Report Public View,P&C,2026-03-11,TIMELINESS,Timeliness,96.09,GREEN
DS_POSITION_REPORT_VW,Position Report Public View,P&C,2026-03-11,COMPLETENESS_KEY_PROPS,Completeness of Key Properties,94.99,GREEN
DS_POSITION_REPORT_VW,Position Report Public View,P&C,2026-03-11,PROFILING,Data Profiling,79.17,AMBER
DS_POSITION_REPORT_VW,Position Report Public View,P&C,2026-03-11,DEFINITIONS,Data Definitions,54.92,RED
DS_POSITION_REPORT_VW,Position Report Public View,P&C,2026-03-11,KEY_PROPERTIES,Key Properties,100.0,GREEN
DS_POSITION_REPORT_VW,Position Report Public View,P&C,2026-03-11,USAGE,Usage,53.33,RED
DS_POSITION_REPORT_VW,Position Report Public View,P&C,2026-03-11,FEEDBACK,User Feedback,70.81,AMBER
DS_POSITION_REPORT_VW,Position Report Public View,P&C,2026-03-12,OWNERSHIP,Data Ownership,60.0,AMBER
DS_POSITION_REPORT_VW,Position Report Public View,P&C,2026-03-12,SOURCE,Data Source,100.0,GREEN
DS_POSITION_REPORT_VW,Position Report Public View,P&C,2026-03-12,ISSUES,Active Issues,99.0,GREEN
DS_POSITION_REPORT_VW,Position Report Public View,P&C,2026-03-12,TIMELINESS,Timeliness,100.0,GREEN
DS_POSITION_REPORT_VW,Position Report Public View,P&C,2026-03-12,COMPLETENESS_KEY_PROPS,Completeness of Key Properties,98.22,GREEN
DS_POSITION_REPORT_VW,Position Report Public View,P&C,2026-03-12,PROFILING,Data Profiling,91.67,GREEN
DS_POSITION_REPORT_VW,Position Report Public View,P&C,2026-03-12,DEFINITIONS,Data Definitions,55.91,RED
DS_POSITION_REPORT_VW,Position Report Public View,P&C,2026-03-12,KEY_PROPERTIES,Key Properties,100.0,GREEN
DS_POSITION_REPORT_VW,Position Report Public View,P&C,2026-03-12,USAGE,Usage,68.33,AMBER
DS_POSITION_REPORT_VW,Position Report Public View,P&C,2026-03-12,FEEDBACK,User Feedback,88.48,GREEN
DS_POSITION_REPORT_VW,Position Report Public View,P&C,2026-03-13,OWNERSHIP,Data Ownership,60.0,AMBER
DS_POSITION_REPORT_VW,Position Report Public View,P&C,2026-03-13,SOURCE,Data Source,100.0,GREEN
DS_POSITION_REPORT_VW,Position Report Public View,P&C,2026-03-13,ISSUES,Active Issues,90.0,GREEN
DS_POSITION_REPORT_VW,Position Report Public View,P&C,2026-03-13,TIMELINESS,Timeliness,94.84,GREEN
DS_POSITION_REPORT_VW,Position Report Public View,P&C,2026-03-13,COMPLETENESS_KEY_PROPS,Completeness of Key Properties,99.64,GREEN
DS_POSITION_REPORT_VW,Position Report Public View,P&C,2026-03-13,PROFILING,Data Profiling,87.5,GREEN
DS_POSITION_REPORT_VW,Position Report Public View,P&C,2026-03-13,DEFINITIONS,Data Definitions,53.28,RED
DS_POSITION_REPORT_VW,Position Report Public View,P&C,2026-03-13,KEY_PROPERTIES,Key Properties,100.0,GREEN
DS_POSITION_REPORT_VW,Position Report Public View,P&C,2026-03-13,USAGE,Usage,53.33,RED
DS_POSITION_REPORT_VW,Position Report Public View,P&C,2026-03-13,FEEDBACK,User Feedback,93.23,GREEN
DS_POSITION_REPORT_VW,Position Report Public View,P&C,2026-03-14,OWNERSHIP,Data Ownership,60.0,AMBER
DS_POSITION_REPORT_VW,Position Report Public View,P&C,2026-03-14,SOURCE,Data Source,100.0,GREEN
DS_POSITION_REPORT_VW,Position Report Public View,P&C,2026-03-14,ISSUES,Active Issues,99.0,GREEN
DS_POSITION_REPORT_VW,Position Report Public View,P&C,2026-03-14,TIMELINESS,Timeliness,99.43,GREEN
DS_POSITION_REPORT_VW,Position Report Public View,P&C,2026-03-14,COMPLETENESS_KEY_PROPS,Completeness of Key Properties,96.57,GREEN
DS_POSITION_REPORT_VW,Position Report Public View,P&C,2026-03-14,PROFILING,Data Profiling,87.5,GREEN
DS_POSITION_REPORT_VW,Position Report Public View,P&C,2026-03-14,DEFINITIONS,Data Definitions,55.03,RED
DS_POSITION_REPORT_VW,Position Report Public View,P&C,2026-03-14,KEY_PROPERTIES,Key Properties,100.0,GREEN
DS_POSITION_REPORT_VW,Position Report Public View,P&C,2026-03-14,USAGE,Usage,43.33,RED
DS_POSITION_REPORT_VW,Position Report Public View,P&C,2026-03-14,FEEDBACK,User Feedback,77.52,AMBER
DS_POSITION_REPORT_VW,Position Report Public View,P&C,2026-03-15,OWNERSHIP,Data Ownership,60.0,AMBER
DS_POSITION_REPORT_VW,Position Report Public View,P&C,2026-03-15,SOURCE,Data Source,100.0,GREEN
DS_POSITION_REPORT_VW,Position Report Public View,P&C,2026-03-15,ISSUES,Active Issues,99.0,GREEN
DS_POSITION_REPORT_VW,Position Report Public View,P&C,2026-03-15,TIMELINESS,Timeliness,96.19,GREEN
DS_POSITION_REPORT_VW,Position Report Public View,P&C,2026-03-15,COMPLETENESS_KEY_PROPS,Completeness of Key Properties,94.97,GREEN
DS_POSITION_REPORT_VW,Position Report Public View,P&C,2026-03-15,PROFILING,Data Profiling,83.33,GREEN
DS_POSITION_REPORT_VW,Position Report Public View,P&C,2026-03-15,DEFINITIONS,Data Definitions,56.5,RED
DS_POSITION_REPORT_VW,Position Report Public View,P&C,2026-03-15,KEY_PROPERTIES,Key Properties,100.0,GREEN
DS_POSITION_REPORT_VW,Position Report Public View,P&C,2026-03-15,USAGE,Usage,45.0,RED
DS_POSITION_REPORT_VW,Position Report Public View,P&C,2026-03-15,FEEDBACK,User Feedback,80.32,GREEN
DS_POSITION_REPORT_VW,Position Report Public View,P&C,2026-03-16,OWNERSHIP,Data Ownership,60.0,AMBER
DS_POSITION_REPORT_VW,Position Report Public View,P&C,2026-03-16,SOURCE,Data Source,100.0,GREEN
DS_POSITION_REPORT_VW,Position Report Public View,P&C,2026-03-16,ISSUES,Active Issues,98.0,GREEN
DS_POSITION_REPORT_VW,Position Report Public View,P&C,2026-03-16,TIMELINESS,Timeliness,94.38,GREEN
DS_POSITION_REPORT_VW,Position Report Public View,P&C,2026-03-16,COMPLETENESS_KEY_PROPS,Completeness of Key Properties,98.75,GREEN
DS_POSITION_REPORT_VW,Position Report Public View,P&C,2026-03-16,PROFILING,Data Profiling,79.17,AMBER
DS_POSITION_REPORT_VW,Position Report Public View,P&C,2026-03-16,DEFINITIONS,Data Definitions,55.0,RED
DS_POSITION_REPORT_VW,Position Report Public View,P&C,2026-03-16,KEY_PROPERTIES,Key Properties,100.0,GREEN
DS_POSITION_REPORT_VW,Position Report Public View,P&C,2026-03-16,USAGE,Usage,60.0,AMBER
DS_POSITION_REPORT_VW,Position Report Public View,P&C,2026-03-16,FEEDBACK,User Feedback,83.74,GREEN
DS_POSITION_REPORT_VW,Position Report Public View,P&C,2026-03-17,OWNERSHIP,Data Ownership,60.0,AMBER
DS_POSITION_REPORT_VW,Position Report Public View,P&C,2026-03-17,SOURCE,Data Source,100.0,GREEN
DS_POSITION_REPORT_VW,Position Report Public View,P&C,2026-03-17,ISSUES,Active Issues,99.0,GREEN
DS_POSITION_REPORT_VW,Position Report Public View,P&C,2026-03-17,TIMELINESS,Timeliness,98.31,GREEN
DS_POSITION_REPORT_VW,Position Report Public View,P&C,2026-03-17,COMPLETENESS_KEY_PROPS,Completeness of Key Properties,94.09,GREEN
DS_POSITION_REPORT_VW,Position Report Public View,P&C,2026-03-17,PROFILING,Data Profiling,83.33,GREEN
DS_POSITION_REPORT_VW,Position Report Public View,P&C,2026-03-17,DEFINITIONS,Data Definitions,50.0,RED
DS_POSITION_REPORT_VW,Position Report Public View,P&C,2026-03-17,KEY_PROPERTIES,Key Properties,100.0,GREEN
DS_POSITION_REPORT_VW,Position Report Public View,P&C,2026-03-17,USAGE,Usage,80.0,GREEN
DS_POSITION_REPORT_VW,Position Report Public View,P&C,2026-03-17,FEEDBACK,User Feedback,82.81,GREEN
DS_POSITION_REPORT_VW,Position Report Public View,P&C,2026-03-18,OWNERSHIP,Data Ownership,60.0,AMBER
DS_POSITION_REPORT_VW,Position Report Public View,P&C,2026-03-18,SOURCE,Data Source,100.0,GREEN
DS_POSITION_REPORT_VW,Position Report Public View,P&C,2026-03-18,ISSUES,Active Issues,97.0,GREEN
DS_POSITION_REPORT_VW,Position Report Public View,P&C,2026-03-18,TIMELINESS,Timeliness,93.8,GREEN
DS_POSITION_REPORT_VW,Position Report Public View,P&C,2026-03-18,COMPLETENESS_KEY_PROPS,Completeness of Key Properties,97.63,GREEN
DS_POSITION_REPORT_VW,Position Report Public View,P&C,2026-03-18,PROFILING,Data Profiling,75.0,AMBER
DS_POSITION_REPORT_VW,Position Report Public View,P&C,2026-03-18,DEFINITIONS,Data Definitions,58.68,RED
DS_POSITION_REPORT_VW,Position Report Public View,P&C,2026-03-18,KEY_PROPERTIES,Key Properties,100.0,GREEN
DS_POSITION_REPORT_VW,Position Report Public View,P&C,2026-03-18,USAGE,Usage,61.67,AMBER
DS_POSITION_REPORT_VW,Position Report Public View,P&C,2026-03-18,FEEDBACK,User Feedback,82.2,GREEN
DS_POSITION_REPORT_VW,Position Report Public View,P&C,2026-03-19,OWNERSHIP,Data Ownership,60.0,AMBER
DS_POSITION_REPORT_VW,Position Report Public View,P&C,2026-03-19,SOURCE,Data Source,100.0,GREEN
DS_POSITION_REPORT_VW,Position Report Public View,P&C,2026-03-19,ISSUES,Active Issues,88.0,GREEN
DS_POSITION_REPORT_VW,Position Report Public View,P&C,2026-03-19,TIMELINESS,Timeliness,100.0,GREEN
DS_POSITION_REPORT_VW,Position Report Public View,P&C,2026-03-19,COMPLETENESS_KEY_PROPS,Completeness of Key Properties,98.05,GREEN
DS_POSITION_REPORT_VW,Position Report Public View,P&C,2026-03-19,PROFILING,Data Profiling,79.17,AMBER
DS_POSITION_REPORT_VW,Position Report Public View,P&C,2026-03-19,DEFINITIONS,Data Definitions,55.56,RED
DS_POSITION_REPORT_VW,Position Report Public View,P&C,2026-03-19,KEY_PROPERTIES,Key Properties,100.0,GREEN
DS_POSITION_REPORT_VW,Position Report Public View,P&C,2026-03-19,USAGE,Usage,63.33,AMBER
DS_POSITION_REPORT_VW,Position Report Public View,P&C,2026-03-19,FEEDBACK,User Feedback,95.21,GREEN
DS_POSITION_REPORT_VW,Position Report Public View,P&C,2026-03-20,OWNERSHIP,Data Ownership,60.0,AMBER
DS_POSITION_REPORT_VW,Position Report Public View,P&C,2026-03-20,SOURCE,Data Source,100.0,GREEN
DS_POSITION_REPORT_VW,Position Report Public View,P&C,2026-03-20,ISSUES,Active Issues,94.0,GREEN
DS_POSITION_REPORT_VW,Position Report Public View,P&C,2026-03-20,TIMELINESS,Timeliness,97.28,GREEN
DS_POSITION_REPORT_VW,Position Report Public View,P&C,2026-03-20,COMPLETENESS_KEY_PROPS,Completeness of Key Properties,97.51,GREEN
DS_POSITION_REPORT_VW,Position Report Public View,P&C,2026-03-20,PROFILING,Data Profiling,95.83,GREEN
DS_POSITION_REPORT_VW,Position Report Public View,P&C,2026-03-20,DEFINITIONS,Data Definitions,53.07,RED
DS_POSITION_REPORT_VW,Position Report Public View,P&C,2026-03-20,KEY_PROPERTIES,Key Properties,100.0,GREEN
DS_POSITION_REPORT_VW,Position Report Public View,P&C,2026-03-20,USAGE,Usage,66.67,AMBER
DS_POSITION_REPORT_VW,Position Report Public View,P&C,2026-03-20,FEEDBACK,User Feedback,70.94,AMBER
DS_POSITION_REPORT_VW,Position Report Public View,P&C,2026-03-21,OWNERSHIP,Data Ownership,60.0,AMBER
DS_POSITION_REPORT_VW,Position Report Public View,P&C,2026-03-21,SOURCE,Data Source,100.0,GREEN
DS_POSITION_REPORT_VW,Position Report Public View,P&C,2026-03-21,ISSUES,Active Issues,100.0,GREEN
DS_POSITION_REPORT_VW,Position Report Public View,P&C,2026-03-21,TIMELINESS,Timeliness,100.0,GREEN
DS_POSITION_REPORT_VW,Position Report Public View,P&C,2026-03-21,COMPLETENESS_KEY_PROPS,Completeness of Key Properties,97.85,GREEN
DS_POSITION_REPORT_VW,Position Report Public View,P&C,2026-03-21,PROFILING,Data Profiling,79.17,AMBER
DS_POSITION_REPORT_VW,Position Report Public View,P&C,2026-03-21,DEFINITIONS,Data Definitions,57.53,RED
DS_POSITION_REPORT_VW,Position Report Public View,P&C,2026-03-21,KEY_PROPERTIES,Key Properties,100.0,GREEN
DS_POSITION_REPORT_VW,Position Report Public View,P&C,2026-03-21,USAGE,Usage,46.67,RED
DS_POSITION_REPORT_VW,Position Report Public View,P&C,2026-03-21,FEEDBACK,User Feedback,84.48,GREEN
DS_POSITION_REPORT_VW,Position Report Public View,P&C,2026-03-22,OWNERSHIP,Data Ownership,60.0,AMBER
DS_POSITION_REPORT_VW,Position Report Public View,P&C,2026-03-22,SOURCE,Data Source,100.0,GREEN
DS_POSITION_REPORT_VW,Position Report Public View,P&C,2026-03-22,ISSUES,Active Issues,79.0,AMBER
DS_POSITION_REPORT_VW,Position Report Public View,P&C,2026-03-22,TIMELINESS,Timeliness,93.79,GREEN
DS_POSITION_REPORT_VW,Position Report Public View,P&C,2026-03-22,COMPLETENESS_KEY_PROPS,Completeness of Key Properties,97.52,GREEN
DS_POSITION_REPORT_VW,Position Report Public View,P&C,2026-03-22,PROFILING,Data Profiling,70.83,AMBER
DS_POSITION_REPORT_VW,Position Report Public View,P&C,2026-03-22,DEFINITIONS,Data Definitions,54.96,RED
DS_POSITION_REPORT_VW,Position Report Public View,P&C,2026-03-22,KEY_PROPERTIES,Key Properties,100.0,GREEN
DS_POSITION_REPORT_VW,Position Report Public View,P&C,2026-03-22,USAGE,Usage,70.0,AMBER
DS_POSITION_REPORT_VW,Position Report Public View,P&C,2026-03-22,FEEDBACK,User Feedback,87.39,GREEN
DS_POSITION_REPORT_VW,Position Report Public View,P&C,2026-03-23,OWNERSHIP,Data Ownership,60.0,AMBER
DS_POSITION_REPORT_VW,Position Report Public View,P&C,2026-03-23,SOURCE,Data Source,100.0,GREEN
DS_POSITION_REPORT_VW,Position Report Public View,P&C,2026-03-23,ISSUES,Active Issues,96.0,GREEN
DS_POSITION_REPORT_VW,Position Report Public View,P&C,2026-03-23,TIMELINESS,Timeliness,96.34,GREEN
DS_POSITION_REPORT_VW,Position Report Public View,P&C,2026-03-23,COMPLETENESS_KEY_PROPS,Completeness of Key Properties,97.18,GREEN
DS_POSITION_REPORT_VW,Position Report Public View,P&C,2026-03-23,PROFILING,Data Profiling,83.33,GREEN
DS_POSITION_REPORT_VW,Position Report Public View,P&C,2026-03-23,DEFINITIONS,Data Definitions,50.0,RED
DS_POSITION_REPORT_VW,Position Report Public View,P&C,2026-03-23,KEY_PROPERTIES,Key Properties,100.0,GREEN
DS_POSITION_REPORT_VW,Position Report Public View,P&C,2026-03-23,USAGE,Usage,61.67,AMBER
DS_POSITION_REPORT_VW,Position Report Public View,P&C,2026-03-23,FEEDBACK,User Feedback,77.8,AMBER
DS_POSITION_REPORT_VW,Position Report Public View,P&C,2026-03-24,OWNERSHIP,Data Ownership,60.0,AMBER
DS_POSITION_REPORT_VW,Position Report Public View,P&C,2026-03-24,SOURCE,Data Source,100.0,GREEN
DS_POSITION_REPORT_VW,Position Report Public View,P&C,2026-03-24,ISSUES,Active Issues,100.0,GREEN
DS_POSITION_REPORT_VW,Position Report Public View,P&C,2026-03-24,TIMELINESS,Timeliness,95.94,GREEN
DS_POSITION_REPORT_VW,Position Report Public View,P&C,2026-03-24,COMPLETENESS_KEY_PROPS,Completeness of Key Properties,94.69,GREEN
DS_POSITION_REPORT_VW,Position Report Public View,P&C,2026-03-24,PROFILING,Data Profiling,100.0,GREEN
DS_POSITION_REPORT_VW,Position Report Public View,P&C,2026-03-24,DEFINITIONS,Data Definitions,54.22,RED
DS_POSITION_REPORT_VW,Position Report Public View,P&C,2026-03-24,KEY_PROPERTIES,Key Properties,100.0,GREEN
DS_POSITION_REPORT_VW,Position Report Public View,P&C,2026-03-24,USAGE,Usage,60.0,AMBER
DS_POSITION_REPORT_VW,Position Report Public View,P&C,2026-03-24,FEEDBACK,User Feedback,87.54,GREEN
DS_POSITION_REPORT_VW,Position Report Public View,P&C,2026-03-25,OWNERSHIP,Data Ownership,60.0,AMBER
DS_POSITION_REPORT_VW,Position Report Public View,P&C,2026-03-25,SOURCE,Data Source,100.0,GREEN
DS_POSITION_REPORT_VW,Position Report Public View,P&C,2026-03-25,ISSUES,Active Issues,100.0,GREEN
DS_POSITION_REPORT_VW,Position Report Public View,P&C,2026-03-25,TIMELINESS,Timeliness,95.26,GREEN
DS_POSITION_REPORT_VW,Position Report Public View,P&C,2026-03-25,COMPLETENESS_KEY_PROPS,Completeness of Key Properties,96.89,GREEN
DS_POSITION_REPORT_VW,Position Report Public View,P&C,2026-03-25,PROFILING,Data Profiling,75.0,AMBER
DS_POSITION_REPORT_VW,Position Report Public View,P&C,2026-03-25,DEFINITIONS,Data Definitions,55.56,RED
DS_POSITION_REPORT_VW,Position Report Public View,P&C,2026-03-25,KEY_PROPERTIES,Key Properties,100.0,GREEN
DS_POSITION_REPORT_VW,Position Report Public View,P&C,2026-03-25,USAGE,Usage,48.33,RED
DS_POSITION_REPORT_VW,Position Report Public View,P&C,2026-03-25,FEEDBACK,User Feedback,75.65,AMBER
DS_POSITION_REPORT_VW,Position Report Public View,P&C,2026-03-26,OWNERSHIP,Data Ownership,60.0,AMBER
DS_POSITION_REPORT_VW,Position Report Public View,P&C,2026-03-26,SOURCE,Data Source,100.0,GREEN
DS_POSITION_REPORT_VW,Position Report Public View,P&C,2026-03-26,ISSUES,Active Issues,89.0,GREEN
DS_POSITION_REPORT_VW,Position Report Public View,P&C,2026-03-26,TIMELINESS,Timeliness,99.8,GREEN
DS_POSITION_REPORT_VW,Position Report Public View,P&C,2026-03-26,COMPLETENESS_KEY_PROPS,Completeness of Key Properties,98.63,GREEN
DS_POSITION_REPORT_VW,Position Report Public View,P&C,2026-03-26,PROFILING,Data Profiling,66.67,AMBER
DS_POSITION_REPORT_VW,Position Report Public View,P&C,2026-03-26,DEFINITIONS,Data Definitions,46.3,RED
DS_POSITION_REPORT_VW,Position Report Public View,P&C,2026-03-26,KEY_PROPERTIES,Key Properties,100.0,GREEN
DS_POSITION_REPORT_VW,Position Report Public View,P&C,2026-03-26,USAGE,Usage,50.0,RED
DS_POSITION_REPORT_VW,Position Report Public View,P&C,2026-03-26,FEEDBACK,User Feedback,72.23,AMBER
DS_POSITION_REPORT_VW,Position Report Public View,P&C,2026-03-27,OWNERSHIP,Data Ownership,60.0,AMBER
DS_POSITION_REPORT_VW,Position Report Public View,P&C,2026-03-27,SOURCE,Data Source,100.0,GREEN
DS_POSITION_REPORT_VW,Position Report Public View,P&C,2026-03-27,ISSUES,Active Issues,100.0,GREEN
DS_POSITION_REPORT_VW,Position Report Public View,P&C,2026-03-27,TIMELINESS,Timeliness,98.73,GREEN
DS_POSITION_REPORT_VW,Position Report Public View,P&C,2026-03-27,COMPLETENESS_KEY_PROPS,Completeness of Key Properties,98.06,GREEN
DS_POSITION_REPORT_VW,Position Report Public View,P&C,2026-03-27,PROFILING,Data Profiling,83.33,GREEN
DS_POSITION_REPORT_VW,Position Report Public View,P&C,2026-03-27,DEFINITIONS,Data Definitions,48.21,RED
DS_POSITION_REPORT_VW,Position Report Public View,P&C,2026-03-27,KEY_PROPERTIES,Key Properties,100.0,GREEN
DS_POSITION_REPORT_VW,Position Report Public View,P&C,2026-03-27,USAGE,Usage,68.33,AMBER
DS_POSITION_REPORT_VW,Position Report Public View,P&C,2026-03-27,FEEDBACK,User Feedback,72.03,AMBER
DS_POSITION_REPORT_VW,Position Report Public View,P&C,2026-03-28,OWNERSHIP,Data Ownership,60.0,AMBER
DS_POSITION_REPORT_VW,Position Report Public View,P&C,2026-03-28,SOURCE,Data Source,100.0,GREEN
DS_POSITION_REPORT_VW,Position Report Public View,P&C,2026-03-28,ISSUES,Active Issues,94.0,GREEN
DS_POSITION_REPORT_VW,Position Report Public View,P&C,2026-03-28,TIMELINESS,Timeliness,92.15,GREEN
DS_POSITION_REPORT_VW,Position Report Public View,P&C,2026-03-28,COMPLETENESS_KEY_PROPS,Completeness of Key Properties,96.57,GREEN
DS_POSITION_REPORT_VW,Position Report Public View,P&C,2026-03-28,PROFILING,Data Profiling,79.17,AMBER
DS_POSITION_REPORT_VW,Position Report Public View,P&C,2026-03-28,DEFINITIONS,Data Definitions,56.82,RED
DS_POSITION_REPORT_VW,Position Report Public View,P&C,2026-03-28,KEY_PROPERTIES,Key Properties,100.0,GREEN
DS_POSITION_REPORT_VW,Position Report Public View,P&C,2026-03-28,USAGE,Usage,68.33,AMBER
DS_POSITION_REPORT_VW,Position Report Public View,P&C,2026-03-28,FEEDBACK,User Feedback,90.52,GREEN
DS_POSITION_REPORT_VW,Position Report Public View,P&C,2026-03-29,OWNERSHIP,Data Ownership,60.0,AMBER
DS_POSITION_REPORT_VW,Position Report Public View,P&C,2026-03-29,SOURCE,Data Source,100.0,GREEN
DS_POSITION_REPORT_VW,Position Report Public View,P&C,2026-03-29,ISSUES,Active Issues,91.0,GREEN
DS_POSITION_REPORT_VW,Position Report Public View,P&C,2026-03-29,TIMELINESS,Timeliness,93.23,GREEN
DS_POSITION_REPORT_VW,Position Report Public View,P&C,2026-03-29,COMPLETENESS_KEY_PROPS,Completeness of Key Properties,97.19,GREEN
DS_POSITION_REPORT_VW,Position Report Public View,P&C,2026-03-29,PROFILING,Data Profiling,70.83,AMBER
DS_POSITION_REPORT_VW,Position Report Public View,P&C,2026-03-29,DEFINITIONS,Data Definitions,60.0,AMBER
DS_POSITION_REPORT_VW,Position Report Public View,P&C,2026-03-29,KEY_PROPERTIES,Key Properties,100.0,GREEN
DS_POSITION_REPORT_VW,Position Report Public View,P&C,2026-03-29,USAGE,Usage,48.33,RED
DS_POSITION_REPORT_VW,Position Report Public View,P&C,2026-03-29,FEEDBACK,User Feedback,82.34,GREEN
DS_POSITION_REPORT_VW,Position Report Public View,P&C,2026-03-30,OWNERSHIP,Data Ownership,60.0,AMBER
DS_POSITION_REPORT_VW,Position Report Public View,P&C,2026-03-30,SOURCE,Data Source,100.0,GREEN
DS_POSITION_REPORT_VW,Position Report Public View,P&C,2026-03-30,ISSUES,Active Issues,87.0,GREEN
DS_POSITION_REPORT_VW,Position Report Public View,P&C,2026-03-30,TIMELINESS,Timeliness,99.92,GREEN
DS_POSITION_REPORT_VW,Position Report Public View,P&C,2026-03-30,COMPLETENESS_KEY_PROPS,Completeness of Key Properties,95.77,GREEN
DS_POSITION_REPORT_VW,Position Report Public View,P&C,2026-03-30,PROFILING,Data Profiling,70.83,AMBER
DS_POSITION_REPORT_VW,Position Report Public View,P&C,2026-03-30,DEFINITIONS,Data Definitions,51.67,RED
DS_POSITION_REPORT_VW,Position Report Public View,P&C,2026-03-30,KEY_PROPERTIES,Key Properties,100.0,GREEN
DS_POSITION_REPORT_VW,Position Report Public View,P&C,2026-03-30,USAGE,Usage,75.0,AMBER
DS_POSITION_REPORT_VW,Position Report Public View,P&C,2026-03-30,FEEDBACK,User Feedback,76.3,AMBER
DS_POSITION_REPORT_VW,Position Report Public View,P&C,2026-03-31,OWNERSHIP,Data Ownership,60.0,AMBER
DS_POSITION_REPORT_VW,Position Report Public View,P&C,2026-03-31,SOURCE,Data Source,100.0,GREEN
DS_POSITION_REPORT_VW,Position Report Public View,P&C,2026-03-31,ISSUES,Active Issues,96.0,GREEN
DS_POSITION_REPORT_VW,Position Report Public View,P&C,2026-03-31,TIMELINESS,Timeliness,97.71,GREEN
DS_POSITION_REPORT_VW,Position Report Public View,P&C,2026-03-31,COMPLETENESS_KEY_PROPS,Completeness of Key Properties,96.64,GREEN
DS_POSITION_REPORT_VW,Position Report Public View,P&C,2026-03-31,PROFILING,Data Profiling,87.5,GREEN
DS_POSITION_REPORT_VW,Position Report Public View,P&C,2026-03-31,DEFINITIONS,Data Definitions,56.49,RED
DS_POSITION_REPORT_VW,Position Report Public View,P&C,2026-03-31,KEY_PROPERTIES,Key Properties,100.0,GREEN
DS_POSITION_REPORT_VW,Position Report Public View,P&C,2026-03-31,USAGE,Usage,66.67,AMBER
DS_POSITION_REPORT_VW,Position Report Public View,P&C,2026-03-31,FEEDBACK,User Feedback,85.1,GREEN
DS_POSITION_REPORT_VW,Position Report Public View,P&C,2026-04-01,OWNERSHIP,Data Ownership,60.0,AMBER
DS_POSITION_REPORT_VW,Position Report Public View,P&C,2026-04-01,SOURCE,Data Source,100.0,GREEN
DS_POSITION_REPORT_VW,Position Report Public View,P&C,2026-04-01,ISSUES,Active Issues,97.0,GREEN
DS_POSITION_REPORT_VW,Position Report Public View,P&C,2026-04-01,TIMELINESS,Timeliness,96.48,GREEN
DS_POSITION_REPORT_VW,Position Report Public View,P&C,2026-04-01,COMPLETENESS_KEY_PROPS,Completeness of Key Properties,96.4,GREEN
DS_POSITION_REPORT_VW,Position Report Public View,P&C,2026-04-01,PROFILING,Data Profiling,83.33,GREEN
DS_POSITION_REPORT_VW,Position Report Public View,P&C,2026-04-01,DEFINITIONS,Data Definitions,55.49,RED
DS_POSITION_REPORT_VW,Position Report Public View,P&C,2026-04-01,KEY_PROPERTIES,Key Properties,100.0,GREEN
DS_POSITION_REPORT_VW,Position Report Public View,P&C,2026-04-01,USAGE,Usage,58.33,RED
DS_POSITION_REPORT_VW,Position Report Public View,P&C,2026-04-01,FEEDBACK,User Feedback,80.78,GREEN
DS_POSITION_REPORT_VW,Position Report Public View,P&C,2026-04-02,OWNERSHIP,Data Ownership,60.0,AMBER
DS_POSITION_REPORT_VW,Position Report Public View,P&C,2026-04-02,SOURCE,Data Source,100.0,GREEN
DS_POSITION_REPORT_VW,Position Report Public View,P&C,2026-04-02,ISSUES,Active Issues,98.0,GREEN
DS_POSITION_REPORT_VW,Position Report Public View,P&C,2026-04-02,TIMELINESS,Timeliness,94.94,GREEN
DS_POSITION_REPORT_VW,Position Report Public View,P&C,2026-04-02,COMPLETENESS_KEY_PROPS,Completeness of Key Properties,98.99,GREEN
DS_POSITION_REPORT_VW,Position Report Public View,P&C,2026-04-02,PROFILING,Data Profiling,83.33,GREEN
DS_POSITION_REPORT_VW,Position Report Public View,P&C,2026-04-02,DEFINITIONS,Data Definitions,54.92,RED
DS_POSITION_REPORT_VW,Position Report Public View,P&C,2026-04-02,KEY_PROPERTIES,Key Properties,100.0,GREEN
DS_POSITION_REPORT_VW,Position Report Public View,P&C,2026-04-02,USAGE,Usage,63.33,AMBER
DS_POSITION_REPORT_VW,Position Report Public View,P&C,2026-04-02,FEEDBACK,User Feedback,84.63,GREEN
DS_POSITION_REPORT_VW,Position Report Public View,P&C,2026-04-03,OWNERSHIP,Data Ownership,60.0,AMBER
DS_POSITION_REPORT_VW,Position Report Public View,P&C,2026-04-03,SOURCE,Data Source,100.0,GREEN
DS_POSITION_REPORT_VW,Position Report Public View,P&C,2026-04-03,ISSUES,Active Issues,97.0,GREEN
DS_POSITION_REPORT_VW,Position Report Public View,P&C,2026-04-03,TIMELINESS,Timeliness,100.0,GREEN
DS_POSITION_REPORT_VW,Position Report Public View,P&C,2026-04-03,COMPLETENESS_KEY_PROPS,Completeness of Key Properties,97.9,GREEN
DS_POSITION_REPORT_VW,Position Report Public View,P&C,2026-04-03,PROFILING,Data Profiling,79.17,AMBER
DS_POSITION_REPORT_VW,Position Report Public View,P&C,2026-04-03,DEFINITIONS,Data Definitions,55.32,RED
DS_POSITION_REPORT_VW,Position Report Public View,P&C,2026-04-03,KEY_PROPERTIES,Key Properties,100.0,GREEN
DS_POSITION_REPORT_VW,Position Report Public View,P&C,2026-04-03,USAGE,Usage,55.0,RED
DS_POSITION_REPORT_VW,Position Report Public View,P&C,2026-04-03,FEEDBACK,User Feedback,70.03,AMBER
DS_POSITION_REPORT_VW,Position Report Public View,P&C,2026-04-04,OWNERSHIP,Data Ownership,60.0,AMBER
DS_POSITION_REPORT_VW,Position Report Public View,P&C,2026-04-04,SOURCE,Data Source,100.0,GREEN
DS_POSITION_REPORT_VW,Position Report Public View,P&C,2026-04-04,ISSUES,Active Issues,82.0,GREEN
DS_POSITION_REPORT_VW,Position Report Public View,P&C,2026-04-04,TIMELINESS,Timeliness,95.43,GREEN
DS_POSITION_REPORT_VW,Position Report Public View,P&C,2026-04-04,COMPLETENESS_KEY_PROPS,Completeness of Key Properties,98.16,GREEN
DS_POSITION_REPORT_VW,Position Report Public View,P&C,2026-04-04,PROFILING,Data Profiling,70.83,AMBER
DS_POSITION_REPORT_VW,Position Report Public View,P&C,2026-04-04,DEFINITIONS,Data Definitions,51.22,RED
DS_POSITION_REPORT_VW,Position Report Public View,P&C,2026-04-04,KEY_PROPERTIES,Key Properties,100.0,GREEN
DS_POSITION_REPORT_VW,Position Report Public View,P&C,2026-04-04,USAGE,Usage,46.67,RED
DS_POSITION_REPORT_VW,Position Report Public View,P&C,2026-04-04,FEEDBACK,User Feedback,76.08,AMBER
DS_POSITION_REPORT_VW,Position Report Public View,P&C,2026-04-05,OWNERSHIP,Data Ownership,60.0,AMBER
DS_POSITION_REPORT_VW,Position Report Public View,P&C,2026-04-05,SOURCE,Data Source,100.0,GREEN
DS_POSITION_REPORT_VW,Position Report Public View,P&C,2026-04-05,ISSUES,Active Issues,95.0,GREEN
DS_POSITION_REPORT_VW,Position Report Public View,P&C,2026-04-05,TIMELINESS,Timeliness,100.0,GREEN
DS_POSITION_REPORT_VW,Position Report Public View,P&C,2026-04-05,COMPLETENESS_KEY_PROPS,Completeness of Key Properties,98.05,GREEN
DS_POSITION_REPORT_VW,Position Report Public View,P&C,2026-04-05,PROFILING,Data Profiling,87.5,GREEN
DS_POSITION_REPORT_VW,Position Report Public View,P&C,2026-04-05,DEFINITIONS,Data Definitions,54.84,RED
DS_POSITION_REPORT_VW,Position Report Public View,P&C,2026-04-05,KEY_PROPERTIES,Key Properties,100.0,GREEN
DS_POSITION_REPORT_VW,Position Report Public View,P&C,2026-04-05,USAGE,Usage,70.0,AMBER
DS_POSITION_REPORT_VW,Position Report Public View,P&C,2026-04-05,FEEDBACK,User Feedback,82.18,GREEN
DS_POSITION_REPORT_VW,Position Report Public View,P&C,2026-04-06,OWNERSHIP,Data Ownership,60.0,AMBER
DS_POSITION_REPORT_VW,Position Report Public View,P&C,2026-04-06,SOURCE,Data Source,100.0,GREEN
DS_POSITION_REPORT_VW,Position Report Public View,P&C,2026-04-06,ISSUES,Active Issues,86.0,GREEN
DS_POSITION_REPORT_VW,Position Report Public View,P&C,2026-04-06,TIMELINESS,Timeliness,97.07,GREEN
DS_POSITION_REPORT_VW,Position Report Public View,P&C,2026-04-06,COMPLETENESS_KEY_PROPS,Completeness of Key Properties,95.44,GREEN
DS_POSITION_REPORT_VW,Position Report Public View,P&C,2026-04-06,PROFILING,Data Profiling,70.83,AMBER
DS_POSITION_REPORT_VW,Position Report Public View,P&C,2026-04-06,DEFINITIONS,Data Definitions,47.76,RED
DS_POSITION_REPORT_VW,Position Report Public View,P&C,2026-04-06,KEY_PROPERTIES,Key Properties,100.0,GREEN
DS_POSITION_REPORT_VW,Position Report Public View,P&C,2026-04-06,USAGE,Usage,65.0,AMBER
DS_POSITION_REPORT_VW,Position Report Public View,P&C,2026-04-06,FEEDBACK,User Feedback,85.36,GREEN
DS_POSITION_REPORT_VW,Position Report Public View,P&C,2026-04-07,OWNERSHIP,Data Ownership,60.0,AMBER
DS_POSITION_REPORT_VW,Position Report Public View,P&C,2026-04-07,SOURCE,Data Source,100.0,GREEN
DS_POSITION_REPORT_VW,Position Report Public View,P&C,2026-04-07,ISSUES,Active Issues,91.0,GREEN
DS_POSITION_REPORT_VW,Position Report Public View,P&C,2026-04-07,TIMELINESS,Timeliness,92.51,GREEN
DS_POSITION_REPORT_VW,Position Report Public View,P&C,2026-04-07,COMPLETENESS_KEY_PROPS,Completeness of Key Properties,96.6,GREEN
DS_POSITION_REPORT_VW,Position Report Public View,P&C,2026-04-07,PROFILING,Data Profiling,79.17,AMBER
DS_POSITION_REPORT_VW,Position Report Public View,P&C,2026-04-07,DEFINITIONS,Data Definitions,49.62,RED
DS_POSITION_REPORT_VW,Position Report Public View,P&C,2026-04-07,KEY_PROPERTIES,Key Properties,100.0,GREEN
DS_POSITION_REPORT_VW,Position Report Public View,P&C,2026-04-07,USAGE,Usage,55.0,RED
DS_POSITION_REPORT_VW,Position Report Public View,P&C,2026-04-07,FEEDBACK,User Feedback,80.94,GREEN
DS_POSITION_REPORT_VW,Position Report Public View,P&C,2026-04-08,OWNERSHIP,Data Ownership,60.0,AMBER
DS_POSITION_REPORT_VW,Position Report Public View,P&C,2026-04-08,SOURCE,Data Source,100.0,GREEN
DS_POSITION_REPORT_VW,Position Report Public View,P&C,2026-04-08,ISSUES,Active Issues,99.0,GREEN
DS_POSITION_REPORT_VW,Position Report Public View,P&C,2026-04-08,TIMELINESS,Timeliness,93.91,GREEN
DS_POSITION_REPORT_VW,Position Report Public View,P&C,2026-04-08,COMPLETENESS_KEY_PROPS,Completeness of Key Properties,97.31,GREEN
DS_POSITION_REPORT_VW,Position Report Public View,P&C,2026-04-08,PROFILING,Data Profiling,83.33,GREEN
DS_POSITION_REPORT_VW,Position Report Public View,P&C,2026-04-08,DEFINITIONS,Data Definitions,56.9,RED
DS_POSITION_REPORT_VW,Position Report Public View,P&C,2026-04-08,KEY_PROPERTIES,Key Properties,100.0,GREEN
DS_POSITION_REPORT_VW,Position Report Public View,P&C,2026-04-08,USAGE,Usage,63.33,AMBER
DS_POSITION_REPORT_VW,Position Report Public View,P&C,2026-04-08,FEEDBACK,User Feedback,85.3,GREEN
DS_POSITION_REPORT_VW,Position Report Public View,P&C,2026-04-09,OWNERSHIP,Data Ownership,60.0,AMBER
DS_POSITION_REPORT_VW,Position Report Public View,P&C,2026-04-09,SOURCE,Data Source,100.0,GREEN
DS_POSITION_REPORT_VW,Position Report Public View,P&C,2026-04-09,ISSUES,Active Issues,67.0,AMBER
DS_POSITION_REPORT_VW,Position Report Public View,P&C,2026-04-09,TIMELINESS,Timeliness,93.92,GREEN
DS_POSITION_REPORT_VW,Position Report Public View,P&C,2026-04-09,COMPLETENESS_KEY_PROPS,Completeness of Key Properties,97.58,GREEN
DS_POSITION_REPORT_VW,Position Report Public View,P&C,2026-04-09,PROFILING,Data Profiling,70.83,AMBER
DS_POSITION_REPORT_VW,Position Report Public View,P&C,2026-04-09,DEFINITIONS,Data Definitions,50.77,RED
DS_POSITION_REPORT_VW,Position Report Public View,P&C,2026-04-09,KEY_PROPERTIES,Key Properties,100.0,GREEN
DS_POSITION_REPORT_VW,Position Report Public View,P&C,2026-04-09,USAGE,Usage,48.33,RED
DS_POSITION_REPORT_VW,Position Report Public View,P&C,2026-04-09,FEEDBACK,User Feedback,83.73,GREEN
DS_POSITION_REPORT_VW,Position Report Public View,P&C,2026-04-10,OWNERSHIP,Data Ownership,60.0,AMBER
DS_POSITION_REPORT_VW,Position Report Public View,P&C,2026-04-10,SOURCE,Data Source,100.0,GREEN
DS_POSITION_REPORT_VW,Position Report Public View,P&C,2026-04-10,ISSUES,Active Issues,91.0,GREEN
DS_POSITION_REPORT_VW,Position Report Public View,P&C,2026-04-10,TIMELINESS,Timeliness,93.15,GREEN
DS_POSITION_REPORT_VW,Position Report Public View,P&C,2026-04-10,COMPLETENESS_KEY_PROPS,Completeness of Key Properties,96.85,GREEN
DS_POSITION_REPORT_VW,Position Report Public View,P&C,2026-04-10,PROFILING,Data Profiling,75.0,AMBER
DS_POSITION_REPORT_VW,Position Report Public View,P&C,2026-04-10,DEFINITIONS,Data Definitions,47.46,RED
DS_POSITION_REPORT_VW,Position Report Public View,P&C,2026-04-10,KEY_PROPERTIES,Key Properties,100.0,GREEN
DS_POSITION_REPORT_VW,Position Report Public View,P&C,2026-04-10,USAGE,Usage,68.33,AMBER
DS_POSITION_REPORT_VW,Position Report Public View,P&C,2026-04-10,FEEDBACK,User Feedback,89.38,GREEN
DS_POSITION_REPORT_VW,Position Report Public View,P&C,2026-04-11,OWNERSHIP,Data Ownership,60.0,AMBER
DS_POSITION_REPORT_VW,Position Report Public View,P&C,2026-04-11,SOURCE,Data Source,100.0,GREEN
DS_POSITION_REPORT_VW,Position Report Public View,P&C,2026-04-11,ISSUES,Active Issues,99.0,GREEN
DS_POSITION_REPORT_VW,Position Report Public View,P&C,2026-04-11,TIMELINESS,Timeliness,94.07,GREEN
DS_POSITION_REPORT_VW,Position Report Public View,P&C,2026-04-11,COMPLETENESS_KEY_PROPS,Completeness of Key Properties,96.9,GREEN
DS_POSITION_REPORT_VW,Position Report Public View,P&C,2026-04-11,PROFILING,Data Profiling,83.33,GREEN
DS_POSITION_REPORT_VW,Position Report Public View,P&C,2026-04-11,DEFINITIONS,Data Definitions,55.67,RED
DS_POSITION_REPORT_VW,Position Report Public View,P&C,2026-04-11,KEY_PROPERTIES,Key Properties,100.0,GREEN
DS_POSITION_REPORT_VW,Position Report Public View,P&C,2026-04-11,USAGE,Usage,65.0,AMBER
DS_POSITION_REPORT_VW,Position Report Public View,P&C,2026-04-11,FEEDBACK,User Feedback,80.93,GREEN
DS_POSITION_REPORT_VW,Position Report Public View,P&C,2026-04-12,OWNERSHIP,Data Ownership,60.0,AMBER
DS_POSITION_REPORT_VW,Position Report Public View,P&C,2026-04-12,SOURCE,Data Source,100.0,GREEN
DS_POSITION_REPORT_VW,Position Report Public View,P&C,2026-04-12,ISSUES,Active Issues,99.0,GREEN
DS_POSITION_REPORT_VW,Position Report Public View,P&C,2026-04-12,TIMELINESS,Timeliness,95.72,GREEN
DS_POSITION_REPORT_VW,Position Report Public View,P&C,2026-04-12,COMPLETENESS_KEY_PROPS,Completeness of Key Properties,98.93,GREEN
DS_POSITION_REPORT_VW,Position Report Public View,P&C,2026-04-12,PROFILING,Data Profiling,75.0,AMBER
DS_POSITION_REPORT_VW,Position Report Public View,P&C,2026-04-12,DEFINITIONS,Data Definitions,57.05,RED
DS_POSITION_REPORT_VW,Position Report Public View,P&C,2026-04-12,KEY_PROPERTIES,Key Properties,100.0,GREEN
DS_POSITION_REPORT_VW,Position Report Public View,P&C,2026-04-12,USAGE,Usage,75.0,AMBER
DS_POSITION_REPORT_VW,Position Report Public View,P&C,2026-04-12,FEEDBACK,User Feedback,78.34,AMBER
DS_POSITION_REPORT_VW,Position Report Public View,P&C,2026-04-13,OWNERSHIP,Data Ownership,60.0,AMBER
DS_POSITION_REPORT_VW,Position Report Public View,P&C,2026-04-13,SOURCE,Data Source,100.0,GREEN
DS_POSITION_REPORT_VW,Position Report Public View,P&C,2026-04-13,ISSUES,Active Issues,90.0,GREEN
DS_POSITION_REPORT_VW,Position Report Public View,P&C,2026-04-13,TIMELINESS,Timeliness,92.18,GREEN
DS_POSITION_REPORT_VW,Position Report Public View,P&C,2026-04-13,COMPLETENESS_KEY_PROPS,Completeness of Key Properties,96.67,GREEN
DS_POSITION_REPORT_VW,Position Report Public View,P&C,2026-04-13,PROFILING,Data Profiling,83.33,GREEN
DS_POSITION_REPORT_VW,Position Report Public View,P&C,2026-04-13,DEFINITIONS,Data Definitions,53.38,RED
DS_POSITION_REPORT_VW,Position Report Public View,P&C,2026-04-13,KEY_PROPERTIES,Key Properties,100.0,GREEN
DS_POSITION_REPORT_VW,Position Report Public View,P&C,2026-04-13,USAGE,Usage,51.67,RED
DS_POSITION_REPORT_VW,Position Report Public View,P&C,2026-04-13,FEEDBACK,User Feedback,68.15,AMBER
DS_POSITION_REPORT_VW,Position Report Public View,P&C,2026-04-14,OWNERSHIP,Data Ownership,60.0,AMBER
DS_POSITION_REPORT_VW,Position Report Public View,P&C,2026-04-14,SOURCE,Data Source,100.0,GREEN
DS_POSITION_REPORT_VW,Position Report Public View,P&C,2026-04-14,ISSUES,Active Issues,75.0,AMBER
DS_POSITION_REPORT_VW,Position Report Public View,P&C,2026-04-14,TIMELINESS,Timeliness,100.0,GREEN
DS_POSITION_REPORT_VW,Position Report Public View,P&C,2026-04-14,COMPLETENESS_KEY_PROPS,Completeness of Key Properties,95.06,GREEN
DS_POSITION_REPORT_VW,Position Report Public View,P&C,2026-04-14,PROFILING,Data Profiling,75.0,AMBER
DS_POSITION_REPORT_VW,Position Report Public View,P&C,2026-04-14,DEFINITIONS,Data Definitions,51.52,RED
DS_POSITION_REPORT_VW,Position Report Public View,P&C,2026-04-14,KEY_PROPERTIES,Key Properties,100.0,GREEN
DS_POSITION_REPORT_VW,Position Report Public View,P&C,2026-04-14,USAGE,Usage,41.67,RED
DS_POSITION_REPORT_VW,Position Report Public View,P&C,2026-04-14,FEEDBACK,User Feedback,80.23,GREEN
DS_POSITION_REPORT_VW,Position Report Public View,P&C,2026-04-15,OWNERSHIP,Data Ownership,60.0,AMBER
DS_POSITION_REPORT_VW,Position Report Public View,P&C,2026-04-15,SOURCE,Data Source,100.0,GREEN
DS_POSITION_REPORT_VW,Position Report Public View,P&C,2026-04-15,ISSUES,Active Issues,89.0,GREEN
DS_POSITION_REPORT_VW,Position Report Public View,P&C,2026-04-15,TIMELINESS,Timeliness,94.54,GREEN
DS_POSITION_REPORT_VW,Position Report Public View,P&C,2026-04-15,COMPLETENESS_KEY_PROPS,Completeness of Key Properties,96.9,GREEN
DS_POSITION_REPORT_VW,Position Report Public View,P&C,2026-04-15,PROFILING,Data Profiling,70.83,AMBER
DS_POSITION_REPORT_VW,Position Report Public View,P&C,2026-04-15,DEFINITIONS,Data Definitions,52.28,RED
DS_POSITION_REPORT_VW,Position Report Public View,P&C,2026-04-15,KEY_PROPERTIES,Key Properties,100.0,GREEN
DS_POSITION_REPORT_VW,Position Report Public View,P&C,2026-04-15,USAGE,Usage,58.33,RED
DS_POSITION_REPORT_VW,Position Report Public View,P&C,2026-04-15,FEEDBACK,User Feedback,66.23,AMBER
DS_POSITION_REPORT_VW,Position Report Public View,P&C,2026-04-16,OWNERSHIP,Data Ownership,60.0,AMBER
DS_POSITION_REPORT_VW,Position Report Public View,P&C,2026-04-16,SOURCE,Data Source,100.0,GREEN
DS_POSITION_REPORT_VW,Position Report Public View,P&C,2026-04-16,ISSUES,Active Issues,98.0,GREEN
DS_POSITION_REPORT_VW,Position Report Public View,P&C,2026-04-16,TIMELINESS,Timeliness,96.42,GREEN
DS_POSITION_REPORT_VW,Position Report Public View,P&C,2026-04-16,COMPLETENESS_KEY_PROPS,Completeness of Key Properties,99.02,GREEN
DS_POSITION_REPORT_VW,Position Report Public View,P&C,2026-04-16,PROFILING,Data Profiling,79.17,AMBER
DS_POSITION_REPORT_VW,Position Report Public View,P&C,2026-04-16,DEFINITIONS,Data Definitions,52.2,RED
DS_POSITION_REPORT_VW,Position Report Public View,P&C,2026-04-16,KEY_PROPERTIES,Key Properties,100.0,GREEN
DS_POSITION_REPORT_VW,Position Report Public View,P&C,2026-04-16,USAGE,Usage,61.67,AMBER
DS_POSITION_REPORT_VW,Position Report Public View,P&C,2026-04-16,FEEDBACK,User Feedback,93.31,GREEN
DS_POSITION_REPORT_VW,Position Report Public View,P&C,2026-04-17,OWNERSHIP,Data Ownership,60.0,AMBER
DS_POSITION_REPORT_VW,Position Report Public View,P&C,2026-04-17,SOURCE,Data Source,100.0,GREEN
DS_POSITION_REPORT_VW,Position Report Public View,P&C,2026-04-17,ISSUES,Active Issues,96.0,GREEN
DS_POSITION_REPORT_VW,Position Report Public View,P&C,2026-04-17,TIMELINESS,Timeliness,94.39,GREEN
DS_POSITION_REPORT_VW,Position Report Public View,P&C,2026-04-17,COMPLETENESS_KEY_PROPS,Completeness of Key Properties,98.11,GREEN
DS_POSITION_REPORT_VW,Position Report Public View,P&C,2026-04-17,PROFILING,Data Profiling,79.17,AMBER
DS_POSITION_REPORT_VW,Position Report Public View,P&C,2026-04-17,DEFINITIONS,Data Definitions,56.72,RED
DS_POSITION_REPORT_VW,Position Report Public View,P&C,2026-04-17,KEY_PROPERTIES,Key Properties,100.0,GREEN
DS_POSITION_REPORT_VW,Position Report Public View,P&C,2026-04-17,USAGE,Usage,56.67,RED
DS_POSITION_REPORT_VW,Position Report Public View,P&C,2026-04-17,FEEDBACK,User Feedback,75.05,AMBER
DS_POSITION_REPORT_VW,Position Report Public View,P&C,2026-04-18,OWNERSHIP,Data Ownership,60.0,AMBER
DS_POSITION_REPORT_VW,Position Report Public View,P&C,2026-04-18,SOURCE,Data Source,100.0,GREEN
DS_POSITION_REPORT_VW,Position Report Public View,P&C,2026-04-18,ISSUES,Active Issues,91.0,GREEN
DS_POSITION_REPORT_VW,Position Report Public View,P&C,2026-04-18,TIMELINESS,Timeliness,95.97,GREEN
DS_POSITION_REPORT_VW,Position Report Public View,P&C,2026-04-18,COMPLETENESS_KEY_PROPS,Completeness of Key Properties,96.77,GREEN
DS_POSITION_REPORT_VW,Position Report Public View,P&C,2026-04-18,PROFILING,Data Profiling,79.17,AMBER
DS_POSITION_REPORT_VW,Position Report Public View,P&C,2026-04-18,DEFINITIONS,Data Definitions,53.19,RED
DS_POSITION_REPORT_VW,Position Report Public View,P&C,2026-04-18,KEY_PROPERTIES,Key Properties,100.0,GREEN
DS_POSITION_REPORT_VW,Position Report Public View,P&C,2026-04-18,USAGE,Usage,65.0,AMBER
DS_POSITION_REPORT_VW,Position Report Public View,P&C,2026-04-18,FEEDBACK,User Feedback,79.15,AMBER
DS_POSITION_REPORT_VW,Position Report Public View,P&C,2026-04-19,OWNERSHIP,Data Ownership,60.0,AMBER
DS_POSITION_REPORT_VW,Position Report Public View,P&C,2026-04-19,SOURCE,Data Source,100.0,GREEN
DS_POSITION_REPORT_VW,Position Report Public View,P&C,2026-04-19,ISSUES,Active Issues,96.0,GREEN
DS_POSITION_REPORT_VW,Position Report Public View,P&C,2026-04-19,TIMELINESS,Timeliness,92.03,GREEN
DS_POSITION_REPORT_VW,Position Report Public View,P&C,2026-04-19,COMPLETENESS_KEY_PROPS,Completeness of Key Properties,98.38,GREEN
DS_POSITION_REPORT_VW,Position Report Public View,P&C,2026-04-19,PROFILING,Data Profiling,75.0,AMBER
DS_POSITION_REPORT_VW,Position Report Public View,P&C,2026-04-19,DEFINITIONS,Data Definitions,56.3,RED
DS_POSITION_REPORT_VW,Position Report Public View,P&C,2026-04-19,KEY_PROPERTIES,Key Properties,100.0,GREEN
DS_POSITION_REPORT_VW,Position Report Public View,P&C,2026-04-19,USAGE,Usage,55.0,RED
DS_POSITION_REPORT_VW,Position Report Public View,P&C,2026-04-19,FEEDBACK,User Feedback,79.68,AMBER
DS_POSITION_REPORT_VW,Position Report Public View,P&C,2026-04-20,OWNERSHIP,Data Ownership,60.0,AMBER
DS_POSITION_REPORT_VW,Position Report Public View,P&C,2026-04-20,SOURCE,Data Source,100.0,GREEN
DS_POSITION_REPORT_VW,Position Report Public View,P&C,2026-04-20,ISSUES,Active Issues,86.0,GREEN
DS_POSITION_REPORT_VW,Position Report Public View,P&C,2026-04-20,TIMELINESS,Timeliness,92.83,GREEN
DS_POSITION_REPORT_VW,Position Report Public View,P&C,2026-04-20,COMPLETENESS_KEY_PROPS,Completeness of Key Properties,99.69,GREEN
DS_POSITION_REPORT_VW,Position Report Public View,P&C,2026-04-20,PROFILING,Data Profiling,79.17,AMBER
DS_POSITION_REPORT_VW,Position Report Public View,P&C,2026-04-20,DEFINITIONS,Data Definitions,54.66,RED
DS_POSITION_REPORT_VW,Position Report Public View,P&C,2026-04-20,KEY_PROPERTIES,Key Properties,100.0,GREEN
DS_POSITION_REPORT_VW,Position Report Public View,P&C,2026-04-20,USAGE,Usage,38.33,RED
DS_POSITION_REPORT_VW,Position Report Public View,P&C,2026-04-20,FEEDBACK,User Feedback,66.7,AMBER
DS_POSITION_REPORT_VW,Position Report Public View,P&C,2026-04-21,OWNERSHIP,Data Ownership,60.0,AMBER
DS_POSITION_REPORT_VW,Position Report Public View,P&C,2026-04-21,SOURCE,Data Source,100.0,GREEN
DS_POSITION_REPORT_VW,Position Report Public View,P&C,2026-04-21,ISSUES,Active Issues,87.0,GREEN
DS_POSITION_REPORT_VW,Position Report Public View,P&C,2026-04-21,TIMELINESS,Timeliness,94.93,GREEN
DS_POSITION_REPORT_VW,Position Report Public View,P&C,2026-04-21,COMPLETENESS_KEY_PROPS,Completeness of Key Properties,100.0,GREEN
DS_POSITION_REPORT_VW,Position Report Public View,P&C,2026-04-21,PROFILING,Data Profiling,83.33,GREEN
DS_POSITION_REPORT_VW,Position Report Public View,P&C,2026-04-21,DEFINITIONS,Data Definitions,54.88,RED
DS_POSITION_REPORT_VW,Position Report Public View,P&C,2026-04-21,KEY_PROPERTIES,Key Properties,100.0,GREEN
DS_POSITION_REPORT_VW,Position Report Public View,P&C,2026-04-21,USAGE,Usage,55.0,RED
DS_POSITION_REPORT_VW,Position Report Public View,P&C,2026-04-21,FEEDBACK,User Feedback,81.02,GREEN
DS_POSITION_REPORT_VW,Position Report Public View,P&C,2026-04-22,OWNERSHIP,Data Ownership,60.0,AMBER
DS_POSITION_REPORT_VW,Position Report Public View,P&C,2026-04-22,SOURCE,Data Source,100.0,GREEN
DS_POSITION_REPORT_VW,Position Report Public View,P&C,2026-04-22,ISSUES,Active Issues,84.0,GREEN
DS_POSITION_REPORT_VW,Position Report Public View,P&C,2026-04-22,TIMELINESS,Timeliness,98.0,GREEN
DS_POSITION_REPORT_VW,Position Report Public View,P&C,2026-04-22,COMPLETENESS_KEY_PROPS,Completeness of Key Properties,95.73,GREEN
DS_POSITION_REPORT_VW,Position Report Public View,P&C,2026-04-22,PROFILING,Data Profiling,79.17,AMBER
DS_POSITION_REPORT_VW,Position Report Public View,P&C,2026-04-22,DEFINITIONS,Data Definitions,54.55,RED
DS_POSITION_REPORT_VW,Position Report Public View,P&C,2026-04-22,KEY_PROPERTIES,Key Properties,100.0,GREEN
DS_POSITION_REPORT_VW,Position Report Public View,P&C,2026-04-22,USAGE,Usage,55.0,RED
DS_POSITION_REPORT_VW,Position Report Public View,P&C,2026-04-22,FEEDBACK,User Feedback,89.63,GREEN
DS_POSITION_REPORT_VW,Position Report Public View,P&C,2026-04-23,OWNERSHIP,Data Ownership,60.0,AMBER
DS_POSITION_REPORT_VW,Position Report Public View,P&C,2026-04-23,SOURCE,Data Source,100.0,GREEN
DS_POSITION_REPORT_VW,Position Report Public View,P&C,2026-04-23,ISSUES,Active Issues,87.0,GREEN
DS_POSITION_REPORT_VW,Position Report Public View,P&C,2026-04-23,TIMELINESS,Timeliness,97.0,GREEN
DS_POSITION_REPORT_VW,Position Report Public View,P&C,2026-04-23,COMPLETENESS_KEY_PROPS,Completeness of Key Properties,98.56,GREEN
DS_POSITION_REPORT_VW,Position Report Public View,P&C,2026-04-23,PROFILING,Data Profiling,100.0,GREEN
DS_POSITION_REPORT_VW,Position Report Public View,P&C,2026-04-23,DEFINITIONS,Data Definitions,56.59,RED
DS_POSITION_REPORT_VW,Position Report Public View,P&C,2026-04-23,KEY_PROPERTIES,Key Properties,100.0,GREEN
DS_POSITION_REPORT_VW,Position Report Public View,P&C,2026-04-23,USAGE,Usage,50.0,RED
DS_POSITION_REPORT_VW,Position Report Public View,P&C,2026-04-23,FEEDBACK,User Feedback,77.55,AMBER
DS_POSITION_REPORT_VW,Position Report Public View,P&C,2026-04-24,OWNERSHIP,Data Ownership,60.0,AMBER
DS_POSITION_REPORT_VW,Position Report Public View,P&C,2026-04-24,SOURCE,Data Source,100.0,GREEN
DS_POSITION_REPORT_VW,Position Report Public View,P&C,2026-04-24,ISSUES,Active Issues,77.0,AMBER
DS_POSITION_REPORT_VW,Position Report Public View,P&C,2026-04-24,TIMELINESS,Timeliness,94.92,GREEN
DS_POSITION_REPORT_VW,Position Report Public View,P&C,2026-04-24,COMPLETENESS_KEY_PROPS,Completeness of Key Properties,98.04,GREEN
DS_POSITION_REPORT_VW,Position Report Public View,P&C,2026-04-24,PROFILING,Data Profiling,75.0,AMBER
DS_POSITION_REPORT_VW,Position Report Public View,P&C,2026-04-24,DEFINITIONS,Data Definitions,51.35,RED
DS_POSITION_REPORT_VW,Position Report Public View,P&C,2026-04-24,KEY_PROPERTIES,Key Properties,100.0,GREEN
DS_POSITION_REPORT_VW,Position Report Public View,P&C,2026-04-24,USAGE,Usage,45.0,RED
DS_POSITION_REPORT_VW,Position Report Public View,P&C,2026-04-24,FEEDBACK,User Feedback,73.33,AMBER
DS_POSITION_REPORT_VW,Position Report Public View,P&C,2026-04-25,OWNERSHIP,Data Ownership,60.0,AMBER
DS_POSITION_REPORT_VW,Position Report Public View,P&C,2026-04-25,SOURCE,Data Source,100.0,GREEN
DS_POSITION_REPORT_VW,Position Report Public View,P&C,2026-04-25,ISSUES,Active Issues,100.0,GREEN
DS_POSITION_REPORT_VW,Position Report Public View,P&C,2026-04-25,TIMELINESS,Timeliness,98.3,GREEN
DS_POSITION_REPORT_VW,Position Report Public View,P&C,2026-04-25,COMPLETENESS_KEY_PROPS,Completeness of Key Properties,98.68,GREEN
DS_POSITION_REPORT_VW,Position Report Public View,P&C,2026-04-25,PROFILING,Data Profiling,70.83,AMBER
DS_POSITION_REPORT_VW,Position Report Public View,P&C,2026-04-25,DEFINITIONS,Data Definitions,51.56,RED
DS_POSITION_REPORT_VW,Position Report Public View,P&C,2026-04-25,KEY_PROPERTIES,Key Properties,100.0,GREEN
DS_POSITION_REPORT_VW,Position Report Public View,P&C,2026-04-25,USAGE,Usage,33.33,RED
DS_POSITION_REPORT_VW,Position Report Public View,P&C,2026-04-25,FEEDBACK,User Feedback,87.62,GREEN
DS_POSITION_REPORT_VW,Position Report Public View,P&C,2026-04-26,OWNERSHIP,Data Ownership,60.0,AMBER
DS_POSITION_REPORT_VW,Position Report Public View,P&C,2026-04-26,SOURCE,Data Source,100.0,GREEN
DS_POSITION_REPORT_VW,Position Report Public View,P&C,2026-04-26,ISSUES,Active Issues,100.0,GREEN
DS_POSITION_REPORT_VW,Position Report Public View,P&C,2026-04-26,TIMELINESS,Timeliness,100.0,GREEN
DS_POSITION_REPORT_VW,Position Report Public View,P&C,2026-04-26,COMPLETENESS_KEY_PROPS,Completeness of Key Properties,95.9,GREEN
DS_POSITION_REPORT_VW,Position Report Public View,P&C,2026-04-26,PROFILING,Data Profiling,100.0,GREEN
DS_POSITION_REPORT_VW,Position Report Public View,P&C,2026-04-26,DEFINITIONS,Data Definitions,52.78,RED
DS_POSITION_REPORT_VW,Position Report Public View,P&C,2026-04-26,KEY_PROPERTIES,Key Properties,100.0,GREEN
DS_POSITION_REPORT_VW,Position Report Public View,P&C,2026-04-26,USAGE,Usage,45.0,RED
DS_POSITION_REPORT_VW,Position Report Public View,P&C,2026-04-26,FEEDBACK,User Feedback,82.45,GREEN
DS_POSITION_REPORT_VW,Position Report Public View,P&C,2026-04-27,OWNERSHIP,Data Ownership,60.0,AMBER
DS_POSITION_REPORT_VW,Position Report Public View,P&C,2026-04-27,SOURCE,Data Source,100.0,GREEN
DS_POSITION_REPORT_VW,Position Report Public View,P&C,2026-04-27,ISSUES,Active Issues,100.0,GREEN
DS_POSITION_REPORT_VW,Position Report Public View,P&C,2026-04-27,TIMELINESS,Timeliness,94.86,GREEN
DS_POSITION_REPORT_VW,Position Report Public View,P&C,2026-04-27,COMPLETENESS_KEY_PROPS,Completeness of Key Properties,100.0,GREEN
DS_POSITION_REPORT_VW,Position Report Public View,P&C,2026-04-27,PROFILING,Data Profiling,79.17,AMBER
DS_POSITION_REPORT_VW,Position Report Public View,P&C,2026-04-27,DEFINITIONS,Data Definitions,52.07,RED
DS_POSITION_REPORT_VW,Position Report Public View,P&C,2026-04-27,KEY_PROPERTIES,Key Properties,100.0,GREEN
DS_POSITION_REPORT_VW,Position Report Public View,P&C,2026-04-27,USAGE,Usage,65.0,AMBER
DS_POSITION_REPORT_VW,Position Report Public View,P&C,2026-04-27,FEEDBACK,User Feedback,92.79,GREEN
DS_POSITION_REPORT_VW,Position Report Public View,P&C,2026-04-28,OWNERSHIP,Data Ownership,60.0,AMBER
DS_POSITION_REPORT_VW,Position Report Public View,P&C,2026-04-28,SOURCE,Data Source,100.0,GREEN
DS_POSITION_REPORT_VW,Position Report Public View,P&C,2026-04-28,ISSUES,Active Issues,86.0,GREEN
DS_POSITION_REPORT_VW,Position Report Public View,P&C,2026-04-28,TIMELINESS,Timeliness,89.7,GREEN
DS_POSITION_REPORT_VW,Position Report Public View,P&C,2026-04-28,COMPLETENESS_KEY_PROPS,Completeness of Key Properties,98.72,GREEN
DS_POSITION_REPORT_VW,Position Report Public View,P&C,2026-04-28,PROFILING,Data Profiling,83.33,GREEN
DS_POSITION_REPORT_VW,Position Report Public View,P&C,2026-04-28,DEFINITIONS,Data Definitions,51.94,RED
DS_POSITION_REPORT_VW,Position Report Public View,P&C,2026-04-28,KEY_PROPERTIES,Key Properties,100.0,GREEN
DS_POSITION_REPORT_VW,Position Report Public View,P&C,2026-04-28,USAGE,Usage,50.0,RED
DS_POSITION_REPORT_VW,Position Report Public View,P&C,2026-04-28,FEEDBACK,User Feedback,79.31,AMBER
DS_POSITION_REPORT_VW,Position Report Public View,P&C,2026-04-29,OWNERSHIP,Data Ownership,60.0,AMBER
DS_POSITION_REPORT_VW,Position Report Public View,P&C,2026-04-29,SOURCE,Data Source,100.0,GREEN
DS_POSITION_REPORT_VW,Position Report Public View,P&C,2026-04-29,ISSUES,Active Issues,98.0,GREEN
DS_POSITION_REPORT_VW,Position Report Public View,P&C,2026-04-29,TIMELINESS,Timeliness,97.81,GREEN
DS_POSITION_REPORT_VW,Position Report Public View,P&C,2026-04-29,COMPLETENESS_KEY_PROPS,Completeness of Key Properties,96.63,GREEN
DS_POSITION_REPORT_VW,Position Report Public View,P&C,2026-04-29,PROFILING,Data Profiling,83.33,GREEN
DS_POSITION_REPORT_VW,Position Report Public View,P&C,2026-04-29,DEFINITIONS,Data Definitions,53.64,RED
DS_POSITION_REPORT_VW,Position Report Public View,P&C,2026-04-29,KEY_PROPERTIES,Key Properties,100.0,GREEN
DS_POSITION_REPORT_VW,Position Report Public View,P&C,2026-04-29,USAGE,Usage,53.33,RED
DS_POSITION_REPORT_VW,Position Report Public View,P&C,2026-04-29,FEEDBACK,User Feedback,76.27,AMBER
DS_POSITION_REPORT_VW,Position Report Public View,P&C,2026-04-30,OWNERSHIP,Data Ownership,60.0,AMBER
DS_POSITION_REPORT_VW,Position Report Public View,P&C,2026-04-30,SOURCE,Data Source,100.0,GREEN
DS_POSITION_REPORT_VW,Position Report Public View,P&C,2026-04-30,ISSUES,Active Issues,98.0,GREEN
DS_POSITION_REPORT_VW,Position Report Public View,P&C,2026-04-30,TIMELINESS,Timeliness,93.99,GREEN
DS_POSITION_REPORT_VW,Position Report Public View,P&C,2026-04-30,COMPLETENESS_KEY_PROPS,Completeness of Key Properties,93.71,GREEN
DS_POSITION_REPORT_VW,Position Report Public View,P&C,2026-04-30,PROFILING,Data Profiling,87.5,GREEN
DS_POSITION_REPORT_VW,Position Report Public View,P&C,2026-04-30,DEFINITIONS,Data Definitions,53.16,RED
DS_POSITION_REPORT_VW,Position Report Public View,P&C,2026-04-30,KEY_PROPERTIES,Key Properties,100.0,GREEN
DS_POSITION_REPORT_VW,Position Report Public View,P&C,2026-04-30,USAGE,Usage,55.0,RED
DS_POSITION_REPORT_VW,Position Report Public View,P&C,2026-04-30,FEEDBACK,User Feedback,76.03,AMBER
DS_POSITION_REPORT_VW,Position Report Public View,P&C,2026-05-01,OWNERSHIP,Data Ownership,60.0,AMBER
DS_POSITION_REPORT_VW,Position Report Public View,P&C,2026-05-01,SOURCE,Data Source,100.0,GREEN
DS_POSITION_REPORT_VW,Position Report Public View,P&C,2026-05-01,ISSUES,Active Issues,95.0,GREEN
DS_POSITION_REPORT_VW,Position Report Public View,P&C,2026-05-01,TIMELINESS,Timeliness,96.73,GREEN
DS_POSITION_REPORT_VW,Position Report Public View,P&C,2026-05-01,COMPLETENESS_KEY_PROPS,Completeness of Key Properties,99.36,GREEN
DS_POSITION_REPORT_VW,Position Report Public View,P&C,2026-05-01,PROFILING,Data Profiling,87.5,GREEN
DS_POSITION_REPORT_VW,Position Report Public View,P&C,2026-05-01,DEFINITIONS,Data Definitions,55.78,RED
DS_POSITION_REPORT_VW,Position Report Public View,P&C,2026-05-01,KEY_PROPERTIES,Key Properties,100.0,GREEN
DS_POSITION_REPORT_VW,Position Report Public View,P&C,2026-05-01,USAGE,Usage,50.0,RED
DS_POSITION_REPORT_VW,Position Report Public View,P&C,2026-05-01,FEEDBACK,User Feedback,100.0,GREEN
DS_POSITION_REPORT_VW,Position Report Public View,P&C,2026-05-02,OWNERSHIP,Data Ownership,60.0,AMBER
DS_POSITION_REPORT_VW,Position Report Public View,P&C,2026-05-02,SOURCE,Data Source,100.0,GREEN
DS_POSITION_REPORT_VW,Position Report Public View,P&C,2026-05-02,ISSUES,Active Issues,99.0,GREEN
DS_POSITION_REPORT_VW,Position Report Public View,P&C,2026-05-02,TIMELINESS,Timeliness,95.24,GREEN
DS_POSITION_REPORT_VW,Position Report Public View,P&C,2026-05-02,COMPLETENESS_KEY_PROPS,Completeness of Key Properties,96.8,GREEN
DS_POSITION_REPORT_VW,Position Report Public View,P&C,2026-05-02,PROFILING,Data Profiling,79.17,AMBER
DS_POSITION_REPORT_VW,Position Report Public View,P&C,2026-05-02,DEFINITIONS,Data Definitions,57.65,RED
DS_POSITION_REPORT_VW,Position Report Public View,P&C,2026-05-02,KEY_PROPERTIES,Key Properties,100.0,GREEN
DS_POSITION_REPORT_VW,Position Report Public View,P&C,2026-05-02,USAGE,Usage,65.0,AMBER
DS_POSITION_REPORT_VW,Position Report Public View,P&C,2026-05-02,FEEDBACK,User Feedback,80.98,GREEN
DS_POSITION_REPORT_VW,Position Report Public View,P&C,2026-05-03,OWNERSHIP,Data Ownership,60.0,AMBER
DS_POSITION_REPORT_VW,Position Report Public View,P&C,2026-05-03,SOURCE,Data Source,100.0,GREEN
DS_POSITION_REPORT_VW,Position Report Public View,P&C,2026-05-03,ISSUES,Active Issues,100.0,GREEN
DS_POSITION_REPORT_VW,Position Report Public View,P&C,2026-05-03,TIMELINESS,Timeliness,97.25,GREEN
DS_POSITION_REPORT_VW,Position Report Public View,P&C,2026-05-03,COMPLETENESS_KEY_PROPS,Completeness of Key Properties,95.2,GREEN
DS_POSITION_REPORT_VW,Position Report Public View,P&C,2026-05-03,PROFILING,Data Profiling,75.0,AMBER
DS_POSITION_REPORT_VW,Position Report Public View,P&C,2026-05-03,DEFINITIONS,Data Definitions,47.32,RED
DS_POSITION_REPORT_VW,Position Report Public View,P&C,2026-05-03,KEY_PROPERTIES,Key Properties,100.0,GREEN
DS_POSITION_REPORT_VW,Position Report Public View,P&C,2026-05-03,USAGE,Usage,53.33,RED
DS_POSITION_REPORT_VW,Position Report Public View,P&C,2026-05-03,FEEDBACK,User Feedback,78.03,AMBER
DS_POSITION_REPORT_VW,Position Report Public View,P&C,2026-05-04,OWNERSHIP,Data Ownership,60.0,AMBER
DS_POSITION_REPORT_VW,Position Report Public View,P&C,2026-05-04,SOURCE,Data Source,100.0,GREEN
DS_POSITION_REPORT_VW,Position Report Public View,P&C,2026-05-04,ISSUES,Active Issues,100.0,GREEN
DS_POSITION_REPORT_VW,Position Report Public View,P&C,2026-05-04,TIMELINESS,Timeliness,95.76,GREEN
DS_POSITION_REPORT_VW,Position Report Public View,P&C,2026-05-04,COMPLETENESS_KEY_PROPS,Completeness of Key Properties,96.92,GREEN
DS_POSITION_REPORT_VW,Position Report Public View,P&C,2026-05-04,PROFILING,Data Profiling,83.33,GREEN
DS_POSITION_REPORT_VW,Position Report Public View,P&C,2026-05-04,DEFINITIONS,Data Definitions,55.88,RED
DS_POSITION_REPORT_VW,Position Report Public View,P&C,2026-05-04,KEY_PROPERTIES,Key Properties,100.0,GREEN
DS_POSITION_REPORT_VW,Position Report Public View,P&C,2026-05-04,USAGE,Usage,60.0,AMBER
DS_POSITION_REPORT_VW,Position Report Public View,P&C,2026-05-04,FEEDBACK,User Feedback,99.02,GREEN
DS_POSITION_REPORT_VW,Position Report Public View,P&C,2026-05-05,OWNERSHIP,Data Ownership,60.0,AMBER
DS_POSITION_REPORT_VW,Position Report Public View,P&C,2026-05-05,SOURCE,Data Source,100.0,GREEN
DS_POSITION_REPORT_VW,Position Report Public View,P&C,2026-05-05,ISSUES,Active Issues,99.0,GREEN
DS_POSITION_REPORT_VW,Position Report Public View,P&C,2026-05-05,TIMELINESS,Timeliness,94.17,GREEN
DS_POSITION_REPORT_VW,Position Report Public View,P&C,2026-05-05,COMPLETENESS_KEY_PROPS,Completeness of Key Properties,99.86,GREEN
DS_POSITION_REPORT_VW,Position Report Public View,P&C,2026-05-05,PROFILING,Data Profiling,79.17,AMBER
DS_POSITION_REPORT_VW,Position Report Public View,P&C,2026-05-05,DEFINITIONS,Data Definitions,56.67,RED
DS_POSITION_REPORT_VW,Position Report Public View,P&C,2026-05-05,KEY_PROPERTIES,Key Properties,100.0,GREEN
DS_POSITION_REPORT_VW,Position Report Public View,P&C,2026-05-05,USAGE,Usage,48.33,RED
DS_POSITION_REPORT_VW,Position Report Public View,P&C,2026-05-05,FEEDBACK,User Feedback,89.78,GREEN
DS_POSITION_REPORT_VW,Position Report Public View,P&C,2026-05-06,OWNERSHIP,Data Ownership,60.0,AMBER
DS_POSITION_REPORT_VW,Position Report Public View,P&C,2026-05-06,SOURCE,Data Source,100.0,GREEN
DS_POSITION_REPORT_VW,Position Report Public View,P&C,2026-05-06,ISSUES,Active Issues,89.0,GREEN
DS_POSITION_REPORT_VW,Position Report Public View,P&C,2026-05-06,TIMELINESS,Timeliness,99.71,GREEN
DS_POSITION_REPORT_VW,Position Report Public View,P&C,2026-05-06,COMPLETENESS_KEY_PROPS,Completeness of Key Properties,95.84,GREEN
DS_POSITION_REPORT_VW,Position Report Public View,P&C,2026-05-06,PROFILING,Data Profiling,79.17,AMBER
DS_POSITION_REPORT_VW,Position Report Public View,P&C,2026-05-06,DEFINITIONS,Data Definitions,55.35,RED
DS_POSITION_REPORT_VW,Position Report Public View,P&C,2026-05-06,KEY_PROPERTIES,Key Properties,100.0,GREEN
DS_POSITION_REPORT_VW,Position Report Public View,P&C,2026-05-06,USAGE,Usage,56.67,RED
DS_POSITION_REPORT_VW,Position Report Public View,P&C,2026-05-06,FEEDBACK,User Feedback,86.7,GREEN
DS_TRENDED_REPORT,Workday Trended Report,P&C,2026-02-05,OWNERSHIP,Data Ownership,60.0,AMBER
DS_TRENDED_REPORT,Workday Trended Report,P&C,2026-02-05,SOURCE,Data Source,100.0,GREEN
DS_TRENDED_REPORT,Workday Trended Report,P&C,2026-02-05,ISSUES,Active Issues,90.0,GREEN
DS_TRENDED_REPORT,Workday Trended Report,P&C,2026-02-05,TIMELINESS,Timeliness,92.04,GREEN
DS_TRENDED_REPORT,Workday Trended Report,P&C,2026-02-05,COMPLETENESS_KEY_PROPS,Completeness of Key Properties,95.79,GREEN
DS_TRENDED_REPORT,Workday Trended Report,P&C,2026-02-05,PROFILING,Data Profiling,66.67,AMBER
DS_TRENDED_REPORT,Workday Trended Report,P&C,2026-02-05,DEFINITIONS,Data Definitions,41.48,RED
DS_TRENDED_REPORT,Workday Trended Report,P&C,2026-02-05,KEY_PROPERTIES,Key Properties,100.0,GREEN
DS_TRENDED_REPORT,Workday Trended Report,P&C,2026-02-05,USAGE,Usage,25.0,RED
DS_TRENDED_REPORT,Workday Trended Report,P&C,2026-02-05,FEEDBACK,User Feedback,79.79,AMBER
DS_TRENDED_REPORT,Workday Trended Report,P&C,2026-02-06,OWNERSHIP,Data Ownership,60.0,AMBER
DS_TRENDED_REPORT,Workday Trended Report,P&C,2026-02-06,SOURCE,Data Source,100.0,GREEN
DS_TRENDED_REPORT,Workday Trended Report,P&C,2026-02-06,ISSUES,Active Issues,96.0,GREEN
DS_TRENDED_REPORT,Workday Trended Report,P&C,2026-02-06,TIMELINESS,Timeliness,88.74,GREEN
DS_TRENDED_REPORT,Workday Trended Report,P&C,2026-02-06,COMPLETENESS_KEY_PROPS,Completeness of Key Properties,97.19,GREEN
DS_TRENDED_REPORT,Workday Trended Report,P&C,2026-02-06,PROFILING,Data Profiling,79.17,AMBER
DS_TRENDED_REPORT,Workday Trended Report,P&C,2026-02-06,DEFINITIONS,Data Definitions,43.69,RED
DS_TRENDED_REPORT,Workday Trended Report,P&C,2026-02-06,KEY_PROPERTIES,Key Properties,100.0,GREEN
DS_TRENDED_REPORT,Workday Trended Report,P&C,2026-02-06,USAGE,Usage,11.67,RED
DS_TRENDED_REPORT,Workday Trended Report,P&C,2026-02-06,FEEDBACK,User Feedback,89.85,GREEN
DS_TRENDED_REPORT,Workday Trended Report,P&C,2026-02-07,OWNERSHIP,Data Ownership,60.0,AMBER
DS_TRENDED_REPORT,Workday Trended Report,P&C,2026-02-07,SOURCE,Data Source,100.0,GREEN
DS_TRENDED_REPORT,Workday Trended Report,P&C,2026-02-07,ISSUES,Active Issues,85.0,GREEN
DS_TRENDED_REPORT,Workday Trended Report,P&C,2026-02-07,TIMELINESS,Timeliness,89.39,GREEN
DS_TRENDED_REPORT,Workday Trended Report,P&C,2026-02-07,COMPLETENESS_KEY_PROPS,Completeness of Key Properties,95.09,GREEN
DS_TRENDED_REPORT,Workday Trended Report,P&C,2026-02-07,PROFILING,Data Profiling,75.0,AMBER
DS_TRENDED_REPORT,Workday Trended Report,P&C,2026-02-07,DEFINITIONS,Data Definitions,46.43,RED
DS_TRENDED_REPORT,Workday Trended Report,P&C,2026-02-07,KEY_PROPERTIES,Key Properties,100.0,GREEN
DS_TRENDED_REPORT,Workday Trended Report,P&C,2026-02-07,USAGE,Usage,30.0,RED
DS_TRENDED_REPORT,Workday Trended Report,P&C,2026-02-07,FEEDBACK,User Feedback,81.77,GREEN
DS_TRENDED_REPORT,Workday Trended Report,P&C,2026-02-08,OWNERSHIP,Data Ownership,60.0,AMBER
DS_TRENDED_REPORT,Workday Trended Report,P&C,2026-02-08,SOURCE,Data Source,100.0,GREEN
DS_TRENDED_REPORT,Workday Trended Report,P&C,2026-02-08,ISSUES,Active Issues,88.0,GREEN
DS_TRENDED_REPORT,Workday Trended Report,P&C,2026-02-08,TIMELINESS,Timeliness,94.73,GREEN
DS_TRENDED_REPORT,Workday Trended Report,P&C,2026-02-08,COMPLETENESS_KEY_PROPS,Completeness of Key Properties,93.78,GREEN
DS_TRENDED_REPORT,Workday Trended Report,P&C,2026-02-08,PROFILING,Data Profiling,70.83,AMBER
DS_TRENDED_REPORT,Workday Trended Report,P&C,2026-02-08,DEFINITIONS,Data Definitions,47.37,RED
DS_TRENDED_REPORT,Workday Trended Report,P&C,2026-02-08,KEY_PROPERTIES,Key Properties,100.0,GREEN
DS_TRENDED_REPORT,Workday Trended Report,P&C,2026-02-08,USAGE,Usage,30.0,RED
DS_TRENDED_REPORT,Workday Trended Report,P&C,2026-02-08,FEEDBACK,User Feedback,73.02,AMBER
DS_TRENDED_REPORT,Workday Trended Report,P&C,2026-02-09,OWNERSHIP,Data Ownership,60.0,AMBER
DS_TRENDED_REPORT,Workday Trended Report,P&C,2026-02-09,SOURCE,Data Source,100.0,GREEN
DS_TRENDED_REPORT,Workday Trended Report,P&C,2026-02-09,ISSUES,Active Issues,97.0,GREEN
DS_TRENDED_REPORT,Workday Trended Report,P&C,2026-02-09,TIMELINESS,Timeliness,99.75,GREEN
DS_TRENDED_REPORT,Workday Trended Report,P&C,2026-02-09,COMPLETENESS_KEY_PROPS,Completeness of Key Properties,99.66,GREEN
DS_TRENDED_REPORT,Workday Trended Report,P&C,2026-02-09,PROFILING,Data Profiling,79.17,AMBER
DS_TRENDED_REPORT,Workday Trended Report,P&C,2026-02-09,DEFINITIONS,Data Definitions,44.37,RED
DS_TRENDED_REPORT,Workday Trended Report,P&C,2026-02-09,KEY_PROPERTIES,Key Properties,100.0,GREEN
DS_TRENDED_REPORT,Workday Trended Report,P&C,2026-02-09,USAGE,Usage,21.67,RED
DS_TRENDED_REPORT,Workday Trended Report,P&C,2026-02-09,FEEDBACK,User Feedback,77.59,AMBER
DS_TRENDED_REPORT,Workday Trended Report,P&C,2026-02-10,OWNERSHIP,Data Ownership,60.0,AMBER
DS_TRENDED_REPORT,Workday Trended Report,P&C,2026-02-10,SOURCE,Data Source,100.0,GREEN
DS_TRENDED_REPORT,Workday Trended Report,P&C,2026-02-10,ISSUES,Active Issues,96.0,GREEN
DS_TRENDED_REPORT,Workday Trended Report,P&C,2026-02-10,TIMELINESS,Timeliness,98.21,GREEN
DS_TRENDED_REPORT,Workday Trended Report,P&C,2026-02-10,COMPLETENESS_KEY_PROPS,Completeness of Key Properties,98.54,GREEN
DS_TRENDED_REPORT,Workday Trended Report,P&C,2026-02-10,PROFILING,Data Profiling,75.0,AMBER
DS_TRENDED_REPORT,Workday Trended Report,P&C,2026-02-10,DEFINITIONS,Data Definitions,47.2,RED
DS_TRENDED_REPORT,Workday Trended Report,P&C,2026-02-10,KEY_PROPERTIES,Key Properties,100.0,GREEN
DS_TRENDED_REPORT,Workday Trended Report,P&C,2026-02-10,USAGE,Usage,16.67,RED
DS_TRENDED_REPORT,Workday Trended Report,P&C,2026-02-10,FEEDBACK,User Feedback,71.66,AMBER
DS_TRENDED_REPORT,Workday Trended Report,P&C,2026-02-11,OWNERSHIP,Data Ownership,60.0,AMBER
DS_TRENDED_REPORT,Workday Trended Report,P&C,2026-02-11,SOURCE,Data Source,100.0,GREEN
DS_TRENDED_REPORT,Workday Trended Report,P&C,2026-02-11,ISSUES,Active Issues,97.0,GREEN
DS_TRENDED_REPORT,Workday Trended Report,P&C,2026-02-11,TIMELINESS,Timeliness,90.93,GREEN
DS_TRENDED_REPORT,Workday Trended Report,P&C,2026-02-11,COMPLETENESS_KEY_PROPS,Completeness of Key Properties,99.3,GREEN
DS_TRENDED_REPORT,Workday Trended Report,P&C,2026-02-11,PROFILING,Data Profiling,75.0,AMBER
DS_TRENDED_REPORT,Workday Trended Report,P&C,2026-02-11,DEFINITIONS,Data Definitions,46.27,RED
DS_TRENDED_REPORT,Workday Trended Report,P&C,2026-02-11,KEY_PROPERTIES,Key Properties,100.0,GREEN
DS_TRENDED_REPORT,Workday Trended Report,P&C,2026-02-11,USAGE,Usage,15.0,RED
DS_TRENDED_REPORT,Workday Trended Report,P&C,2026-02-11,FEEDBACK,User Feedback,74.85,AMBER
DS_TRENDED_REPORT,Workday Trended Report,P&C,2026-02-12,OWNERSHIP,Data Ownership,60.0,AMBER
DS_TRENDED_REPORT,Workday Trended Report,P&C,2026-02-12,SOURCE,Data Source,100.0,GREEN
DS_TRENDED_REPORT,Workday Trended Report,P&C,2026-02-12,ISSUES,Active Issues,98.0,GREEN
DS_TRENDED_REPORT,Workday Trended Report,P&C,2026-02-12,TIMELINESS,Timeliness,96.18,GREEN
DS_TRENDED_REPORT,Workday Trended Report,P&C,2026-02-12,COMPLETENESS_KEY_PROPS,Completeness of Key Properties,94.04,GREEN
DS_TRENDED_REPORT,Workday Trended Report,P&C,2026-02-12,PROFILING,Data Profiling,66.67,AMBER
DS_TRENDED_REPORT,Workday Trended Report,P&C,2026-02-12,DEFINITIONS,Data Definitions,45.18,RED
DS_TRENDED_REPORT,Workday Trended Report,P&C,2026-02-12,KEY_PROPERTIES,Key Properties,100.0,GREEN
DS_TRENDED_REPORT,Workday Trended Report,P&C,2026-02-12,USAGE,Usage,20.0,RED
DS_TRENDED_REPORT,Workday Trended Report,P&C,2026-02-12,FEEDBACK,User Feedback,84.88,GREEN
DS_TRENDED_REPORT,Workday Trended Report,P&C,2026-02-13,OWNERSHIP,Data Ownership,60.0,AMBER
DS_TRENDED_REPORT,Workday Trended Report,P&C,2026-02-13,SOURCE,Data Source,100.0,GREEN
DS_TRENDED_REPORT,Workday Trended Report,P&C,2026-02-13,ISSUES,Active Issues,99.0,GREEN
DS_TRENDED_REPORT,Workday Trended Report,P&C,2026-02-13,TIMELINESS,Timeliness,96.38,GREEN
DS_TRENDED_REPORT,Workday Trended Report,P&C,2026-02-13,COMPLETENESS_KEY_PROPS,Completeness of Key Properties,98.95,GREEN
DS_TRENDED_REPORT,Workday Trended Report,P&C,2026-02-13,PROFILING,Data Profiling,83.33,GREEN
DS_TRENDED_REPORT,Workday Trended Report,P&C,2026-02-13,DEFINITIONS,Data Definitions,46.58,RED
DS_TRENDED_REPORT,Workday Trended Report,P&C,2026-02-13,KEY_PROPERTIES,Key Properties,100.0,GREEN
DS_TRENDED_REPORT,Workday Trended Report,P&C,2026-02-13,USAGE,Usage,25.0,RED
DS_TRENDED_REPORT,Workday Trended Report,P&C,2026-02-13,FEEDBACK,User Feedback,96.95,GREEN
DS_TRENDED_REPORT,Workday Trended Report,P&C,2026-02-14,OWNERSHIP,Data Ownership,60.0,AMBER
DS_TRENDED_REPORT,Workday Trended Report,P&C,2026-02-14,SOURCE,Data Source,100.0,GREEN
DS_TRENDED_REPORT,Workday Trended Report,P&C,2026-02-14,ISSUES,Active Issues,76.0,AMBER
DS_TRENDED_REPORT,Workday Trended Report,P&C,2026-02-14,TIMELINESS,Timeliness,99.69,GREEN
DS_TRENDED_REPORT,Workday Trended Report,P&C,2026-02-14,COMPLETENESS_KEY_PROPS,Completeness of Key Properties,97.21,GREEN
DS_TRENDED_REPORT,Workday Trended Report,P&C,2026-02-14,PROFILING,Data Profiling,83.33,GREEN
DS_TRENDED_REPORT,Workday Trended Report,P&C,2026-02-14,DEFINITIONS,Data Definitions,41.86,RED
DS_TRENDED_REPORT,Workday Trended Report,P&C,2026-02-14,KEY_PROPERTIES,Key Properties,100.0,GREEN
DS_TRENDED_REPORT,Workday Trended Report,P&C,2026-02-14,USAGE,Usage,8.33,RED
DS_TRENDED_REPORT,Workday Trended Report,P&C,2026-02-14,FEEDBACK,User Feedback,70.39,AMBER
DS_TRENDED_REPORT,Workday Trended Report,P&C,2026-02-15,OWNERSHIP,Data Ownership,60.0,AMBER
DS_TRENDED_REPORT,Workday Trended Report,P&C,2026-02-15,SOURCE,Data Source,100.0,GREEN
DS_TRENDED_REPORT,Workday Trended Report,P&C,2026-02-15,ISSUES,Active Issues,93.0,GREEN
DS_TRENDED_REPORT,Workday Trended Report,P&C,2026-02-15,TIMELINESS,Timeliness,94.4,GREEN
DS_TRENDED_REPORT,Workday Trended Report,P&C,2026-02-15,COMPLETENESS_KEY_PROPS,Completeness of Key Properties,99.29,GREEN
DS_TRENDED_REPORT,Workday Trended Report,P&C,2026-02-15,PROFILING,Data Profiling,70.83,AMBER
DS_TRENDED_REPORT,Workday Trended Report,P&C,2026-02-15,DEFINITIONS,Data Definitions,48.08,RED
DS_TRENDED_REPORT,Workday Trended Report,P&C,2026-02-15,KEY_PROPERTIES,Key Properties,100.0,GREEN
DS_TRENDED_REPORT,Workday Trended Report,P&C,2026-02-15,USAGE,Usage,28.33,RED
DS_TRENDED_REPORT,Workday Trended Report,P&C,2026-02-15,FEEDBACK,User Feedback,70.34,AMBER
DS_TRENDED_REPORT,Workday Trended Report,P&C,2026-02-16,OWNERSHIP,Data Ownership,60.0,AMBER
DS_TRENDED_REPORT,Workday Trended Report,P&C,2026-02-16,SOURCE,Data Source,100.0,GREEN
DS_TRENDED_REPORT,Workday Trended Report,P&C,2026-02-16,ISSUES,Active Issues,79.0,AMBER
DS_TRENDED_REPORT,Workday Trended Report,P&C,2026-02-16,TIMELINESS,Timeliness,100.0,GREEN
DS_TRENDED_REPORT,Workday Trended Report,P&C,2026-02-16,COMPLETENESS_KEY_PROPS,Completeness of Key Properties,97.29,GREEN
DS_TRENDED_REPORT,Workday Trended Report,P&C,2026-02-16,PROFILING,Data Profiling,70.83,AMBER
DS_TRENDED_REPORT,Workday Trended Report,P&C,2026-02-16,DEFINITIONS,Data Definitions,42.19,RED
DS_TRENDED_REPORT,Workday Trended Report,P&C,2026-02-16,KEY_PROPERTIES,Key Properties,100.0,GREEN
DS_TRENDED_REPORT,Workday Trended Report,P&C,2026-02-16,USAGE,Usage,6.67,RED
DS_TRENDED_REPORT,Workday Trended Report,P&C,2026-02-16,FEEDBACK,User Feedback,77.43,AMBER
DS_TRENDED_REPORT,Workday Trended Report,P&C,2026-02-17,OWNERSHIP,Data Ownership,60.0,AMBER
DS_TRENDED_REPORT,Workday Trended Report,P&C,2026-02-17,SOURCE,Data Source,100.0,GREEN
DS_TRENDED_REPORT,Workday Trended Report,P&C,2026-02-17,ISSUES,Active Issues,100.0,GREEN
DS_TRENDED_REPORT,Workday Trended Report,P&C,2026-02-17,TIMELINESS,Timeliness,99.6,GREEN
DS_TRENDED_REPORT,Workday Trended Report,P&C,2026-02-17,COMPLETENESS_KEY_PROPS,Completeness of Key Properties,95.55,GREEN
DS_TRENDED_REPORT,Workday Trended Report,P&C,2026-02-17,PROFILING,Data Profiling,79.17,AMBER
DS_TRENDED_REPORT,Workday Trended Report,P&C,2026-02-17,DEFINITIONS,Data Definitions,46.89,RED
DS_TRENDED_REPORT,Workday Trended Report,P&C,2026-02-17,KEY_PROPERTIES,Key Properties,100.0,GREEN
DS_TRENDED_REPORT,Workday Trended Report,P&C,2026-02-17,USAGE,Usage,30.0,RED
DS_TRENDED_REPORT,Workday Trended Report,P&C,2026-02-17,FEEDBACK,User Feedback,70.72,AMBER
DS_TRENDED_REPORT,Workday Trended Report,P&C,2026-02-18,OWNERSHIP,Data Ownership,60.0,AMBER
DS_TRENDED_REPORT,Workday Trended Report,P&C,2026-02-18,SOURCE,Data Source,100.0,GREEN
DS_TRENDED_REPORT,Workday Trended Report,P&C,2026-02-18,ISSUES,Active Issues,97.0,GREEN
DS_TRENDED_REPORT,Workday Trended Report,P&C,2026-02-18,TIMELINESS,Timeliness,99.05,GREEN
DS_TRENDED_REPORT,Workday Trended Report,P&C,2026-02-18,COMPLETENESS_KEY_PROPS,Completeness of Key Properties,96.95,GREEN
DS_TRENDED_REPORT,Workday Trended Report,P&C,2026-02-18,PROFILING,Data Profiling,79.17,AMBER
DS_TRENDED_REPORT,Workday Trended Report,P&C,2026-02-18,DEFINITIONS,Data Definitions,45.83,RED
DS_TRENDED_REPORT,Workday Trended Report,P&C,2026-02-18,KEY_PROPERTIES,Key Properties,100.0,GREEN
DS_TRENDED_REPORT,Workday Trended Report,P&C,2026-02-18,USAGE,Usage,0.0,RED
DS_TRENDED_REPORT,Workday Trended Report,P&C,2026-02-18,FEEDBACK,User Feedback,76.16,AMBER
DS_TRENDED_REPORT,Workday Trended Report,P&C,2026-02-19,OWNERSHIP,Data Ownership,60.0,AMBER
DS_TRENDED_REPORT,Workday Trended Report,P&C,2026-02-19,SOURCE,Data Source,100.0,GREEN
DS_TRENDED_REPORT,Workday Trended Report,P&C,2026-02-19,ISSUES,Active Issues,97.0,GREEN
DS_TRENDED_REPORT,Workday Trended Report,P&C,2026-02-19,TIMELINESS,Timeliness,89.15,GREEN
DS_TRENDED_REPORT,Workday Trended Report,P&C,2026-02-19,COMPLETENESS_KEY_PROPS,Completeness of Key Properties,98.96,GREEN
DS_TRENDED_REPORT,Workday Trended Report,P&C,2026-02-19,PROFILING,Data Profiling,79.17,AMBER
DS_TRENDED_REPORT,Workday Trended Report,P&C,2026-02-19,DEFINITIONS,Data Definitions,45.18,RED
DS_TRENDED_REPORT,Workday Trended Report,P&C,2026-02-19,KEY_PROPERTIES,Key Properties,100.0,GREEN
DS_TRENDED_REPORT,Workday Trended Report,P&C,2026-02-19,USAGE,Usage,23.33,RED
DS_TRENDED_REPORT,Workday Trended Report,P&C,2026-02-19,FEEDBACK,User Feedback,92.4,GREEN
DS_TRENDED_REPORT,Workday Trended Report,P&C,2026-02-20,OWNERSHIP,Data Ownership,60.0,AMBER
DS_TRENDED_REPORT,Workday Trended Report,P&C,2026-02-20,SOURCE,Data Source,100.0,GREEN
DS_TRENDED_REPORT,Workday Trended Report,P&C,2026-02-20,ISSUES,Active Issues,95.0,GREEN
DS_TRENDED_REPORT,Workday Trended Report,P&C,2026-02-20,TIMELINESS,Timeliness,95.09,GREEN
DS_TRENDED_REPORT,Workday Trended Report,P&C,2026-02-20,COMPLETENESS_KEY_PROPS,Completeness of Key Properties,97.46,GREEN
DS_TRENDED_REPORT,Workday Trended Report,P&C,2026-02-20,PROFILING,Data Profiling,75.0,AMBER
DS_TRENDED_REPORT,Workday Trended Report,P&C,2026-02-20,DEFINITIONS,Data Definitions,48.85,RED
DS_TRENDED_REPORT,Workday Trended Report,P&C,2026-02-20,KEY_PROPERTIES,Key Properties,100.0,GREEN
DS_TRENDED_REPORT,Workday Trended Report,P&C,2026-02-20,USAGE,Usage,8.33,RED
DS_TRENDED_REPORT,Workday Trended Report,P&C,2026-02-20,FEEDBACK,User Feedback,79.11,AMBER
DS_TRENDED_REPORT,Workday Trended Report,P&C,2026-02-21,OWNERSHIP,Data Ownership,60.0,AMBER
DS_TRENDED_REPORT,Workday Trended Report,P&C,2026-02-21,SOURCE,Data Source,100.0,GREEN
DS_TRENDED_REPORT,Workday Trended Report,P&C,2026-02-21,ISSUES,Active Issues,93.0,GREEN
DS_TRENDED_REPORT,Workday Trended Report,P&C,2026-02-21,TIMELINESS,Timeliness,97.85,GREEN
DS_TRENDED_REPORT,Workday Trended Report,P&C,2026-02-21,COMPLETENESS_KEY_PROPS,Completeness of Key Properties,95.64,GREEN
DS_TRENDED_REPORT,Workday Trended Report,P&C,2026-02-21,PROFILING,Data Profiling,75.0,AMBER
DS_TRENDED_REPORT,Workday Trended Report,P&C,2026-02-21,DEFINITIONS,Data Definitions,44.9,RED
DS_TRENDED_REPORT,Workday Trended Report,P&C,2026-02-21,KEY_PROPERTIES,Key Properties,100.0,GREEN
DS_TRENDED_REPORT,Workday Trended Report,P&C,2026-02-21,USAGE,Usage,28.33,RED
DS_TRENDED_REPORT,Workday Trended Report,P&C,2026-02-21,FEEDBACK,User Feedback,81.47,GREEN
DS_TRENDED_REPORT,Workday Trended Report,P&C,2026-02-22,OWNERSHIP,Data Ownership,60.0,AMBER
DS_TRENDED_REPORT,Workday Trended Report,P&C,2026-02-22,SOURCE,Data Source,100.0,GREEN
DS_TRENDED_REPORT,Workday Trended Report,P&C,2026-02-22,ISSUES,Active Issues,100.0,GREEN
DS_TRENDED_REPORT,Workday Trended Report,P&C,2026-02-22,TIMELINESS,Timeliness,100.0,GREEN
DS_TRENDED_REPORT,Workday Trended Report,P&C,2026-02-22,COMPLETENESS_KEY_PROPS,Completeness of Key Properties,95.73,GREEN
DS_TRENDED_REPORT,Workday Trended Report,P&C,2026-02-22,PROFILING,Data Profiling,87.5,GREEN
DS_TRENDED_REPORT,Workday Trended Report,P&C,2026-02-22,DEFINITIONS,Data Definitions,48.08,RED
DS_TRENDED_REPORT,Workday Trended Report,P&C,2026-02-22,KEY_PROPERTIES,Key Properties,100.0,GREEN
DS_TRENDED_REPORT,Workday Trended Report,P&C,2026-02-22,USAGE,Usage,5.0,RED
DS_TRENDED_REPORT,Workday Trended Report,P&C,2026-02-22,FEEDBACK,User Feedback,87.29,GREEN
DS_TRENDED_REPORT,Workday Trended Report,P&C,2026-02-23,OWNERSHIP,Data Ownership,60.0,AMBER
DS_TRENDED_REPORT,Workday Trended Report,P&C,2026-02-23,SOURCE,Data Source,100.0,GREEN
DS_TRENDED_REPORT,Workday Trended Report,P&C,2026-02-23,ISSUES,Active Issues,97.0,GREEN
DS_TRENDED_REPORT,Workday Trended Report,P&C,2026-02-23,TIMELINESS,Timeliness,93.92,GREEN
DS_TRENDED_REPORT,Workday Trended Report,P&C,2026-02-23,COMPLETENESS_KEY_PROPS,Completeness of Key Properties,98.56,GREEN
DS_TRENDED_REPORT,Workday Trended Report,P&C,2026-02-23,PROFILING,Data Profiling,91.67,GREEN
DS_TRENDED_REPORT,Workday Trended Report,P&C,2026-02-23,DEFINITIONS,Data Definitions,42.61,RED
DS_TRENDED_REPORT,Workday Trended Report,P&C,2026-02-23,KEY_PROPERTIES,Key Properties,100.0,GREEN
DS_TRENDED_REPORT,Workday Trended Report,P&C,2026-02-23,USAGE,Usage,11.67,RED
DS_TRENDED_REPORT,Workday Trended Report,P&C,2026-02-23,FEEDBACK,User Feedback,99.59,GREEN
DS_TRENDED_REPORT,Workday Trended Report,P&C,2026-02-24,OWNERSHIP,Data Ownership,60.0,AMBER
DS_TRENDED_REPORT,Workday Trended Report,P&C,2026-02-24,SOURCE,Data Source,100.0,GREEN
DS_TRENDED_REPORT,Workday Trended Report,P&C,2026-02-24,ISSUES,Active Issues,100.0,GREEN
DS_TRENDED_REPORT,Workday Trended Report,P&C,2026-02-24,TIMELINESS,Timeliness,96.93,GREEN
DS_TRENDED_REPORT,Workday Trended Report,P&C,2026-02-24,COMPLETENESS_KEY_PROPS,Completeness of Key Properties,98.04,GREEN
DS_TRENDED_REPORT,Workday Trended Report,P&C,2026-02-24,PROFILING,Data Profiling,87.5,GREEN
DS_TRENDED_REPORT,Workday Trended Report,P&C,2026-02-24,DEFINITIONS,Data Definitions,45.57,RED
DS_TRENDED_REPORT,Workday Trended Report,P&C,2026-02-24,KEY_PROPERTIES,Key Properties,100.0,GREEN
DS_TRENDED_REPORT,Workday Trended Report,P&C,2026-02-24,USAGE,Usage,18.33,RED
DS_TRENDED_REPORT,Workday Trended Report,P&C,2026-02-24,FEEDBACK,User Feedback,86.08,GREEN
DS_TRENDED_REPORT,Workday Trended Report,P&C,2026-02-25,OWNERSHIP,Data Ownership,60.0,AMBER
DS_TRENDED_REPORT,Workday Trended Report,P&C,2026-02-25,SOURCE,Data Source,100.0,GREEN
DS_TRENDED_REPORT,Workday Trended Report,P&C,2026-02-25,ISSUES,Active Issues,100.0,GREEN
DS_TRENDED_REPORT,Workday Trended Report,P&C,2026-02-25,TIMELINESS,Timeliness,92.34,GREEN
DS_TRENDED_REPORT,Workday Trended Report,P&C,2026-02-25,COMPLETENESS_KEY_PROPS,Completeness of Key Properties,98.02,GREEN
DS_TRENDED_REPORT,Workday Trended Report,P&C,2026-02-25,PROFILING,Data Profiling,87.5,GREEN
DS_TRENDED_REPORT,Workday Trended Report,P&C,2026-02-25,DEFINITIONS,Data Definitions,47.31,RED
DS_TRENDED_REPORT,Workday Trended Report,P&C,2026-02-25,KEY_PROPERTIES,Key Properties,100.0,GREEN
DS_TRENDED_REPORT,Workday Trended Report,P&C,2026-02-25,USAGE,Usage,15.0,RED
DS_TRENDED_REPORT,Workday Trended Report,P&C,2026-02-25,FEEDBACK,User Feedback,93.43,GREEN
DS_TRENDED_REPORT,Workday Trended Report,P&C,2026-02-26,OWNERSHIP,Data Ownership,60.0,AMBER
DS_TRENDED_REPORT,Workday Trended Report,P&C,2026-02-26,SOURCE,Data Source,100.0,GREEN
DS_TRENDED_REPORT,Workday Trended Report,P&C,2026-02-26,ISSUES,Active Issues,96.0,GREEN
DS_TRENDED_REPORT,Workday Trended Report,P&C,2026-02-26,TIMELINESS,Timeliness,98.56,GREEN
DS_TRENDED_REPORT,Workday Trended Report,P&C,2026-02-26,COMPLETENESS_KEY_PROPS,Completeness of Key Properties,94.72,GREEN
DS_TRENDED_REPORT,Workday Trended Report,P&C,2026-02-26,PROFILING,Data Profiling,70.83,AMBER
DS_TRENDED_REPORT,Workday Trended Report,P&C,2026-02-26,DEFINITIONS,Data Definitions,53.12,RED
DS_TRENDED_REPORT,Workday Trended Report,P&C,2026-02-26,KEY_PROPERTIES,Key Properties,100.0,GREEN
DS_TRENDED_REPORT,Workday Trended Report,P&C,2026-02-26,USAGE,Usage,25.0,RED
DS_TRENDED_REPORT,Workday Trended Report,P&C,2026-02-26,FEEDBACK,User Feedback,81.81,GREEN
DS_TRENDED_REPORT,Workday Trended Report,P&C,2026-02-27,OWNERSHIP,Data Ownership,60.0,AMBER
DS_TRENDED_REPORT,Workday Trended Report,P&C,2026-02-27,SOURCE,Data Source,100.0,GREEN
DS_TRENDED_REPORT,Workday Trended Report,P&C,2026-02-27,ISSUES,Active Issues,99.0,GREEN
DS_TRENDED_REPORT,Workday Trended Report,P&C,2026-02-27,TIMELINESS,Timeliness,97.55,GREEN
DS_TRENDED_REPORT,Workday Trended Report,P&C,2026-02-27,COMPLETENESS_KEY_PROPS,Completeness of Key Properties,100.0,GREEN
DS_TRENDED_REPORT,Workday Trended Report,P&C,2026-02-27,PROFILING,Data Profiling,83.33,GREEN
DS_TRENDED_REPORT,Workday Trended Report,P&C,2026-02-27,DEFINITIONS,Data Definitions,42.67,RED
DS_TRENDED_REPORT,Workday Trended Report,P&C,2026-02-27,KEY_PROPERTIES,Key Properties,100.0,GREEN
DS_TRENDED_REPORT,Workday Trended Report,P&C,2026-02-27,USAGE,Usage,13.33,RED
DS_TRENDED_REPORT,Workday Trended Report,P&C,2026-02-27,FEEDBACK,User Feedback,81.72,GREEN
DS_TRENDED_REPORT,Workday Trended Report,P&C,2026-02-28,OWNERSHIP,Data Ownership,60.0,AMBER
DS_TRENDED_REPORT,Workday Trended Report,P&C,2026-02-28,SOURCE,Data Source,100.0,GREEN
DS_TRENDED_REPORT,Workday Trended Report,P&C,2026-02-28,ISSUES,Active Issues,100.0,GREEN
DS_TRENDED_REPORT,Workday Trended Report,P&C,2026-02-28,TIMELINESS,Timeliness,99.94,GREEN
DS_TRENDED_REPORT,Workday Trended Report,P&C,2026-02-28,COMPLETENESS_KEY_PROPS,Completeness of Key Properties,98.79,GREEN
DS_TRENDED_REPORT,Workday Trended Report,P&C,2026-02-28,PROFILING,Data Profiling,83.33,GREEN
DS_TRENDED_REPORT,Workday Trended Report,P&C,2026-02-28,DEFINITIONS,Data Definitions,39.62,RED
DS_TRENDED_REPORT,Workday Trended Report,P&C,2026-02-28,KEY_PROPERTIES,Key Properties,100.0,GREEN
DS_TRENDED_REPORT,Workday Trended Report,P&C,2026-02-28,USAGE,Usage,45.0,RED
DS_TRENDED_REPORT,Workday Trended Report,P&C,2026-02-28,FEEDBACK,User Feedback,92.73,GREEN
DS_TRENDED_REPORT,Workday Trended Report,P&C,2026-03-01,OWNERSHIP,Data Ownership,60.0,AMBER
DS_TRENDED_REPORT,Workday Trended Report,P&C,2026-03-01,SOURCE,Data Source,100.0,GREEN
DS_TRENDED_REPORT,Workday Trended Report,P&C,2026-03-01,ISSUES,Active Issues,97.0,GREEN
DS_TRENDED_REPORT,Workday Trended Report,P&C,2026-03-01,TIMELINESS,Timeliness,100.0,GREEN
DS_TRENDED_REPORT,Workday Trended Report,P&C,2026-03-01,COMPLETENESS_KEY_PROPS,Completeness of Key Properties,95.38,GREEN
DS_TRENDED_REPORT,Workday Trended Report,P&C,2026-03-01,PROFILING,Data Profiling,79.17,AMBER
DS_TRENDED_REPORT,Workday Trended Report,P&C,2026-03-01,DEFINITIONS,Data Definitions,41.1,RED
DS_TRENDED_REPORT,Workday Trended Report,P&C,2026-03-01,KEY_PROPERTIES,Key Properties,100.0,GREEN
DS_TRENDED_REPORT,Workday Trended Report,P&C,2026-03-01,USAGE,Usage,13.33,RED
DS_TRENDED_REPORT,Workday Trended Report,P&C,2026-03-01,FEEDBACK,User Feedback,74.16,AMBER
DS_TRENDED_REPORT,Workday Trended Report,P&C,2026-03-02,OWNERSHIP,Data Ownership,60.0,AMBER
DS_TRENDED_REPORT,Workday Trended Report,P&C,2026-03-02,SOURCE,Data Source,100.0,GREEN
DS_TRENDED_REPORT,Workday Trended Report,P&C,2026-03-02,ISSUES,Active Issues,95.0,GREEN
DS_TRENDED_REPORT,Workday Trended Report,P&C,2026-03-02,TIMELINESS,Timeliness,94.96,GREEN
DS_TRENDED_REPORT,Workday Trended Report,P&C,2026-03-02,COMPLETENESS_KEY_PROPS,Completeness of Key Properties,97.28,GREEN
DS_TRENDED_REPORT,Workday Trended Report,P&C,2026-03-02,PROFILING,Data Profiling,75.0,AMBER
DS_TRENDED_REPORT,Workday Trended Report,P&C,2026-03-02,DEFINITIONS,Data Definitions,45.91,RED
DS_TRENDED_REPORT,Workday Trended Report,P&C,2026-03-02,KEY_PROPERTIES,Key Properties,100.0,GREEN
DS_TRENDED_REPORT,Workday Trended Report,P&C,2026-03-02,USAGE,Usage,23.33,RED
DS_TRENDED_REPORT,Workday Trended Report,P&C,2026-03-02,FEEDBACK,User Feedback,91.39,GREEN
DS_TRENDED_REPORT,Workday Trended Report,P&C,2026-03-03,OWNERSHIP,Data Ownership,60.0,AMBER
DS_TRENDED_REPORT,Workday Trended Report,P&C,2026-03-03,SOURCE,Data Source,100.0,GREEN
DS_TRENDED_REPORT,Workday Trended Report,P&C,2026-03-03,ISSUES,Active Issues,98.0,GREEN
DS_TRENDED_REPORT,Workday Trended Report,P&C,2026-03-03,TIMELINESS,Timeliness,98.22,GREEN
DS_TRENDED_REPORT,Workday Trended Report,P&C,2026-03-03,COMPLETENESS_KEY_PROPS,Completeness of Key Properties,97.64,GREEN
DS_TRENDED_REPORT,Workday Trended Report,P&C,2026-03-03,PROFILING,Data Profiling,79.17,AMBER
DS_TRENDED_REPORT,Workday Trended Report,P&C,2026-03-03,DEFINITIONS,Data Definitions,44.44,RED
DS_TRENDED_REPORT,Workday Trended Report,P&C,2026-03-03,KEY_PROPERTIES,Key Properties,100.0,GREEN
DS_TRENDED_REPORT,Workday Trended Report,P&C,2026-03-03,USAGE,Usage,16.67,RED
DS_TRENDED_REPORT,Workday Trended Report,P&C,2026-03-03,FEEDBACK,User Feedback,65.22,AMBER
DS_TRENDED_REPORT,Workday Trended Report,P&C,2026-03-04,OWNERSHIP,Data Ownership,60.0,AMBER
DS_TRENDED_REPORT,Workday Trended Report,P&C,2026-03-04,SOURCE,Data Source,100.0,GREEN
DS_TRENDED_REPORT,Workday Trended Report,P&C,2026-03-04,ISSUES,Active Issues,97.0,GREEN
DS_TRENDED_REPORT,Workday Trended Report,P&C,2026-03-04,TIMELINESS,Timeliness,94.29,GREEN
DS_TRENDED_REPORT,Workday Trended Report,P&C,2026-03-04,COMPLETENESS_KEY_PROPS,Completeness of Key Properties,100.0,GREEN
DS_TRENDED_REPORT,Workday Trended Report,P&C,2026-03-04,PROFILING,Data Profiling,66.67,AMBER
DS_TRENDED_REPORT,Workday Trended Report,P&C,2026-03-04,DEFINITIONS,Data Definitions,46.37,RED
DS_TRENDED_REPORT,Workday Trended Report,P&C,2026-03-04,KEY_PROPERTIES,Key Properties,100.0,GREEN
DS_TRENDED_REPORT,Workday Trended Report,P&C,2026-03-04,USAGE,Usage,21.67,RED
DS_TRENDED_REPORT,Workday Trended Report,P&C,2026-03-04,FEEDBACK,User Feedback,70.88,AMBER
DS_TRENDED_REPORT,Workday Trended Report,P&C,2026-03-05,OWNERSHIP,Data Ownership,60.0,AMBER
DS_TRENDED_REPORT,Workday Trended Report,P&C,2026-03-05,SOURCE,Data Source,100.0,GREEN
DS_TRENDED_REPORT,Workday Trended Report,P&C,2026-03-05,ISSUES,Active Issues,98.0,GREEN
DS_TRENDED_REPORT,Workday Trended Report,P&C,2026-03-05,TIMELINESS,Timeliness,96.1,GREEN
DS_TRENDED_REPORT,Workday Trended Report,P&C,2026-03-05,COMPLETENESS_KEY_PROPS,Completeness of Key Properties,98.74,GREEN
DS_TRENDED_REPORT,Workday Trended Report,P&C,2026-03-05,PROFILING,Data Profiling,83.33,GREEN
DS_TRENDED_REPORT,Workday Trended Report,P&C,2026-03-05,DEFINITIONS,Data Definitions,44.24,RED
DS_TRENDED_REPORT,Workday Trended Report,P&C,2026-03-05,KEY_PROPERTIES,Key Properties,100.0,GREEN
DS_TRENDED_REPORT,Workday Trended Report,P&C,2026-03-05,USAGE,Usage,26.67,RED
DS_TRENDED_REPORT,Workday Trended Report,P&C,2026-03-05,FEEDBACK,User Feedback,71.8,AMBER
DS_TRENDED_REPORT,Workday Trended Report,P&C,2026-03-06,OWNERSHIP,Data Ownership,60.0,AMBER
DS_TRENDED_REPORT,Workday Trended Report,P&C,2026-03-06,SOURCE,Data Source,100.0,GREEN
DS_TRENDED_REPORT,Workday Trended Report,P&C,2026-03-06,ISSUES,Active Issues,99.0,GREEN
DS_TRENDED_REPORT,Workday Trended Report,P&C,2026-03-06,TIMELINESS,Timeliness,100.0,GREEN
DS_TRENDED_REPORT,Workday Trended Report,P&C,2026-03-06,COMPLETENESS_KEY_PROPS,Completeness of Key Properties,96.83,GREEN
DS_TRENDED_REPORT,Workday Trended Report,P&C,2026-03-06,PROFILING,Data Profiling,79.17,AMBER
DS_TRENDED_REPORT,Workday Trended Report,P&C,2026-03-06,DEFINITIONS,Data Definitions,44.02,RED
DS_TRENDED_REPORT,Workday Trended Report,P&C,2026-03-06,KEY_PROPERTIES,Key Properties,100.0,GREEN
DS_TRENDED_REPORT,Workday Trended Report,P&C,2026-03-06,USAGE,Usage,20.0,RED
DS_TRENDED_REPORT,Workday Trended Report,P&C,2026-03-06,FEEDBACK,User Feedback,83.98,GREEN
DS_TRENDED_REPORT,Workday Trended Report,P&C,2026-03-07,OWNERSHIP,Data Ownership,60.0,AMBER
DS_TRENDED_REPORT,Workday Trended Report,P&C,2026-03-07,SOURCE,Data Source,100.0,GREEN
DS_TRENDED_REPORT,Workday Trended Report,P&C,2026-03-07,ISSUES,Active Issues,100.0,GREEN
DS_TRENDED_REPORT,Workday Trended Report,P&C,2026-03-07,TIMELINESS,Timeliness,97.74,GREEN
DS_TRENDED_REPORT,Workday Trended Report,P&C,2026-03-07,COMPLETENESS_KEY_PROPS,Completeness of Key Properties,97.19,GREEN
DS_TRENDED_REPORT,Workday Trended Report,P&C,2026-03-07,PROFILING,Data Profiling,79.17,AMBER
DS_TRENDED_REPORT,Workday Trended Report,P&C,2026-03-07,DEFINITIONS,Data Definitions,43.53,RED
DS_TRENDED_REPORT,Workday Trended Report,P&C,2026-03-07,KEY_PROPERTIES,Key Properties,100.0,GREEN
DS_TRENDED_REPORT,Workday Trended Report,P&C,2026-03-07,USAGE,Usage,33.33,RED
DS_TRENDED_REPORT,Workday Trended Report,P&C,2026-03-07,FEEDBACK,User Feedback,89.47,GREEN
DS_TRENDED_REPORT,Workday Trended Report,P&C,2026-03-08,OWNERSHIP,Data Ownership,60.0,AMBER
DS_TRENDED_REPORT,Workday Trended Report,P&C,2026-03-08,SOURCE,Data Source,100.0,GREEN
DS_TRENDED_REPORT,Workday Trended Report,P&C,2026-03-08,ISSUES,Active Issues,97.0,GREEN
DS_TRENDED_REPORT,Workday Trended Report,P&C,2026-03-08,TIMELINESS,Timeliness,100.0,GREEN
DS_TRENDED_REPORT,Workday Trended Report,P&C,2026-03-08,COMPLETENESS_KEY_PROPS,Completeness of Key Properties,98.52,GREEN
DS_TRENDED_REPORT,Workday Trended Report,P&C,2026-03-08,PROFILING,Data Profiling,87.5,GREEN
DS_TRENDED_REPORT,Workday Trended Report,P&C,2026-03-08,DEFINITIONS,Data Definitions,46.46,RED
DS_TRENDED_REPORT,Workday Trended Report,P&C,2026-03-08,KEY_PROPERTIES,Key Properties,100.0,GREEN
DS_TRENDED_REPORT,Workday Trended Report,P&C,2026-03-08,USAGE,Usage,25.0,RED
DS_TRENDED_REPORT,Workday Trended Report,P&C,2026-03-08,FEEDBACK,User Feedback,83.95,GREEN
DS_TRENDED_REPORT,Workday Trended Report,P&C,2026-03-09,OWNERSHIP,Data Ownership,60.0,AMBER
DS_TRENDED_REPORT,Workday Trended Report,P&C,2026-03-09,SOURCE,Data Source,100.0,GREEN
DS_TRENDED_REPORT,Workday Trended Report,P&C,2026-03-09,ISSUES,Active Issues,100.0,GREEN
DS_TRENDED_REPORT,Workday Trended Report,P&C,2026-03-09,TIMELINESS,Timeliness,99.57,GREEN
DS_TRENDED_REPORT,Workday Trended Report,P&C,2026-03-09,COMPLETENESS_KEY_PROPS,Completeness of Key Properties,97.83,GREEN
DS_TRENDED_REPORT,Workday Trended Report,P&C,2026-03-09,PROFILING,Data Profiling,75.0,AMBER
DS_TRENDED_REPORT,Workday Trended Report,P&C,2026-03-09,DEFINITIONS,Data Definitions,51.58,RED
DS_TRENDED_REPORT,Workday Trended Report,P&C,2026-03-09,KEY_PROPERTIES,Key Properties,100.0,GREEN
DS_TRENDED_REPORT,Workday Trended Report,P&C,2026-03-09,USAGE,Usage,20.0,RED
DS_TRENDED_REPORT,Workday Trended Report,P&C,2026-03-09,FEEDBACK,User Feedback,83.46,GREEN
DS_TRENDED_REPORT,Workday Trended Report,P&C,2026-03-10,OWNERSHIP,Data Ownership,60.0,AMBER
DS_TRENDED_REPORT,Workday Trended Report,P&C,2026-03-10,SOURCE,Data Source,100.0,GREEN
DS_TRENDED_REPORT,Workday Trended Report,P&C,2026-03-10,ISSUES,Active Issues,97.0,GREEN
DS_TRENDED_REPORT,Workday Trended Report,P&C,2026-03-10,TIMELINESS,Timeliness,97.71,GREEN
DS_TRENDED_REPORT,Workday Trended Report,P&C,2026-03-10,COMPLETENESS_KEY_PROPS,Completeness of Key Properties,94.74,GREEN
DS_TRENDED_REPORT,Workday Trended Report,P&C,2026-03-10,PROFILING,Data Profiling,75.0,AMBER
DS_TRENDED_REPORT,Workday Trended Report,P&C,2026-03-10,DEFINITIONS,Data Definitions,47.9,RED
DS_TRENDED_REPORT,Workday Trended Report,P&C,2026-03-10,KEY_PROPERTIES,Key Properties,100.0,GREEN
DS_TRENDED_REPORT,Workday Trended Report,P&C,2026-03-10,USAGE,Usage,25.0,RED
DS_TRENDED_REPORT,Workday Trended Report,P&C,2026-03-10,FEEDBACK,User Feedback,72.89,AMBER
DS_TRENDED_REPORT,Workday Trended Report,P&C,2026-03-11,OWNERSHIP,Data Ownership,60.0,AMBER
DS_TRENDED_REPORT,Workday Trended Report,P&C,2026-03-11,SOURCE,Data Source,100.0,GREEN
DS_TRENDED_REPORT,Workday Trended Report,P&C,2026-03-11,ISSUES,Active Issues,97.0,GREEN
DS_TRENDED_REPORT,Workday Trended Report,P&C,2026-03-11,TIMELINESS,Timeliness,95.14,GREEN
DS_TRENDED_REPORT,Workday Trended Report,P&C,2026-03-11,COMPLETENESS_KEY_PROPS,Completeness of Key Properties,97.37,GREEN
DS_TRENDED_REPORT,Workday Trended Report,P&C,2026-03-11,PROFILING,Data Profiling,87.5,GREEN
DS_TRENDED_REPORT,Workday Trended Report,P&C,2026-03-11,DEFINITIONS,Data Definitions,45.08,RED
DS_TRENDED_REPORT,Workday Trended Report,P&C,2026-03-11,KEY_PROPERTIES,Key Properties,100.0,GREEN
DS_TRENDED_REPORT,Workday Trended Report,P&C,2026-03-11,USAGE,Usage,1.67,RED
DS_TRENDED_REPORT,Workday Trended Report,P&C,2026-03-11,FEEDBACK,User Feedback,84.58,GREEN
DS_TRENDED_REPORT,Workday Trended Report,P&C,2026-03-12,OWNERSHIP,Data Ownership,60.0,AMBER
DS_TRENDED_REPORT,Workday Trended Report,P&C,2026-03-12,SOURCE,Data Source,100.0,GREEN
DS_TRENDED_REPORT,Workday Trended Report,P&C,2026-03-12,ISSUES,Active Issues,86.0,GREEN
DS_TRENDED_REPORT,Workday Trended Report,P&C,2026-03-12,TIMELINESS,Timeliness,94.97,GREEN
DS_TRENDED_REPORT,Workday Trended Report,P&C,2026-03-12,COMPLETENESS_KEY_PROPS,Completeness of Key Properties,98.82,GREEN
DS_TRENDED_REPORT,Workday Trended Report,P&C,2026-03-12,PROFILING,Data Profiling,79.17,AMBER
DS_TRENDED_REPORT,Workday Trended Report,P&C,2026-03-12,DEFINITIONS,Data Definitions,36.07,RED
DS_TRENDED_REPORT,Workday Trended Report,P&C,2026-03-12,KEY_PROPERTIES,Key Properties,100.0,GREEN
DS_TRENDED_REPORT,Workday Trended Report,P&C,2026-03-12,USAGE,Usage,26.67,RED
DS_TRENDED_REPORT,Workday Trended Report,P&C,2026-03-12,FEEDBACK,User Feedback,85.17,GREEN
DS_TRENDED_REPORT,Workday Trended Report,P&C,2026-03-13,OWNERSHIP,Data Ownership,60.0,AMBER
DS_TRENDED_REPORT,Workday Trended Report,P&C,2026-03-13,SOURCE,Data Source,100.0,GREEN
DS_TRENDED_REPORT,Workday Trended Report,P&C,2026-03-13,ISSUES,Active Issues,96.0,GREEN
DS_TRENDED_REPORT,Workday Trended Report,P&C,2026-03-13,TIMELINESS,Timeliness,96.24,GREEN
DS_TRENDED_REPORT,Workday Trended Report,P&C,2026-03-13,COMPLETENESS_KEY_PROPS,Completeness of Key Properties,96.69,GREEN
DS_TRENDED_REPORT,Workday Trended Report,P&C,2026-03-13,PROFILING,Data Profiling,70.83,AMBER
DS_TRENDED_REPORT,Workday Trended Report,P&C,2026-03-13,DEFINITIONS,Data Definitions,43.31,RED
DS_TRENDED_REPORT,Workday Trended Report,P&C,2026-03-13,KEY_PROPERTIES,Key Properties,100.0,GREEN
DS_TRENDED_REPORT,Workday Trended Report,P&C,2026-03-13,USAGE,Usage,25.0,RED
DS_TRENDED_REPORT,Workday Trended Report,P&C,2026-03-13,FEEDBACK,User Feedback,77.72,AMBER
DS_TRENDED_REPORT,Workday Trended Report,P&C,2026-03-14,OWNERSHIP,Data Ownership,60.0,AMBER
DS_TRENDED_REPORT,Workday Trended Report,P&C,2026-03-14,SOURCE,Data Source,100.0,GREEN
DS_TRENDED_REPORT,Workday Trended Report,P&C,2026-03-14,ISSUES,Active Issues,90.0,GREEN
DS_TRENDED_REPORT,Workday Trended Report,P&C,2026-03-14,TIMELINESS,Timeliness,90.68,GREEN
DS_TRENDED_REPORT,Workday Trended Report,P&C,2026-03-14,COMPLETENESS_KEY_PROPS,Completeness of Key Properties,97.37,GREEN
DS_TRENDED_REPORT,Workday Trended Report,P&C,2026-03-14,PROFILING,Data Profiling,83.33,GREEN
DS_TRENDED_REPORT,Workday Trended Report,P&C,2026-03-14,DEFINITIONS,Data Definitions,45.33,RED
DS_TRENDED_REPORT,Workday Trended Report,P&C,2026-03-14,KEY_PROPERTIES,Key Properties,100.0,GREEN
DS_TRENDED_REPORT,Workday Trended Report,P&C,2026-03-14,USAGE,Usage,15.0,RED
DS_TRENDED_REPORT,Workday Trended Report,P&C,2026-03-14,FEEDBACK,User Feedback,70.34,AMBER
DS_TRENDED_REPORT,Workday Trended Report,P&C,2026-03-15,OWNERSHIP,Data Ownership,60.0,AMBER
DS_TRENDED_REPORT,Workday Trended Report,P&C,2026-03-15,SOURCE,Data Source,100.0,GREEN
DS_TRENDED_REPORT,Workday Trended Report,P&C,2026-03-15,ISSUES,Active Issues,97.0,GREEN
DS_TRENDED_REPORT,Workday Trended Report,P&C,2026-03-15,TIMELINESS,Timeliness,100.0,GREEN
DS_TRENDED_REPORT,Workday Trended Report,P&C,2026-03-15,COMPLETENESS_KEY_PROPS,Completeness of Key Properties,96.58,GREEN
DS_TRENDED_REPORT,Workday Trended Report,P&C,2026-03-15,PROFILING,Data Profiling,75.0,AMBER
DS_TRENDED_REPORT,Workday Trended Report,P&C,2026-03-15,DEFINITIONS,Data Definitions,46.22,RED
DS_TRENDED_REPORT,Workday Trended Report,P&C,2026-03-15,KEY_PROPERTIES,Key Properties,100.0,GREEN
DS_TRENDED_REPORT,Workday Trended Report,P&C,2026-03-15,USAGE,Usage,6.67,RED
DS_TRENDED_REPORT,Workday Trended Report,P&C,2026-03-15,FEEDBACK,User Feedback,93.1,GREEN
DS_TRENDED_REPORT,Workday Trended Report,P&C,2026-03-16,OWNERSHIP,Data Ownership,60.0,AMBER
DS_TRENDED_REPORT,Workday Trended Report,P&C,2026-03-16,SOURCE,Data Source,100.0,GREEN
DS_TRENDED_REPORT,Workday Trended Report,P&C,2026-03-16,ISSUES,Active Issues,98.0,GREEN
DS_TRENDED_REPORT,Workday Trended Report,P&C,2026-03-16,TIMELINESS,Timeliness,100.0,GREEN
DS_TRENDED_REPORT,Workday Trended Report,P&C,2026-03-16,COMPLETENESS_KEY_PROPS,Completeness of Key Properties,98.14,GREEN
DS_TRENDED_REPORT,Workday Trended Report,P&C,2026-03-16,PROFILING,Data Profiling,83.33,GREEN
DS_TRENDED_REPORT,Workday Trended Report,P&C,2026-03-16,DEFINITIONS,Data Definitions,41.79,RED
DS_TRENDED_REPORT,Workday Trended Report,P&C,2026-03-16,KEY_PROPERTIES,Key Properties,100.0,GREEN
DS_TRENDED_REPORT,Workday Trended Report,P&C,2026-03-16,USAGE,Usage,30.0,RED
DS_TRENDED_REPORT,Workday Trended Report,P&C,2026-03-16,FEEDBACK,User Feedback,91.6,GREEN
DS_TRENDED_REPORT,Workday Trended Report,P&C,2026-03-17,OWNERSHIP,Data Ownership,60.0,AMBER
DS_TRENDED_REPORT,Workday Trended Report,P&C,2026-03-17,SOURCE,Data Source,100.0,GREEN
DS_TRENDED_REPORT,Workday Trended Report,P&C,2026-03-17,ISSUES,Active Issues,92.0,GREEN
DS_TRENDED_REPORT,Workday Trended Report,P&C,2026-03-17,TIMELINESS,Timeliness,91.78,GREEN
DS_TRENDED_REPORT,Workday Trended Report,P&C,2026-03-17,COMPLETENESS_KEY_PROPS,Completeness of Key Properties,96.01,GREEN
DS_TRENDED_REPORT,Workday Trended Report,P&C,2026-03-17,PROFILING,Data Profiling,75.0,AMBER
DS_TRENDED_REPORT,Workday Trended Report,P&C,2026-03-17,DEFINITIONS,Data Definitions,47.62,RED
DS_TRENDED_REPORT,Workday Trended Report,P&C,2026-03-17,KEY_PROPERTIES,Key Properties,100.0,GREEN
DS_TRENDED_REPORT,Workday Trended Report,P&C,2026-03-17,USAGE,Usage,23.33,RED
DS_TRENDED_REPORT,Workday Trended Report,P&C,2026-03-17,FEEDBACK,User Feedback,90.01,GREEN
DS_TRENDED_REPORT,Workday Trended Report,P&C,2026-03-18,OWNERSHIP,Data Ownership,60.0,AMBER
DS_TRENDED_REPORT,Workday Trended Report,P&C,2026-03-18,SOURCE,Data Source,100.0,GREEN
DS_TRENDED_REPORT,Workday Trended Report,P&C,2026-03-18,ISSUES,Active Issues,96.0,GREEN
DS_TRENDED_REPORT,Workday Trended Report,P&C,2026-03-18,TIMELINESS,Timeliness,96.51,GREEN
DS_TRENDED_REPORT,Workday Trended Report,P&C,2026-03-18,COMPLETENESS_KEY_PROPS,Completeness of Key Properties,96.75,GREEN
DS_TRENDED_REPORT,Workday Trended Report,P&C,2026-03-18,PROFILING,Data Profiling,58.33,RED
DS_TRENDED_REPORT,Workday Trended Report,P&C,2026-03-18,DEFINITIONS,Data Definitions,46.15,RED
DS_TRENDED_REPORT,Workday Trended Report,P&C,2026-03-18,KEY_PROPERTIES,Key Properties,100.0,GREEN
DS_TRENDED_REPORT,Workday Trended Report,P&C,2026-03-18,USAGE,Usage,11.67,RED
DS_TRENDED_REPORT,Workday Trended Report,P&C,2026-03-18,FEEDBACK,User Feedback,76.04,AMBER
DS_TRENDED_REPORT,Workday Trended Report,P&C,2026-03-19,OWNERSHIP,Data Ownership,60.0,AMBER
DS_TRENDED_REPORT,Workday Trended Report,P&C,2026-03-19,SOURCE,Data Source,100.0,GREEN
DS_TRENDED_REPORT,Workday Trended Report,P&C,2026-03-19,ISSUES,Active Issues,100.0,GREEN
DS_TRENDED_REPORT,Workday Trended Report,P&C,2026-03-19,TIMELINESS,Timeliness,92.59,GREEN
DS_TRENDED_REPORT,Workday Trended Report,P&C,2026-03-19,COMPLETENESS_KEY_PROPS,Completeness of Key Properties,99.63,GREEN
DS_TRENDED_REPORT,Workday Trended Report,P&C,2026-03-19,PROFILING,Data Profiling,70.83,AMBER
DS_TRENDED_REPORT,Workday Trended Report,P&C,2026-03-19,DEFINITIONS,Data Definitions,47.83,RED
DS_TRENDED_REPORT,Workday Trended Report,P&C,2026-03-19,KEY_PROPERTIES,Key Properties,100.0,GREEN
DS_TRENDED_REPORT,Workday Trended Report,P&C,2026-03-19,USAGE,Usage,21.67,RED
DS_TRENDED_REPORT,Workday Trended Report,P&C,2026-03-19,FEEDBACK,User Feedback,71.93,AMBER
DS_TRENDED_REPORT,Workday Trended Report,P&C,2026-03-20,OWNERSHIP,Data Ownership,60.0,AMBER
DS_TRENDED_REPORT,Workday Trended Report,P&C,2026-03-20,SOURCE,Data Source,100.0,GREEN
DS_TRENDED_REPORT,Workday Trended Report,P&C,2026-03-20,ISSUES,Active Issues,100.0,GREEN
DS_TRENDED_REPORT,Workday Trended Report,P&C,2026-03-20,TIMELINESS,Timeliness,92.62,GREEN
DS_TRENDED_REPORT,Workday Trended Report,P&C,2026-03-20,COMPLETENESS_KEY_PROPS,Completeness of Key Properties,97.58,GREEN
DS_TRENDED_REPORT,Workday Trended Report,P&C,2026-03-20,PROFILING,Data Profiling,70.83,AMBER
DS_TRENDED_REPORT,Workday Trended Report,P&C,2026-03-20,DEFINITIONS,Data Definitions,46.83,RED
DS_TRENDED_REPORT,Workday Trended Report,P&C,2026-03-20,KEY_PROPERTIES,Key Properties,100.0,GREEN
DS_TRENDED_REPORT,Workday Trended Report,P&C,2026-03-20,USAGE,Usage,15.0,RED
DS_TRENDED_REPORT,Workday Trended Report,P&C,2026-03-20,FEEDBACK,User Feedback,85.49,GREEN
DS_TRENDED_REPORT,Workday Trended Report,P&C,2026-03-21,OWNERSHIP,Data Ownership,60.0,AMBER
DS_TRENDED_REPORT,Workday Trended Report,P&C,2026-03-21,SOURCE,Data Source,100.0,GREEN
DS_TRENDED_REPORT,Workday Trended Report,P&C,2026-03-21,ISSUES,Active Issues,100.0,GREEN
DS_TRENDED_REPORT,Workday Trended Report,P&C,2026-03-21,TIMELINESS,Timeliness,97.79,GREEN
DS_TRENDED_REPORT,Workday Trended Report,P&C,2026-03-21,COMPLETENESS_KEY_PROPS,Completeness of Key Properties,98.18,GREEN
DS_TRENDED_REPORT,Workday Trended Report,P&C,2026-03-21,PROFILING,Data Profiling,87.5,GREEN
DS_TRENDED_REPORT,Workday Trended Report,P&C,2026-03-21,DEFINITIONS,Data Definitions,45.9,RED
DS_TRENDED_REPORT,Workday Trended Report,P&C,2026-03-21,KEY_PROPERTIES,Key Properties,100.0,GREEN
DS_TRENDED_REPORT,Workday Trended Report,P&C,2026-03-21,USAGE,Usage,33.33,RED
DS_TRENDED_REPORT,Workday Trended Report,P&C,2026-03-21,FEEDBACK,User Feedback,82.72,GREEN
DS_TRENDED_REPORT,Workday Trended Report,P&C,2026-03-22,OWNERSHIP,Data Ownership,60.0,AMBER
DS_TRENDED_REPORT,Workday Trended Report,P&C,2026-03-22,SOURCE,Data Source,100.0,GREEN
DS_TRENDED_REPORT,Workday Trended Report,P&C,2026-03-22,ISSUES,Active Issues,95.0,GREEN
DS_TRENDED_REPORT,Workday Trended Report,P&C,2026-03-22,TIMELINESS,Timeliness,96.94,GREEN
DS_TRENDED_REPORT,Workday Trended Report,P&C,2026-03-22,COMPLETENESS_KEY_PROPS,Completeness of Key Properties,95.29,GREEN
DS_TRENDED_REPORT,Workday Trended Report,P&C,2026-03-22,PROFILING,Data Profiling,83.33,GREEN
DS_TRENDED_REPORT,Workday Trended Report,P&C,2026-03-22,DEFINITIONS,Data Definitions,43.3,RED
DS_TRENDED_REPORT,Workday Trended Report,P&C,2026-03-22,KEY_PROPERTIES,Key Properties,100.0,GREEN
DS_TRENDED_REPORT,Workday Trended Report,P&C,2026-03-22,USAGE,Usage,13.33,RED
DS_TRENDED_REPORT,Workday Trended Report,P&C,2026-03-22,FEEDBACK,User Feedback,76.99,AMBER
DS_TRENDED_REPORT,Workday Trended Report,P&C,2026-03-23,OWNERSHIP,Data Ownership,60.0,AMBER
DS_TRENDED_REPORT,Workday Trended Report,P&C,2026-03-23,SOURCE,Data Source,100.0,GREEN
DS_TRENDED_REPORT,Workday Trended Report,P&C,2026-03-23,ISSUES,Active Issues,92.0,GREEN
DS_TRENDED_REPORT,Workday Trended Report,P&C,2026-03-23,TIMELINESS,Timeliness,89.7,GREEN
DS_TRENDED_REPORT,Workday Trended Report,P&C,2026-03-23,COMPLETENESS_KEY_PROPS,Completeness of Key Properties,95.26,GREEN
DS_TRENDED_REPORT,Workday Trended Report,P&C,2026-03-23,PROFILING,Data Profiling,75.0,AMBER
DS_TRENDED_REPORT,Workday Trended Report,P&C,2026-03-23,DEFINITIONS,Data Definitions,42.53,RED
DS_TRENDED_REPORT,Workday Trended Report,P&C,2026-03-23,KEY_PROPERTIES,Key Properties,100.0,GREEN
DS_TRENDED_REPORT,Workday Trended Report,P&C,2026-03-23,USAGE,Usage,18.33,RED
DS_TRENDED_REPORT,Workday Trended Report,P&C,2026-03-23,FEEDBACK,User Feedback,100.0,GREEN
DS_TRENDED_REPORT,Workday Trended Report,P&C,2026-03-24,OWNERSHIP,Data Ownership,60.0,AMBER
DS_TRENDED_REPORT,Workday Trended Report,P&C,2026-03-24,SOURCE,Data Source,100.0,GREEN
DS_TRENDED_REPORT,Workday Trended Report,P&C,2026-03-24,ISSUES,Active Issues,96.0,GREEN
DS_TRENDED_REPORT,Workday Trended Report,P&C,2026-03-24,TIMELINESS,Timeliness,100.0,GREEN
DS_TRENDED_REPORT,Workday Trended Report,P&C,2026-03-24,COMPLETENESS_KEY_PROPS,Completeness of Key Properties,98.32,GREEN
DS_TRENDED_REPORT,Workday Trended Report,P&C,2026-03-24,PROFILING,Data Profiling,79.17,AMBER
DS_TRENDED_REPORT,Workday Trended Report,P&C,2026-03-24,DEFINITIONS,Data Definitions,43.51,RED
DS_TRENDED_REPORT,Workday Trended Report,P&C,2026-03-24,KEY_PROPERTIES,Key Properties,100.0,GREEN
DS_TRENDED_REPORT,Workday Trended Report,P&C,2026-03-24,USAGE,Usage,10.0,RED
DS_TRENDED_REPORT,Workday Trended Report,P&C,2026-03-24,FEEDBACK,User Feedback,68.3,AMBER
DS_TRENDED_REPORT,Workday Trended Report,P&C,2026-03-25,OWNERSHIP,Data Ownership,60.0,AMBER
DS_TRENDED_REPORT,Workday Trended Report,P&C,2026-03-25,SOURCE,Data Source,100.0,GREEN
DS_TRENDED_REPORT,Workday Trended Report,P&C,2026-03-25,ISSUES,Active Issues,94.0,GREEN
DS_TRENDED_REPORT,Workday Trended Report,P&C,2026-03-25,TIMELINESS,Timeliness,91.35,GREEN
DS_TRENDED_REPORT,Workday Trended Report,P&C,2026-03-25,COMPLETENESS_KEY_PROPS,Completeness of Key Properties,95.5,GREEN
DS_TRENDED_REPORT,Workday Trended Report,P&C,2026-03-25,PROFILING,Data Profiling,75.0,AMBER
DS_TRENDED_REPORT,Workday Trended Report,P&C,2026-03-25,DEFINITIONS,Data Definitions,44.71,RED
DS_TRENDED_REPORT,Workday Trended Report,P&C,2026-03-25,KEY_PROPERTIES,Key Properties,100.0,GREEN
DS_TRENDED_REPORT,Workday Trended Report,P&C,2026-03-25,USAGE,Usage,16.67,RED
DS_TRENDED_REPORT,Workday Trended Report,P&C,2026-03-25,FEEDBACK,User Feedback,77.59,AMBER
DS_TRENDED_REPORT,Workday Trended Report,P&C,2026-03-26,OWNERSHIP,Data Ownership,60.0,AMBER
DS_TRENDED_REPORT,Workday Trended Report,P&C,2026-03-26,SOURCE,Data Source,100.0,GREEN
DS_TRENDED_REPORT,Workday Trended Report,P&C,2026-03-26,ISSUES,Active Issues,90.0,GREEN
DS_TRENDED_REPORT,Workday Trended Report,P&C,2026-03-26,TIMELINESS,Timeliness,96.31,GREEN
DS_TRENDED_REPORT,Workday Trended Report,P&C,2026-03-26,COMPLETENESS_KEY_PROPS,Completeness of Key Properties,95.22,GREEN
DS_TRENDED_REPORT,Workday Trended Report,P&C,2026-03-26,PROFILING,Data Profiling,66.67,AMBER
DS_TRENDED_REPORT,Workday Trended Report,P&C,2026-03-26,DEFINITIONS,Data Definitions,44.75,RED
DS_TRENDED_REPORT,Workday Trended Report,P&C,2026-03-26,KEY_PROPERTIES,Key Properties,100.0,GREEN
DS_TRENDED_REPORT,Workday Trended Report,P&C,2026-03-26,USAGE,Usage,33.33,RED
DS_TRENDED_REPORT,Workday Trended Report,P&C,2026-03-26,FEEDBACK,User Feedback,91.14,GREEN
DS_TRENDED_REPORT,Workday Trended Report,P&C,2026-03-27,OWNERSHIP,Data Ownership,60.0,AMBER
DS_TRENDED_REPORT,Workday Trended Report,P&C,2026-03-27,SOURCE,Data Source,100.0,GREEN
DS_TRENDED_REPORT,Workday Trended Report,P&C,2026-03-27,ISSUES,Active Issues,91.0,GREEN
DS_TRENDED_REPORT,Workday Trended Report,P&C,2026-03-27,TIMELINESS,Timeliness,91.42,GREEN
DS_TRENDED_REPORT,Workday Trended Report,P&C,2026-03-27,COMPLETENESS_KEY_PROPS,Completeness of Key Properties,95.89,GREEN
DS_TRENDED_REPORT,Workday Trended Report,P&C,2026-03-27,PROFILING,Data Profiling,62.5,AMBER
DS_TRENDED_REPORT,Workday Trended Report,P&C,2026-03-27,DEFINITIONS,Data Definitions,38.54,RED
DS_TRENDED_REPORT,Workday Trended Report,P&C,2026-03-27,KEY_PROPERTIES,Key Properties,100.0,GREEN
DS_TRENDED_REPORT,Workday Trended Report,P&C,2026-03-27,USAGE,Usage,20.0,RED
DS_TRENDED_REPORT,Workday Trended Report,P&C,2026-03-27,FEEDBACK,User Feedback,74.75,AMBER
DS_TRENDED_REPORT,Workday Trended Report,P&C,2026-03-28,OWNERSHIP,Data Ownership,60.0,AMBER
DS_TRENDED_REPORT,Workday Trended Report,P&C,2026-03-28,SOURCE,Data Source,100.0,GREEN
DS_TRENDED_REPORT,Workday Trended Report,P&C,2026-03-28,ISSUES,Active Issues,96.0,GREEN
DS_TRENDED_REPORT,Workday Trended Report,P&C,2026-03-28,TIMELINESS,Timeliness,95.33,GREEN
DS_TRENDED_REPORT,Workday Trended Report,P&C,2026-03-28,COMPLETENESS_KEY_PROPS,Completeness of Key Properties,94.48,GREEN
DS_TRENDED_REPORT,Workday Trended Report,P&C,2026-03-28,PROFILING,Data Profiling,70.83,AMBER
DS_TRENDED_REPORT,Workday Trended Report,P&C,2026-03-28,DEFINITIONS,Data Definitions,46.6,RED
DS_TRENDED_REPORT,Workday Trended Report,P&C,2026-03-28,KEY_PROPERTIES,Key Properties,100.0,GREEN
DS_TRENDED_REPORT,Workday Trended Report,P&C,2026-03-28,USAGE,Usage,23.33,RED
DS_TRENDED_REPORT,Workday Trended Report,P&C,2026-03-28,FEEDBACK,User Feedback,73.13,AMBER
DS_TRENDED_REPORT,Workday Trended Report,P&C,2026-03-29,OWNERSHIP,Data Ownership,60.0,AMBER
DS_TRENDED_REPORT,Workday Trended Report,P&C,2026-03-29,SOURCE,Data Source,100.0,GREEN
DS_TRENDED_REPORT,Workday Trended Report,P&C,2026-03-29,ISSUES,Active Issues,86.0,GREEN
DS_TRENDED_REPORT,Workday Trended Report,P&C,2026-03-29,TIMELINESS,Timeliness,100.0,GREEN
DS_TRENDED_REPORT,Workday Trended Report,P&C,2026-03-29,COMPLETENESS_KEY_PROPS,Completeness of Key Properties,99.44,GREEN
DS_TRENDED_REPORT,Workday Trended Report,P&C,2026-03-29,PROFILING,Data Profiling,79.17,AMBER
DS_TRENDED_REPORT,Workday Trended Report,P&C,2026-03-29,DEFINITIONS,Data Definitions,47.34,RED
DS_TRENDED_REPORT,Workday Trended Report,P&C,2026-03-29,KEY_PROPERTIES,Key Properties,100.0,GREEN
DS_TRENDED_REPORT,Workday Trended Report,P&C,2026-03-29,USAGE,Usage,40.0,RED
DS_TRENDED_REPORT,Workday Trended Report,P&C,2026-03-29,FEEDBACK,User Feedback,86.71,GREEN
DS_TRENDED_REPORT,Workday Trended Report,P&C,2026-03-30,OWNERSHIP,Data Ownership,60.0,AMBER
DS_TRENDED_REPORT,Workday Trended Report,P&C,2026-03-30,SOURCE,Data Source,100.0,GREEN
DS_TRENDED_REPORT,Workday Trended Report,P&C,2026-03-30,ISSUES,Active Issues,95.0,GREEN
DS_TRENDED_REPORT,Workday Trended Report,P&C,2026-03-30,TIMELINESS,Timeliness,100.0,GREEN
DS_TRENDED_REPORT,Workday Trended Report,P&C,2026-03-30,COMPLETENESS_KEY_PROPS,Completeness of Key Properties,97.97,GREEN
DS_TRENDED_REPORT,Workday Trended Report,P&C,2026-03-30,PROFILING,Data Profiling,66.67,AMBER
DS_TRENDED_REPORT,Workday Trended Report,P&C,2026-03-30,DEFINITIONS,Data Definitions,48.12,RED
DS_TRENDED_REPORT,Workday Trended Report,P&C,2026-03-30,KEY_PROPERTIES,Key Properties,100.0,GREEN
DS_TRENDED_REPORT,Workday Trended Report,P&C,2026-03-30,USAGE,Usage,25.0,RED
DS_TRENDED_REPORT,Workday Trended Report,P&C,2026-03-30,FEEDBACK,User Feedback,76.72,AMBER
DS_TRENDED_REPORT,Workday Trended Report,P&C,2026-03-31,OWNERSHIP,Data Ownership,60.0,AMBER
DS_TRENDED_REPORT,Workday Trended Report,P&C,2026-03-31,SOURCE,Data Source,100.0,GREEN
DS_TRENDED_REPORT,Workday Trended Report,P&C,2026-03-31,ISSUES,Active Issues,97.0,GREEN
DS_TRENDED_REPORT,Workday Trended Report,P&C,2026-03-31,TIMELINESS,Timeliness,90.6,GREEN
DS_TRENDED_REPORT,Workday Trended Report,P&C,2026-03-31,COMPLETENESS_KEY_PROPS,Completeness of Key Properties,97.62,GREEN
DS_TRENDED_REPORT,Workday Trended Report,P&C,2026-03-31,PROFILING,Data Profiling,91.67,GREEN
DS_TRENDED_REPORT,Workday Trended Report,P&C,2026-03-31,DEFINITIONS,Data Definitions,42.98,RED
DS_TRENDED_REPORT,Workday Trended Report,P&C,2026-03-31,KEY_PROPERTIES,Key Properties,100.0,GREEN
DS_TRENDED_REPORT,Workday Trended Report,P&C,2026-03-31,USAGE,Usage,36.67,RED
DS_TRENDED_REPORT,Workday Trended Report,P&C,2026-03-31,FEEDBACK,User Feedback,97.08,GREEN
DS_TRENDED_REPORT,Workday Trended Report,P&C,2026-04-01,OWNERSHIP,Data Ownership,60.0,AMBER
DS_TRENDED_REPORT,Workday Trended Report,P&C,2026-04-01,SOURCE,Data Source,100.0,GREEN
DS_TRENDED_REPORT,Workday Trended Report,P&C,2026-04-01,ISSUES,Active Issues,98.0,GREEN
DS_TRENDED_REPORT,Workday Trended Report,P&C,2026-04-01,TIMELINESS,Timeliness,96.42,GREEN
DS_TRENDED_REPORT,Workday Trended Report,P&C,2026-04-01,COMPLETENESS_KEY_PROPS,Completeness of Key Properties,94.9,GREEN
DS_TRENDED_REPORT,Workday Trended Report,P&C,2026-04-01,PROFILING,Data Profiling,66.67,AMBER
DS_TRENDED_REPORT,Workday Trended Report,P&C,2026-04-01,DEFINITIONS,Data Definitions,41.43,RED
DS_TRENDED_REPORT,Workday Trended Report,P&C,2026-04-01,KEY_PROPERTIES,Key Properties,100.0,GREEN
DS_TRENDED_REPORT,Workday Trended Report,P&C,2026-04-01,USAGE,Usage,23.33,RED
DS_TRENDED_REPORT,Workday Trended Report,P&C,2026-04-01,FEEDBACK,User Feedback,88.58,GREEN
DS_TRENDED_REPORT,Workday Trended Report,P&C,2026-04-02,OWNERSHIP,Data Ownership,60.0,AMBER
DS_TRENDED_REPORT,Workday Trended Report,P&C,2026-04-02,SOURCE,Data Source,100.0,GREEN
DS_TRENDED_REPORT,Workday Trended Report,P&C,2026-04-02,ISSUES,Active Issues,95.0,GREEN
DS_TRENDED_REPORT,Workday Trended Report,P&C,2026-04-02,TIMELINESS,Timeliness,91.88,GREEN
DS_TRENDED_REPORT,Workday Trended Report,P&C,2026-04-02,COMPLETENESS_KEY_PROPS,Completeness of Key Properties,95.1,GREEN
DS_TRENDED_REPORT,Workday Trended Report,P&C,2026-04-02,PROFILING,Data Profiling,70.83,AMBER
DS_TRENDED_REPORT,Workday Trended Report,P&C,2026-04-02,DEFINITIONS,Data Definitions,45.97,RED
DS_TRENDED_REPORT,Workday Trended Report,P&C,2026-04-02,KEY_PROPERTIES,Key Properties,100.0,GREEN
DS_TRENDED_REPORT,Workday Trended Report,P&C,2026-04-02,USAGE,Usage,6.67,RED
DS_TRENDED_REPORT,Workday Trended Report,P&C,2026-04-02,FEEDBACK,User Feedback,81.8,GREEN
DS_TRENDED_REPORT,Workday Trended Report,P&C,2026-04-03,OWNERSHIP,Data Ownership,60.0,AMBER
DS_TRENDED_REPORT,Workday Trended Report,P&C,2026-04-03,SOURCE,Data Source,100.0,GREEN
DS_TRENDED_REPORT,Workday Trended Report,P&C,2026-04-03,ISSUES,Active Issues,82.0,GREEN
DS_TRENDED_REPORT,Workday Trended Report,P&C,2026-04-03,TIMELINESS,Timeliness,92.34,GREEN
DS_TRENDED_REPORT,Workday Trended Report,P&C,2026-04-03,COMPLETENESS_KEY_PROPS,Completeness of Key Properties,97.84,GREEN
DS_TRENDED_REPORT,Workday Trended Report,P&C,2026-04-03,PROFILING,Data Profiling,75.0,AMBER
DS_TRENDED_REPORT,Workday Trended Report,P&C,2026-04-03,DEFINITIONS,Data Definitions,42.5,RED
DS_TRENDED_REPORT,Workday Trended Report,P&C,2026-04-03,KEY_PROPERTIES,Key Properties,100.0,GREEN
DS_TRENDED_REPORT,Workday Trended Report,P&C,2026-04-03,USAGE,Usage,16.67,RED
DS_TRENDED_REPORT,Workday Trended Report,P&C,2026-04-03,FEEDBACK,User Feedback,85.0,GREEN
DS_TRENDED_REPORT,Workday Trended Report,P&C,2026-04-04,OWNERSHIP,Data Ownership,60.0,AMBER
DS_TRENDED_REPORT,Workday Trended Report,P&C,2026-04-04,SOURCE,Data Source,100.0,GREEN
DS_TRENDED_REPORT,Workday Trended Report,P&C,2026-04-04,ISSUES,Active Issues,87.0,GREEN
DS_TRENDED_REPORT,Workday Trended Report,P&C,2026-04-04,TIMELINESS,Timeliness,95.18,GREEN
DS_TRENDED_REPORT,Workday Trended Report,P&C,2026-04-04,COMPLETENESS_KEY_PROPS,Completeness of Key Properties,96.79,GREEN
DS_TRENDED_REPORT,Workday Trended Report,P&C,2026-04-04,PROFILING,Data Profiling,66.67,AMBER
DS_TRENDED_REPORT,Workday Trended Report,P&C,2026-04-04,DEFINITIONS,Data Definitions,45.96,RED
DS_TRENDED_REPORT,Workday Trended Report,P&C,2026-04-04,KEY_PROPERTIES,Key Properties,100.0,GREEN
DS_TRENDED_REPORT,Workday Trended Report,P&C,2026-04-04,USAGE,Usage,18.33,RED
DS_TRENDED_REPORT,Workday Trended Report,P&C,2026-04-04,FEEDBACK,User Feedback,75.36,AMBER
DS_TRENDED_REPORT,Workday Trended Report,P&C,2026-04-05,OWNERSHIP,Data Ownership,60.0,AMBER
DS_TRENDED_REPORT,Workday Trended Report,P&C,2026-04-05,SOURCE,Data Source,100.0,GREEN
DS_TRENDED_REPORT,Workday Trended Report,P&C,2026-04-05,ISSUES,Active Issues,92.0,GREEN
DS_TRENDED_REPORT,Workday Trended Report,P&C,2026-04-05,TIMELINESS,Timeliness,92.51,GREEN
DS_TRENDED_REPORT,Workday Trended Report,P&C,2026-04-05,COMPLETENESS_KEY_PROPS,Completeness of Key Properties,97.95,GREEN
DS_TRENDED_REPORT,Workday Trended Report,P&C,2026-04-05,PROFILING,Data Profiling,75.0,AMBER
DS_TRENDED_REPORT,Workday Trended Report,P&C,2026-04-05,DEFINITIONS,Data Definitions,43.7,RED
DS_TRENDED_REPORT,Workday Trended Report,P&C,2026-04-05,KEY_PROPERTIES,Key Properties,100.0,GREEN
DS_TRENDED_REPORT,Workday Trended Report,P&C,2026-04-05,USAGE,Usage,21.67,RED
DS_TRENDED_REPORT,Workday Trended Report,P&C,2026-04-05,FEEDBACK,User Feedback,72.37,AMBER
DS_TRENDED_REPORT,Workday Trended Report,P&C,2026-04-06,OWNERSHIP,Data Ownership,60.0,AMBER
DS_TRENDED_REPORT,Workday Trended Report,P&C,2026-04-06,SOURCE,Data Source,100.0,GREEN
DS_TRENDED_REPORT,Workday Trended Report,P&C,2026-04-06,ISSUES,Active Issues,89.0,GREEN
DS_TRENDED_REPORT,Workday Trended Report,P&C,2026-04-06,TIMELINESS,Timeliness,100.0,GREEN
DS_TRENDED_REPORT,Workday Trended Report,P&C,2026-04-06,COMPLETENESS_KEY_PROPS,Completeness of Key Properties,97.62,GREEN
DS_TRENDED_REPORT,Workday Trended Report,P&C,2026-04-06,PROFILING,Data Profiling,75.0,AMBER
DS_TRENDED_REPORT,Workday Trended Report,P&C,2026-04-06,DEFINITIONS,Data Definitions,45.16,RED
DS_TRENDED_REPORT,Workday Trended Report,P&C,2026-04-06,KEY_PROPERTIES,Key Properties,100.0,GREEN
DS_TRENDED_REPORT,Workday Trended Report,P&C,2026-04-06,USAGE,Usage,13.33,RED
DS_TRENDED_REPORT,Workday Trended Report,P&C,2026-04-06,FEEDBACK,User Feedback,84.62,GREEN
DS_TRENDED_REPORT,Workday Trended Report,P&C,2026-04-07,OWNERSHIP,Data Ownership,60.0,AMBER
DS_TRENDED_REPORT,Workday Trended Report,P&C,2026-04-07,SOURCE,Data Source,100.0,GREEN
DS_TRENDED_REPORT,Workday Trended Report,P&C,2026-04-07,ISSUES,Active Issues,84.0,GREEN
DS_TRENDED_REPORT,Workday Trended Report,P&C,2026-04-07,TIMELINESS,Timeliness,100.0,GREEN
DS_TRENDED_REPORT,Workday Trended Report,P&C,2026-04-07,COMPLETENESS_KEY_PROPS,Completeness of Key Properties,97.88,GREEN
DS_TRENDED_REPORT,Workday Trended Report,P&C,2026-04-07,PROFILING,Data Profiling,66.67,AMBER
DS_TRENDED_REPORT,Workday Trended Report,P&C,2026-04-07,DEFINITIONS,Data Definitions,45.0,RED
DS_TRENDED_REPORT,Workday Trended Report,P&C,2026-04-07,KEY_PROPERTIES,Key Properties,100.0,GREEN
DS_TRENDED_REPORT,Workday Trended Report,P&C,2026-04-07,USAGE,Usage,33.33,RED
DS_TRENDED_REPORT,Workday Trended Report,P&C,2026-04-07,FEEDBACK,User Feedback,70.38,AMBER
DS_TRENDED_REPORT,Workday Trended Report,P&C,2026-04-08,OWNERSHIP,Data Ownership,60.0,AMBER
DS_TRENDED_REPORT,Workday Trended Report,P&C,2026-04-08,SOURCE,Data Source,100.0,GREEN
DS_TRENDED_REPORT,Workday Trended Report,P&C,2026-04-08,ISSUES,Active Issues,99.0,GREEN
DS_TRENDED_REPORT,Workday Trended Report,P&C,2026-04-08,TIMELINESS,Timeliness,94.7,GREEN
DS_TRENDED_REPORT,Workday Trended Report,P&C,2026-04-08,COMPLETENESS_KEY_PROPS,Completeness of Key Properties,96.44,GREEN
DS_TRENDED_REPORT,Workday Trended Report,P&C,2026-04-08,PROFILING,Data Profiling,62.5,AMBER
DS_TRENDED_REPORT,Workday Trended Report,P&C,2026-04-08,DEFINITIONS,Data Definitions,37.21,RED
DS_TRENDED_REPORT,Workday Trended Report,P&C,2026-04-08,KEY_PROPERTIES,Key Properties,100.0,GREEN
DS_TRENDED_REPORT,Workday Trended Report,P&C,2026-04-08,USAGE,Usage,25.0,RED
DS_TRENDED_REPORT,Workday Trended Report,P&C,2026-04-08,FEEDBACK,User Feedback,79.67,AMBER
DS_TRENDED_REPORT,Workday Trended Report,P&C,2026-04-09,OWNERSHIP,Data Ownership,60.0,AMBER
DS_TRENDED_REPORT,Workday Trended Report,P&C,2026-04-09,SOURCE,Data Source,100.0,GREEN
DS_TRENDED_REPORT,Workday Trended Report,P&C,2026-04-09,ISSUES,Active Issues,99.0,GREEN
DS_TRENDED_REPORT,Workday Trended Report,P&C,2026-04-09,TIMELINESS,Timeliness,94.29,GREEN
DS_TRENDED_REPORT,Workday Trended Report,P&C,2026-04-09,COMPLETENESS_KEY_PROPS,Completeness of Key Properties,96.08,GREEN
DS_TRENDED_REPORT,Workday Trended Report,P&C,2026-04-09,PROFILING,Data Profiling,58.33,RED
DS_TRENDED_REPORT,Workday Trended Report,P&C,2026-04-09,DEFINITIONS,Data Definitions,47.0,RED
DS_TRENDED_REPORT,Workday Trended Report,P&C,2026-04-09,KEY_PROPERTIES,Key Properties,100.0,GREEN
DS_TRENDED_REPORT,Workday Trended Report,P&C,2026-04-09,USAGE,Usage,43.33,RED
DS_TRENDED_REPORT,Workday Trended Report,P&C,2026-04-09,FEEDBACK,User Feedback,67.67,AMBER
DS_TRENDED_REPORT,Workday Trended Report,P&C,2026-04-10,OWNERSHIP,Data Ownership,60.0,AMBER
DS_TRENDED_REPORT,Workday Trended Report,P&C,2026-04-10,SOURCE,Data Source,100.0,GREEN
DS_TRENDED_REPORT,Workday Trended Report,P&C,2026-04-10,ISSUES,Active Issues,84.0,GREEN
DS_TRENDED_REPORT,Workday Trended Report,P&C,2026-04-10,TIMELINESS,Timeliness,95.85,GREEN
DS_TRENDED_REPORT,Workday Trended Report,P&C,2026-04-10,COMPLETENESS_KEY_PROPS,Completeness of Key Properties,96.54,GREEN
DS_TRENDED_REPORT,Workday Trended Report,P&C,2026-04-10,PROFILING,Data Profiling,66.67,AMBER
DS_TRENDED_REPORT,Workday Trended Report,P&C,2026-04-10,DEFINITIONS,Data Definitions,46.67,RED
DS_TRENDED_REPORT,Workday Trended Report,P&C,2026-04-10,KEY_PROPERTIES,Key Properties,100.0,GREEN
DS_TRENDED_REPORT,Workday Trended Report,P&C,2026-04-10,USAGE,Usage,23.33,RED
DS_TRENDED_REPORT,Workday Trended Report,P&C,2026-04-10,FEEDBACK,User Feedback,91.4,GREEN
DS_TRENDED_REPORT,Workday Trended Report,P&C,2026-04-11,OWNERSHIP,Data Ownership,60.0,AMBER
DS_TRENDED_REPORT,Workday Trended Report,P&C,2026-04-11,SOURCE,Data Source,100.0,GREEN
DS_TRENDED_REPORT,Workday Trended Report,P&C,2026-04-11,ISSUES,Active Issues,75.0,AMBER
DS_TRENDED_REPORT,Workday Trended Report,P&C,2026-04-11,TIMELINESS,Timeliness,97.41,GREEN
DS_TRENDED_REPORT,Workday Trended Report,P&C,2026-04-11,COMPLETENESS_KEY_PROPS,Completeness of Key Properties,96.44,GREEN
DS_TRENDED_REPORT,Workday Trended Report,P&C,2026-04-11,PROFILING,Data Profiling,79.17,AMBER
DS_TRENDED_REPORT,Workday Trended Report,P&C,2026-04-11,DEFINITIONS,Data Definitions,46.73,RED
DS_TRENDED_REPORT,Workday Trended Report,P&C,2026-04-11,KEY_PROPERTIES,Key Properties,100.0,GREEN
DS_TRENDED_REPORT,Workday Trended Report,P&C,2026-04-11,USAGE,Usage,25.0,RED
DS_TRENDED_REPORT,Workday Trended Report,P&C,2026-04-11,FEEDBACK,User Feedback,77.36,AMBER
DS_TRENDED_REPORT,Workday Trended Report,P&C,2026-04-12,OWNERSHIP,Data Ownership,60.0,AMBER
DS_TRENDED_REPORT,Workday Trended Report,P&C,2026-04-12,SOURCE,Data Source,100.0,GREEN
DS_TRENDED_REPORT,Workday Trended Report,P&C,2026-04-12,ISSUES,Active Issues,93.0,GREEN
DS_TRENDED_REPORT,Workday Trended Report,P&C,2026-04-12,TIMELINESS,Timeliness,100.0,GREEN
DS_TRENDED_REPORT,Workday Trended Report,P&C,2026-04-12,COMPLETENESS_KEY_PROPS,Completeness of Key Properties,94.9,GREEN
DS_TRENDED_REPORT,Workday Trended Report,P&C,2026-04-12,PROFILING,Data Profiling,75.0,AMBER
DS_TRENDED_REPORT,Workday Trended Report,P&C,2026-04-12,DEFINITIONS,Data Definitions,34.38,RED
DS_TRENDED_REPORT,Workday Trended Report,P&C,2026-04-12,KEY_PROPERTIES,Key Properties,100.0,GREEN
DS_TRENDED_REPORT,Workday Trended Report,P&C,2026-04-12,USAGE,Usage,26.67,RED
DS_TRENDED_REPORT,Workday Trended Report,P&C,2026-04-12,FEEDBACK,User Feedback,63.46,AMBER
DS_TRENDED_REPORT,Workday Trended Report,P&C,2026-04-13,OWNERSHIP,Data Ownership,60.0,AMBER
DS_TRENDED_REPORT,Workday Trended Report,P&C,2026-04-13,SOURCE,Data Source,100.0,GREEN
DS_TRENDED_REPORT,Workday Trended Report,P&C,2026-04-13,ISSUES,Active Issues,90.0,GREEN
DS_TRENDED_REPORT,Workday Trended Report,P&C,2026-04-13,TIMELINESS,Timeliness,95.79,GREEN
DS_TRENDED_REPORT,Workday Trended Report,P&C,2026-04-13,COMPLETENESS_KEY_PROPS,Completeness of Key Properties,96.78,GREEN
DS_TRENDED_REPORT,Workday Trended Report,P&C,2026-04-13,PROFILING,Data Profiling,79.17,AMBER
DS_TRENDED_REPORT,Workday Trended Report,P&C,2026-04-13,DEFINITIONS,Data Definitions,45.93,RED
DS_TRENDED_REPORT,Workday Trended Report,P&C,2026-04-13,KEY_PROPERTIES,Key Properties,100.0,GREEN
DS_TRENDED_REPORT,Workday Trended Report,P&C,2026-04-13,USAGE,Usage,13.33,RED
DS_TRENDED_REPORT,Workday Trended Report,P&C,2026-04-13,FEEDBACK,User Feedback,64.65,AMBER
DS_TRENDED_REPORT,Workday Trended Report,P&C,2026-04-14,OWNERSHIP,Data Ownership,60.0,AMBER
DS_TRENDED_REPORT,Workday Trended Report,P&C,2026-04-14,SOURCE,Data Source,100.0,GREEN
DS_TRENDED_REPORT,Workday Trended Report,P&C,2026-04-14,ISSUES,Active Issues,86.0,GREEN
DS_TRENDED_REPORT,Workday Trended Report,P&C,2026-04-14,TIMELINESS,Timeliness,88.95,GREEN
DS_TRENDED_REPORT,Workday Trended Report,P&C,2026-04-14,COMPLETENESS_KEY_PROPS,Completeness of Key Properties,97.92,GREEN
DS_TRENDED_REPORT,Workday Trended Report,P&C,2026-04-14,PROFILING,Data Profiling,62.5,AMBER
DS_TRENDED_REPORT,Workday Trended Report,P&C,2026-04-14,DEFINITIONS,Data Definitions,36.84,RED
DS_TRENDED_REPORT,Workday Trended Report,P&C,2026-04-14,KEY_PROPERTIES,Key Properties,100.0,GREEN
DS_TRENDED_REPORT,Workday Trended Report,P&C,2026-04-14,USAGE,Usage,35.0,RED
DS_TRENDED_REPORT,Workday Trended Report,P&C,2026-04-14,FEEDBACK,User Feedback,83.46,GREEN
DS_TRENDED_REPORT,Workday Trended Report,P&C,2026-04-15,OWNERSHIP,Data Ownership,60.0,AMBER
DS_TRENDED_REPORT,Workday Trended Report,P&C,2026-04-15,SOURCE,Data Source,100.0,GREEN
DS_TRENDED_REPORT,Workday Trended Report,P&C,2026-04-15,ISSUES,Active Issues,86.0,GREEN
DS_TRENDED_REPORT,Workday Trended Report,P&C,2026-04-15,TIMELINESS,Timeliness,92.2,GREEN
DS_TRENDED_REPORT,Workday Trended Report,P&C,2026-04-15,COMPLETENESS_KEY_PROPS,Completeness of Key Properties,96.48,GREEN
DS_TRENDED_REPORT,Workday Trended Report,P&C,2026-04-15,PROFILING,Data Profiling,66.67,AMBER
DS_TRENDED_REPORT,Workday Trended Report,P&C,2026-04-15,DEFINITIONS,Data Definitions,47.73,RED
DS_TRENDED_REPORT,Workday Trended Report,P&C,2026-04-15,KEY_PROPERTIES,Key Properties,100.0,GREEN
DS_TRENDED_REPORT,Workday Trended Report,P&C,2026-04-15,USAGE,Usage,0.0,RED
DS_TRENDED_REPORT,Workday Trended Report,P&C,2026-04-15,FEEDBACK,User Feedback,99.94,GREEN
DS_TRENDED_REPORT,Workday Trended Report,P&C,2026-04-16,OWNERSHIP,Data Ownership,60.0,AMBER
DS_TRENDED_REPORT,Workday Trended Report,P&C,2026-04-16,SOURCE,Data Source,100.0,GREEN
DS_TRENDED_REPORT,Workday Trended Report,P&C,2026-04-16,ISSUES,Active Issues,86.0,GREEN
DS_TRENDED_REPORT,Workday Trended Report,P&C,2026-04-16,TIMELINESS,Timeliness,94.53,GREEN
DS_TRENDED_REPORT,Workday Trended Report,P&C,2026-04-16,COMPLETENESS_KEY_PROPS,Completeness of Key Properties,98.2,GREEN
DS_TRENDED_REPORT,Workday Trended Report,P&C,2026-04-16,PROFILING,Data Profiling,75.0,AMBER
DS_TRENDED_REPORT,Workday Trended Report,P&C,2026-04-16,DEFINITIONS,Data Definitions,35.56,RED
DS_TRENDED_REPORT,Workday Trended Report,P&C,2026-04-16,KEY_PROPERTIES,Key Properties,100.0,GREEN
DS_TRENDED_REPORT,Workday Trended Report,P&C,2026-04-16,USAGE,Usage,0.0,RED
DS_TRENDED_REPORT,Workday Trended Report,P&C,2026-04-16,FEEDBACK,User Feedback,89.41,GREEN
DS_TRENDED_REPORT,Workday Trended Report,P&C,2026-04-17,OWNERSHIP,Data Ownership,60.0,AMBER
DS_TRENDED_REPORT,Workday Trended Report,P&C,2026-04-17,SOURCE,Data Source,100.0,GREEN
DS_TRENDED_REPORT,Workday Trended Report,P&C,2026-04-17,ISSUES,Active Issues,98.0,GREEN
DS_TRENDED_REPORT,Workday Trended Report,P&C,2026-04-17,TIMELINESS,Timeliness,92.28,GREEN
DS_TRENDED_REPORT,Workday Trended Report,P&C,2026-04-17,COMPLETENESS_KEY_PROPS,Completeness of Key Properties,100.0,GREEN
DS_TRENDED_REPORT,Workday Trended Report,P&C,2026-04-17,PROFILING,Data Profiling,62.5,AMBER
DS_TRENDED_REPORT,Workday Trended Report,P&C,2026-04-17,DEFINITIONS,Data Definitions,43.75,RED
DS_TRENDED_REPORT,Workday Trended Report,P&C,2026-04-17,KEY_PROPERTIES,Key Properties,100.0,GREEN
DS_TRENDED_REPORT,Workday Trended Report,P&C,2026-04-17,USAGE,Usage,23.33,RED
DS_TRENDED_REPORT,Workday Trended Report,P&C,2026-04-17,FEEDBACK,User Feedback,87.36,GREEN
DS_TRENDED_REPORT,Workday Trended Report,P&C,2026-04-18,OWNERSHIP,Data Ownership,60.0,AMBER
DS_TRENDED_REPORT,Workday Trended Report,P&C,2026-04-18,SOURCE,Data Source,100.0,GREEN
DS_TRENDED_REPORT,Workday Trended Report,P&C,2026-04-18,ISSUES,Active Issues,97.0,GREEN
DS_TRENDED_REPORT,Workday Trended Report,P&C,2026-04-18,TIMELINESS,Timeliness,91.3,GREEN
DS_TRENDED_REPORT,Workday Trended Report,P&C,2026-04-18,COMPLETENESS_KEY_PROPS,Completeness of Key Properties,97.79,GREEN
DS_TRENDED_REPORT,Workday Trended Report,P&C,2026-04-18,PROFILING,Data Profiling,87.5,GREEN
DS_TRENDED_REPORT,Workday Trended Report,P&C,2026-04-18,DEFINITIONS,Data Definitions,45.9,RED
DS_TRENDED_REPORT,Workday Trended Report,P&C,2026-04-18,KEY_PROPERTIES,Key Properties,100.0,GREEN
DS_TRENDED_REPORT,Workday Trended Report,P&C,2026-04-18,USAGE,Usage,18.33,RED
DS_TRENDED_REPORT,Workday Trended Report,P&C,2026-04-18,FEEDBACK,User Feedback,100.0,GREEN
DS_TRENDED_REPORT,Workday Trended Report,P&C,2026-04-19,OWNERSHIP,Data Ownership,60.0,AMBER
DS_TRENDED_REPORT,Workday Trended Report,P&C,2026-04-19,SOURCE,Data Source,100.0,GREEN
DS_TRENDED_REPORT,Workday Trended Report,P&C,2026-04-19,ISSUES,Active Issues,84.0,GREEN
DS_TRENDED_REPORT,Workday Trended Report,P&C,2026-04-19,TIMELINESS,Timeliness,98.08,GREEN
DS_TRENDED_REPORT,Workday Trended Report,P&C,2026-04-19,COMPLETENESS_KEY_PROPS,Completeness of Key Properties,92.31,GREEN
DS_TRENDED_REPORT,Workday Trended Report,P&C,2026-04-19,PROFILING,Data Profiling,66.67,AMBER
DS_TRENDED_REPORT,Workday Trended Report,P&C,2026-04-19,DEFINITIONS,Data Definitions,43.58,RED
DS_TRENDED_REPORT,Workday Trended Report,P&C,2026-04-19,KEY_PROPERTIES,Key Properties,100.0,GREEN
DS_TRENDED_REPORT,Workday Trended Report,P&C,2026-04-19,USAGE,Usage,23.33,RED
DS_TRENDED_REPORT,Workday Trended Report,P&C,2026-04-19,FEEDBACK,User Feedback,66.28,AMBER
DS_TRENDED_REPORT,Workday Trended Report,P&C,2026-04-20,OWNERSHIP,Data Ownership,60.0,AMBER
DS_TRENDED_REPORT,Workday Trended Report,P&C,2026-04-20,SOURCE,Data Source,100.0,GREEN
DS_TRENDED_REPORT,Workday Trended Report,P&C,2026-04-20,ISSUES,Active Issues,96.0,GREEN
DS_TRENDED_REPORT,Workday Trended Report,P&C,2026-04-20,TIMELINESS,Timeliness,96.87,GREEN
DS_TRENDED_REPORT,Workday Trended Report,P&C,2026-04-20,COMPLETENESS_KEY_PROPS,Completeness of Key Properties,96.75,GREEN
DS_TRENDED_REPORT,Workday Trended Report,P&C,2026-04-20,PROFILING,Data Profiling,75.0,AMBER
DS_TRENDED_REPORT,Workday Trended Report,P&C,2026-04-20,DEFINITIONS,Data Definitions,45.08,RED
DS_TRENDED_REPORT,Workday Trended Report,P&C,2026-04-20,KEY_PROPERTIES,Key Properties,100.0,GREEN
DS_TRENDED_REPORT,Workday Trended Report,P&C,2026-04-20,USAGE,Usage,15.0,RED
DS_TRENDED_REPORT,Workday Trended Report,P&C,2026-04-20,FEEDBACK,User Feedback,80.34,GREEN
DS_TRENDED_REPORT,Workday Trended Report,P&C,2026-04-21,OWNERSHIP,Data Ownership,60.0,AMBER
DS_TRENDED_REPORT,Workday Trended Report,P&C,2026-04-21,SOURCE,Data Source,100.0,GREEN
DS_TRENDED_REPORT,Workday Trended Report,P&C,2026-04-21,ISSUES,Active Issues,89.0,GREEN
DS_TRENDED_REPORT,Workday Trended Report,P&C,2026-04-21,TIMELINESS,Timeliness,95.31,GREEN
DS_TRENDED_REPORT,Workday Trended Report,P&C,2026-04-21,COMPLETENESS_KEY_PROPS,Completeness of Key Properties,94.28,GREEN
DS_TRENDED_REPORT,Workday Trended Report,P&C,2026-04-21,PROFILING,Data Profiling,75.0,AMBER
DS_TRENDED_REPORT,Workday Trended Report,P&C,2026-04-21,DEFINITIONS,Data Definitions,46.54,RED
DS_TRENDED_REPORT,Workday Trended Report,P&C,2026-04-21,KEY_PROPERTIES,Key Properties,100.0,GREEN
DS_TRENDED_REPORT,Workday Trended Report,P&C,2026-04-21,USAGE,Usage,33.33,RED
DS_TRENDED_REPORT,Workday Trended Report,P&C,2026-04-21,FEEDBACK,User Feedback,78.35,AMBER
DS_TRENDED_REPORT,Workday Trended Report,P&C,2026-04-22,OWNERSHIP,Data Ownership,60.0,AMBER
DS_TRENDED_REPORT,Workday Trended Report,P&C,2026-04-22,SOURCE,Data Source,100.0,GREEN
DS_TRENDED_REPORT,Workday Trended Report,P&C,2026-04-22,ISSUES,Active Issues,100.0,GREEN
DS_TRENDED_REPORT,Workday Trended Report,P&C,2026-04-22,TIMELINESS,Timeliness,97.12,GREEN
DS_TRENDED_REPORT,Workday Trended Report,P&C,2026-04-22,COMPLETENESS_KEY_PROPS,Completeness of Key Properties,95.05,GREEN
DS_TRENDED_REPORT,Workday Trended Report,P&C,2026-04-22,PROFILING,Data Profiling,87.5,GREEN
DS_TRENDED_REPORT,Workday Trended Report,P&C,2026-04-22,DEFINITIONS,Data Definitions,44.96,RED
DS_TRENDED_REPORT,Workday Trended Report,P&C,2026-04-22,KEY_PROPERTIES,Key Properties,100.0,GREEN
DS_TRENDED_REPORT,Workday Trended Report,P&C,2026-04-22,USAGE,Usage,43.33,RED
DS_TRENDED_REPORT,Workday Trended Report,P&C,2026-04-22,FEEDBACK,User Feedback,80.96,GREEN
DS_TRENDED_REPORT,Workday Trended Report,P&C,2026-04-23,OWNERSHIP,Data Ownership,60.0,AMBER
DS_TRENDED_REPORT,Workday Trended Report,P&C,2026-04-23,SOURCE,Data Source,100.0,GREEN
DS_TRENDED_REPORT,Workday Trended Report,P&C,2026-04-23,ISSUES,Active Issues,80.0,GREEN
DS_TRENDED_REPORT,Workday Trended Report,P&C,2026-04-23,TIMELINESS,Timeliness,95.37,GREEN
DS_TRENDED_REPORT,Workday Trended Report,P&C,2026-04-23,COMPLETENESS_KEY_PROPS,Completeness of Key Properties,93.34,GREEN
DS_TRENDED_REPORT,Workday Trended Report,P&C,2026-04-23,PROFILING,Data Profiling,79.17,AMBER
DS_TRENDED_REPORT,Workday Trended Report,P&C,2026-04-23,DEFINITIONS,Data Definitions,46.6,RED
DS_TRENDED_REPORT,Workday Trended Report,P&C,2026-04-23,KEY_PROPERTIES,Key Properties,100.0,GREEN
DS_TRENDED_REPORT,Workday Trended Report,P&C,2026-04-23,USAGE,Usage,20.0,RED
DS_TRENDED_REPORT,Workday Trended Report,P&C,2026-04-23,FEEDBACK,User Feedback,81.62,GREEN
DS_TRENDED_REPORT,Workday Trended Report,P&C,2026-04-24,OWNERSHIP,Data Ownership,60.0,AMBER
DS_TRENDED_REPORT,Workday Trended Report,P&C,2026-04-24,SOURCE,Data Source,100.0,GREEN
DS_TRENDED_REPORT,Workday Trended Report,P&C,2026-04-24,ISSUES,Active Issues,77.0,AMBER
DS_TRENDED_REPORT,Workday Trended Report,P&C,2026-04-24,TIMELINESS,Timeliness,95.65,GREEN
DS_TRENDED_REPORT,Workday Trended Report,P&C,2026-04-24,COMPLETENESS_KEY_PROPS,Completeness of Key Properties,96.06,GREEN
DS_TRENDED_REPORT,Workday Trended Report,P&C,2026-04-24,PROFILING,Data Profiling,83.33,GREEN
DS_TRENDED_REPORT,Workday Trended Report,P&C,2026-04-24,DEFINITIONS,Data Definitions,50.57,RED
DS_TRENDED_REPORT,Workday Trended Report,P&C,2026-04-24,KEY_PROPERTIES,Key Properties,100.0,GREEN
DS_TRENDED_REPORT,Workday Trended Report,P&C,2026-04-24,USAGE,Usage,21.67,RED
DS_TRENDED_REPORT,Workday Trended Report,P&C,2026-04-24,FEEDBACK,User Feedback,78.75,AMBER
DS_TRENDED_REPORT,Workday Trended Report,P&C,2026-04-25,OWNERSHIP,Data Ownership,60.0,AMBER
DS_TRENDED_REPORT,Workday Trended Report,P&C,2026-04-25,SOURCE,Data Source,100.0,GREEN
DS_TRENDED_REPORT,Workday Trended Report,P&C,2026-04-25,ISSUES,Active Issues,99.0,GREEN
DS_TRENDED_REPORT,Workday Trended Report,P&C,2026-04-25,TIMELINESS,Timeliness,94.28,GREEN
DS_TRENDED_REPORT,Workday Trended Report,P&C,2026-04-25,COMPLETENESS_KEY_PROPS,Completeness of Key Properties,98.12,GREEN
DS_TRENDED_REPORT,Workday Trended Report,P&C,2026-04-25,PROFILING,Data Profiling,75.0,AMBER
DS_TRENDED_REPORT,Workday Trended Report,P&C,2026-04-25,DEFINITIONS,Data Definitions,33.33,RED
DS_TRENDED_REPORT,Workday Trended Report,P&C,2026-04-25,KEY_PROPERTIES,Key Properties,100.0,GREEN
DS_TRENDED_REPORT,Workday Trended Report,P&C,2026-04-25,USAGE,Usage,8.33,RED
DS_TRENDED_REPORT,Workday Trended Report,P&C,2026-04-25,FEEDBACK,User Feedback,86.63,GREEN
DS_TRENDED_REPORT,Workday Trended Report,P&C,2026-04-26,OWNERSHIP,Data Ownership,60.0,AMBER
DS_TRENDED_REPORT,Workday Trended Report,P&C,2026-04-26,SOURCE,Data Source,100.0,GREEN
DS_TRENDED_REPORT,Workday Trended Report,P&C,2026-04-26,ISSUES,Active Issues,88.0,GREEN
DS_TRENDED_REPORT,Workday Trended Report,P&C,2026-04-26,TIMELINESS,Timeliness,85.37,GREEN
DS_TRENDED_REPORT,Workday Trended Report,P&C,2026-04-26,COMPLETENESS_KEY_PROPS,Completeness of Key Properties,96.25,GREEN
DS_TRENDED_REPORT,Workday Trended Report,P&C,2026-04-26,PROFILING,Data Profiling,62.5,AMBER
DS_TRENDED_REPORT,Workday Trended Report,P&C,2026-04-26,DEFINITIONS,Data Definitions,46.67,RED
DS_TRENDED_REPORT,Workday Trended Report,P&C,2026-04-26,KEY_PROPERTIES,Key Properties,100.0,GREEN
DS_TRENDED_REPORT,Workday Trended Report,P&C,2026-04-26,USAGE,Usage,16.67,RED
DS_TRENDED_REPORT,Workday Trended Report,P&C,2026-04-26,FEEDBACK,User Feedback,73.26,AMBER
DS_TRENDED_REPORT,Workday Trended Report,P&C,2026-04-27,OWNERSHIP,Data Ownership,60.0,AMBER
DS_TRENDED_REPORT,Workday Trended Report,P&C,2026-04-27,SOURCE,Data Source,100.0,GREEN
DS_TRENDED_REPORT,Workday Trended Report,P&C,2026-04-27,ISSUES,Active Issues,97.0,GREEN
DS_TRENDED_REPORT,Workday Trended Report,P&C,2026-04-27,TIMELINESS,Timeliness,90.83,GREEN
DS_TRENDED_REPORT,Workday Trended Report,P&C,2026-04-27,COMPLETENESS_KEY_PROPS,Completeness of Key Properties,97.1,GREEN
DS_TRENDED_REPORT,Workday Trended Report,P&C,2026-04-27,PROFILING,Data Profiling,66.67,AMBER
DS_TRENDED_REPORT,Workday Trended Report,P&C,2026-04-27,DEFINITIONS,Data Definitions,41.27,RED
DS_TRENDED_REPORT,Workday Trended Report,P&C,2026-04-27,KEY_PROPERTIES,Key Properties,100.0,GREEN
DS_TRENDED_REPORT,Workday Trended Report,P&C,2026-04-27,USAGE,Usage,5.0,RED
DS_TRENDED_REPORT,Workday Trended Report,P&C,2026-04-27,FEEDBACK,User Feedback,90.42,GREEN
DS_TRENDED_REPORT,Workday Trended Report,P&C,2026-04-28,OWNERSHIP,Data Ownership,60.0,AMBER
DS_TRENDED_REPORT,Workday Trended Report,P&C,2026-04-28,SOURCE,Data Source,100.0,GREEN
DS_TRENDED_REPORT,Workday Trended Report,P&C,2026-04-28,ISSUES,Active Issues,93.0,GREEN
DS_TRENDED_REPORT,Workday Trended Report,P&C,2026-04-28,TIMELINESS,Timeliness,95.45,GREEN
DS_TRENDED_REPORT,Workday Trended Report,P&C,2026-04-28,COMPLETENESS_KEY_PROPS,Completeness of Key Properties,98.39,GREEN
DS_TRENDED_REPORT,Workday Trended Report,P&C,2026-04-28,PROFILING,Data Profiling,66.67,AMBER
DS_TRENDED_REPORT,Workday Trended Report,P&C,2026-04-28,DEFINITIONS,Data Definitions,45.28,RED
DS_TRENDED_REPORT,Workday Trended Report,P&C,2026-04-28,KEY_PROPERTIES,Key Properties,100.0,GREEN
DS_TRENDED_REPORT,Workday Trended Report,P&C,2026-04-28,USAGE,Usage,35.0,RED
DS_TRENDED_REPORT,Workday Trended Report,P&C,2026-04-28,FEEDBACK,User Feedback,69.97,AMBER
DS_TRENDED_REPORT,Workday Trended Report,P&C,2026-04-29,OWNERSHIP,Data Ownership,60.0,AMBER
DS_TRENDED_REPORT,Workday Trended Report,P&C,2026-04-29,SOURCE,Data Source,100.0,GREEN
DS_TRENDED_REPORT,Workday Trended Report,P&C,2026-04-29,ISSUES,Active Issues,100.0,GREEN
DS_TRENDED_REPORT,Workday Trended Report,P&C,2026-04-29,TIMELINESS,Timeliness,98.82,GREEN
DS_TRENDED_REPORT,Workday Trended Report,P&C,2026-04-29,COMPLETENESS_KEY_PROPS,Completeness of Key Properties,95.28,GREEN
DS_TRENDED_REPORT,Workday Trended Report,P&C,2026-04-29,PROFILING,Data Profiling,79.17,AMBER
DS_TRENDED_REPORT,Workday Trended Report,P&C,2026-04-29,DEFINITIONS,Data Definitions,44.44,RED
DS_TRENDED_REPORT,Workday Trended Report,P&C,2026-04-29,KEY_PROPERTIES,Key Properties,100.0,GREEN
DS_TRENDED_REPORT,Workday Trended Report,P&C,2026-04-29,USAGE,Usage,18.33,RED
DS_TRENDED_REPORT,Workday Trended Report,P&C,2026-04-29,FEEDBACK,User Feedback,78.17,AMBER
DS_TRENDED_REPORT,Workday Trended Report,P&C,2026-04-30,OWNERSHIP,Data Ownership,60.0,AMBER
DS_TRENDED_REPORT,Workday Trended Report,P&C,2026-04-30,SOURCE,Data Source,100.0,GREEN
DS_TRENDED_REPORT,Workday Trended Report,P&C,2026-04-30,ISSUES,Active Issues,92.0,GREEN
DS_TRENDED_REPORT,Workday Trended Report,P&C,2026-04-30,TIMELINESS,Timeliness,100.0,GREEN
DS_TRENDED_REPORT,Workday Trended Report,P&C,2026-04-30,COMPLETENESS_KEY_PROPS,Completeness of Key Properties,95.99,GREEN
DS_TRENDED_REPORT,Workday Trended Report,P&C,2026-04-30,PROFILING,Data Profiling,79.17,AMBER
DS_TRENDED_REPORT,Workday Trended Report,P&C,2026-04-30,DEFINITIONS,Data Definitions,43.42,RED
DS_TRENDED_REPORT,Workday Trended Report,P&C,2026-04-30,KEY_PROPERTIES,Key Properties,100.0,GREEN
DS_TRENDED_REPORT,Workday Trended Report,P&C,2026-04-30,USAGE,Usage,26.67,RED
DS_TRENDED_REPORT,Workday Trended Report,P&C,2026-04-30,FEEDBACK,User Feedback,74.32,AMBER
DS_TRENDED_REPORT,Workday Trended Report,P&C,2026-05-01,OWNERSHIP,Data Ownership,60.0,AMBER
DS_TRENDED_REPORT,Workday Trended Report,P&C,2026-05-01,SOURCE,Data Source,100.0,GREEN
DS_TRENDED_REPORT,Workday Trended Report,P&C,2026-05-01,ISSUES,Active Issues,97.0,GREEN
DS_TRENDED_REPORT,Workday Trended Report,P&C,2026-05-01,TIMELINESS,Timeliness,94.82,GREEN
DS_TRENDED_REPORT,Workday Trended Report,P&C,2026-05-01,COMPLETENESS_KEY_PROPS,Completeness of Key Properties,93.92,GREEN
DS_TRENDED_REPORT,Workday Trended Report,P&C,2026-05-01,PROFILING,Data Profiling,70.83,AMBER
DS_TRENDED_REPORT,Workday Trended Report,P&C,2026-05-01,DEFINITIONS,Data Definitions,45.83,RED
DS_TRENDED_REPORT,Workday Trended Report,P&C,2026-05-01,KEY_PROPERTIES,Key Properties,100.0,GREEN
DS_TRENDED_REPORT,Workday Trended Report,P&C,2026-05-01,USAGE,Usage,26.67,RED
DS_TRENDED_REPORT,Workday Trended Report,P&C,2026-05-01,FEEDBACK,User Feedback,71.1,AMBER
DS_TRENDED_REPORT,Workday Trended Report,P&C,2026-05-02,OWNERSHIP,Data Ownership,60.0,AMBER
DS_TRENDED_REPORT,Workday Trended Report,P&C,2026-05-02,SOURCE,Data Source,100.0,GREEN
DS_TRENDED_REPORT,Workday Trended Report,P&C,2026-05-02,ISSUES,Active Issues,94.0,GREEN
DS_TRENDED_REPORT,Workday Trended Report,P&C,2026-05-02,TIMELINESS,Timeliness,100.0,GREEN
DS_TRENDED_REPORT,Workday Trended Report,P&C,2026-05-02,COMPLETENESS_KEY_PROPS,Completeness of Key Properties,96.18,GREEN
DS_TRENDED_REPORT,Workday Trended Report,P&C,2026-05-02,PROFILING,Data Profiling,87.5,GREEN
DS_TRENDED_REPORT,Workday Trended Report,P&C,2026-05-02,DEFINITIONS,Data Definitions,42.72,RED
DS_TRENDED_REPORT,Workday Trended Report,P&C,2026-05-02,KEY_PROPERTIES,Key Properties,100.0,GREEN
DS_TRENDED_REPORT,Workday Trended Report,P&C,2026-05-02,USAGE,Usage,21.67,RED
DS_TRENDED_REPORT,Workday Trended Report,P&C,2026-05-02,FEEDBACK,User Feedback,78.26,AMBER
DS_TRENDED_REPORT,Workday Trended Report,P&C,2026-05-03,OWNERSHIP,Data Ownership,60.0,AMBER
DS_TRENDED_REPORT,Workday Trended Report,P&C,2026-05-03,SOURCE,Data Source,100.0,GREEN
DS_TRENDED_REPORT,Workday Trended Report,P&C,2026-05-03,ISSUES,Active Issues,90.0,GREEN
DS_TRENDED_REPORT,Workday Trended Report,P&C,2026-05-03,TIMELINESS,Timeliness,96.91,GREEN
DS_TRENDED_REPORT,Workday Trended Report,P&C,2026-05-03,COMPLETENESS_KEY_PROPS,Completeness of Key Properties,97.42,GREEN
DS_TRENDED_REPORT,Workday Trended Report,P&C,2026-05-03,PROFILING,Data Profiling,79.17,AMBER
DS_TRENDED_REPORT,Workday Trended Report,P&C,2026-05-03,DEFINITIONS,Data Definitions,46.73,RED
DS_TRENDED_REPORT,Workday Trended Report,P&C,2026-05-03,KEY_PROPERTIES,Key Properties,100.0,GREEN
DS_TRENDED_REPORT,Workday Trended Report,P&C,2026-05-03,USAGE,Usage,6.67,RED
DS_TRENDED_REPORT,Workday Trended Report,P&C,2026-05-03,FEEDBACK,User Feedback,76.99,AMBER
DS_TRENDED_REPORT,Workday Trended Report,P&C,2026-05-04,OWNERSHIP,Data Ownership,60.0,AMBER
DS_TRENDED_REPORT,Workday Trended Report,P&C,2026-05-04,SOURCE,Data Source,100.0,GREEN
DS_TRENDED_REPORT,Workday Trended Report,P&C,2026-05-04,ISSUES,Active Issues,95.0,GREEN
DS_TRENDED_REPORT,Workday Trended Report,P&C,2026-05-04,TIMELINESS,Timeliness,96.48,GREEN
DS_TRENDED_REPORT,Workday Trended Report,P&C,2026-05-04,COMPLETENESS_KEY_PROPS,Completeness of Key Properties,95.82,GREEN
DS_TRENDED_REPORT,Workday Trended Report,P&C,2026-05-04,PROFILING,Data Profiling,66.67,AMBER
DS_TRENDED_REPORT,Workday Trended Report,P&C,2026-05-04,DEFINITIONS,Data Definitions,46.07,RED
DS_TRENDED_REPORT,Workday Trended Report,P&C,2026-05-04,KEY_PROPERTIES,Key Properties,100.0,GREEN
DS_TRENDED_REPORT,Workday Trended Report,P&C,2026-05-04,USAGE,Usage,18.33,RED
DS_TRENDED_REPORT,Workday Trended Report,P&C,2026-05-04,FEEDBACK,User Feedback,63.74,AMBER
DS_TRENDED_REPORT,Workday Trended Report,P&C,2026-05-05,OWNERSHIP,Data Ownership,60.0,AMBER
DS_TRENDED_REPORT,Workday Trended Report,P&C,2026-05-05,SOURCE,Data Source,100.0,GREEN
DS_TRENDED_REPORT,Workday Trended Report,P&C,2026-05-05,ISSUES,Active Issues,98.0,GREEN
DS_TRENDED_REPORT,Workday Trended Report,P&C,2026-05-05,TIMELINESS,Timeliness,97.48,GREEN
DS_TRENDED_REPORT,Workday Trended Report,P&C,2026-05-05,COMPLETENESS_KEY_PROPS,Completeness of Key Properties,95.8,GREEN
DS_TRENDED_REPORT,Workday Trended Report,P&C,2026-05-05,PROFILING,Data Profiling,79.17,AMBER
DS_TRENDED_REPORT,Workday Trended Report,P&C,2026-05-05,DEFINITIONS,Data Definitions,43.71,RED
DS_TRENDED_REPORT,Workday Trended Report,P&C,2026-05-05,KEY_PROPERTIES,Key Properties,100.0,GREEN
DS_TRENDED_REPORT,Workday Trended Report,P&C,2026-05-05,USAGE,Usage,20.0,RED
DS_TRENDED_REPORT,Workday Trended Report,P&C,2026-05-05,FEEDBACK,User Feedback,94.03,GREEN
DS_TRENDED_REPORT,Workday Trended Report,P&C,2026-05-06,OWNERSHIP,Data Ownership,60.0,AMBER
DS_TRENDED_REPORT,Workday Trended Report,P&C,2026-05-06,SOURCE,Data Source,100.0,GREEN
DS_TRENDED_REPORT,Workday Trended Report,P&C,2026-05-06,ISSUES,Active Issues,85.0,GREEN
DS_TRENDED_REPORT,Workday Trended Report,P&C,2026-05-06,TIMELINESS,Timeliness,99.59,GREEN
DS_TRENDED_REPORT,Workday Trended Report,P&C,2026-05-06,COMPLETENESS_KEY_PROPS,Completeness of Key Properties,95.89,GREEN
DS_TRENDED_REPORT,Workday Trended Report,P&C,2026-05-06,PROFILING,Data Profiling,62.5,AMBER
DS_TRENDED_REPORT,Workday Trended Report,P&C,2026-05-06,DEFINITIONS,Data Definitions,43.55,RED
DS_TRENDED_REPORT,Workday Trended Report,P&C,2026-05-06,KEY_PROPERTIES,Key Properties,100.0,GREEN
DS_TRENDED_REPORT,Workday Trended Report,P&C,2026-05-06,USAGE,Usage,30.0,RED
DS_TRENDED_REPORT,Workday Trended Report,P&C,2026-05-06,FEEDBACK,User Feedback,82.16,GREEN
DS_TRENDED_REPORT_VW,Trended Report Public View,P&C,2026-02-05,OWNERSHIP,Data Ownership,60.0,AMBER
DS_TRENDED_REPORT_VW,Trended Report Public View,P&C,2026-02-05,SOURCE,Data Source,100.0,GREEN
DS_TRENDED_REPORT_VW,Trended Report Public View,P&C,2026-02-05,ISSUES,Active Issues,85.0,GREEN
DS_TRENDED_REPORT_VW,Trended Report Public View,P&C,2026-02-05,TIMELINESS,Timeliness,91.73,GREEN
DS_TRENDED_REPORT_VW,Trended Report Public View,P&C,2026-02-05,COMPLETENESS_KEY_PROPS,Completeness of Key Properties,95.81,GREEN
DS_TRENDED_REPORT_VW,Trended Report Public View,P&C,2026-02-05,PROFILING,Data Profiling,70.83,AMBER
DS_TRENDED_REPORT_VW,Trended Report Public View,P&C,2026-02-05,DEFINITIONS,Data Definitions,43.88,RED
DS_TRENDED_REPORT_VW,Trended Report Public View,P&C,2026-02-05,KEY_PROPERTIES,Key Properties,100.0,GREEN
DS_TRENDED_REPORT_VW,Trended Report Public View,P&C,2026-02-05,USAGE,Usage,70.0,AMBER
DS_TRENDED_REPORT_VW,Trended Report Public View,P&C,2026-02-05,FEEDBACK,User Feedback,83.1,GREEN
DS_TRENDED_REPORT_VW,Trended Report Public View,P&C,2026-02-06,OWNERSHIP,Data Ownership,60.0,AMBER
DS_TRENDED_REPORT_VW,Trended Report Public View,P&C,2026-02-06,SOURCE,Data Source,100.0,GREEN
DS_TRENDED_REPORT_VW,Trended Report Public View,P&C,2026-02-06,ISSUES,Active Issues,99.0,GREEN
DS_TRENDED_REPORT_VW,Trended Report Public View,P&C,2026-02-06,TIMELINESS,Timeliness,95.5,GREEN
DS_TRENDED_REPORT_VW,Trended Report Public View,P&C,2026-02-06,COMPLETENESS_KEY_PROPS,Completeness of Key Properties,95.59,GREEN
DS_TRENDED_REPORT_VW,Trended Report Public View,P&C,2026-02-06,PROFILING,Data Profiling,83.33,GREEN
DS_TRENDED_REPORT_VW,Trended Report Public View,P&C,2026-02-06,DEFINITIONS,Data Definitions,43.75,RED
DS_TRENDED_REPORT_VW,Trended Report Public View,P&C,2026-02-06,KEY_PROPERTIES,Key Properties,100.0,GREEN
DS_TRENDED_REPORT_VW,Trended Report Public View,P&C,2026-02-06,USAGE,Usage,55.0,RED
DS_TRENDED_REPORT_VW,Trended Report Public View,P&C,2026-02-06,FEEDBACK,User Feedback,68.74,AMBER
DS_TRENDED_REPORT_VW,Trended Report Public View,P&C,2026-02-07,OWNERSHIP,Data Ownership,60.0,AMBER
DS_TRENDED_REPORT_VW,Trended Report Public View,P&C,2026-02-07,SOURCE,Data Source,100.0,GREEN
DS_TRENDED_REPORT_VW,Trended Report Public View,P&C,2026-02-07,ISSUES,Active Issues,98.0,GREEN
DS_TRENDED_REPORT_VW,Trended Report Public View,P&C,2026-02-07,TIMELINESS,Timeliness,90.5,GREEN
DS_TRENDED_REPORT_VW,Trended Report Public View,P&C,2026-02-07,COMPLETENESS_KEY_PROPS,Completeness of Key Properties,97.45,GREEN
DS_TRENDED_REPORT_VW,Trended Report Public View,P&C,2026-02-07,PROFILING,Data Profiling,83.33,GREEN
DS_TRENDED_REPORT_VW,Trended Report Public View,P&C,2026-02-07,DEFINITIONS,Data Definitions,46.79,RED
DS_TRENDED_REPORT_VW,Trended Report Public View,P&C,2026-02-07,KEY_PROPERTIES,Key Properties,100.0,GREEN
DS_TRENDED_REPORT_VW,Trended Report Public View,P&C,2026-02-07,USAGE,Usage,51.67,RED
DS_TRENDED_REPORT_VW,Trended Report Public View,P&C,2026-02-07,FEEDBACK,User Feedback,89.13,GREEN
DS_TRENDED_REPORT_VW,Trended Report Public View,P&C,2026-02-08,OWNERSHIP,Data Ownership,60.0,AMBER
DS_TRENDED_REPORT_VW,Trended Report Public View,P&C,2026-02-08,SOURCE,Data Source,100.0,GREEN
DS_TRENDED_REPORT_VW,Trended Report Public View,P&C,2026-02-08,ISSUES,Active Issues,99.0,GREEN
DS_TRENDED_REPORT_VW,Trended Report Public View,P&C,2026-02-08,TIMELINESS,Timeliness,96.04,GREEN
DS_TRENDED_REPORT_VW,Trended Report Public View,P&C,2026-02-08,COMPLETENESS_KEY_PROPS,Completeness of Key Properties,97.3,GREEN
DS_TRENDED_REPORT_VW,Trended Report Public View,P&C,2026-02-08,PROFILING,Data Profiling,100.0,GREEN
DS_TRENDED_REPORT_VW,Trended Report Public View,P&C,2026-02-08,DEFINITIONS,Data Definitions,43.86,RED
DS_TRENDED_REPORT_VW,Trended Report Public View,P&C,2026-02-08,KEY_PROPERTIES,Key Properties,100.0,GREEN
DS_TRENDED_REPORT_VW,Trended Report Public View,P&C,2026-02-08,USAGE,Usage,56.67,RED
DS_TRENDED_REPORT_VW,Trended Report Public View,P&C,2026-02-08,FEEDBACK,User Feedback,96.65,GREEN
DS_TRENDED_REPORT_VW,Trended Report Public View,P&C,2026-02-09,OWNERSHIP,Data Ownership,60.0,AMBER
DS_TRENDED_REPORT_VW,Trended Report Public View,P&C,2026-02-09,SOURCE,Data Source,100.0,GREEN
DS_TRENDED_REPORT_VW,Trended Report Public View,P&C,2026-02-09,ISSUES,Active Issues,100.0,GREEN
DS_TRENDED_REPORT_VW,Trended Report Public View,P&C,2026-02-09,TIMELINESS,Timeliness,100.0,GREEN
DS_TRENDED_REPORT_VW,Trended Report Public View,P&C,2026-02-09,COMPLETENESS_KEY_PROPS,Completeness of Key Properties,100.0,GREEN
DS_TRENDED_REPORT_VW,Trended Report Public View,P&C,2026-02-09,PROFILING,Data Profiling,83.33,GREEN
DS_TRENDED_REPORT_VW,Trended Report Public View,P&C,2026-02-09,DEFINITIONS,Data Definitions,46.25,RED
DS_TRENDED_REPORT_VW,Trended Report Public View,P&C,2026-02-09,KEY_PROPERTIES,Key Properties,100.0,GREEN
DS_TRENDED_REPORT_VW,Trended Report Public View,P&C,2026-02-09,USAGE,Usage,51.67,RED
DS_TRENDED_REPORT_VW,Trended Report Public View,P&C,2026-02-09,FEEDBACK,User Feedback,77.61,AMBER
DS_TRENDED_REPORT_VW,Trended Report Public View,P&C,2026-02-10,OWNERSHIP,Data Ownership,60.0,AMBER
DS_TRENDED_REPORT_VW,Trended Report Public View,P&C,2026-02-10,SOURCE,Data Source,100.0,GREEN
DS_TRENDED_REPORT_VW,Trended Report Public View,P&C,2026-02-10,ISSUES,Active Issues,97.0,GREEN
DS_TRENDED_REPORT_VW,Trended Report Public View,P&C,2026-02-10,TIMELINESS,Timeliness,97.53,GREEN
DS_TRENDED_REPORT_VW,Trended Report Public View,P&C,2026-02-10,COMPLETENESS_KEY_PROPS,Completeness of Key Properties,99.46,GREEN
DS_TRENDED_REPORT_VW,Trended Report Public View,P&C,2026-02-10,PROFILING,Data Profiling,87.5,GREEN
DS_TRENDED_REPORT_VW,Trended Report Public View,P&C,2026-02-10,DEFINITIONS,Data Definitions,40.2,RED
DS_TRENDED_REPORT_VW,Trended Report Public View,P&C,2026-02-10,KEY_PROPERTIES,Key Properties,100.0,GREEN
DS_TRENDED_REPORT_VW,Trended Report Public View,P&C,2026-02-10,USAGE,Usage,55.0,RED
DS_TRENDED_REPORT_VW,Trended Report Public View,P&C,2026-02-10,FEEDBACK,User Feedback,79.55,AMBER
DS_TRENDED_REPORT_VW,Trended Report Public View,P&C,2026-02-11,OWNERSHIP,Data Ownership,60.0,AMBER
DS_TRENDED_REPORT_VW,Trended Report Public View,P&C,2026-02-11,SOURCE,Data Source,100.0,GREEN
DS_TRENDED_REPORT_VW,Trended Report Public View,P&C,2026-02-11,ISSUES,Active Issues,95.0,GREEN
DS_TRENDED_REPORT_VW,Trended Report Public View,P&C,2026-02-11,TIMELINESS,Timeliness,95.22,GREEN
DS_TRENDED_REPORT_VW,Trended Report Public View,P&C,2026-02-11,COMPLETENESS_KEY_PROPS,Completeness of Key Properties,97.68,GREEN
DS_TRENDED_REPORT_VW,Trended Report Public View,P&C,2026-02-11,PROFILING,Data Profiling,75.0,AMBER
DS_TRENDED_REPORT_VW,Trended Report Public View,P&C,2026-02-11,DEFINITIONS,Data Definitions,43.06,RED
DS_TRENDED_REPORT_VW,Trended Report Public View,P&C,2026-02-11,KEY_PROPERTIES,Key Properties,100.0,GREEN
DS_TRENDED_REPORT_VW,Trended Report Public View,P&C,2026-02-11,USAGE,Usage,48.33,RED
DS_TRENDED_REPORT_VW,Trended Report Public View,P&C,2026-02-11,FEEDBACK,User Feedback,81.61,GREEN
DS_TRENDED_REPORT_VW,Trended Report Public View,P&C,2026-02-12,OWNERSHIP,Data Ownership,60.0,AMBER
DS_TRENDED_REPORT_VW,Trended Report Public View,P&C,2026-02-12,SOURCE,Data Source,100.0,GREEN
DS_TRENDED_REPORT_VW,Trended Report Public View,P&C,2026-02-12,ISSUES,Active Issues,94.0,GREEN
DS_TRENDED_REPORT_VW,Trended Report Public View,P&C,2026-02-12,TIMELINESS,Timeliness,89.78,GREEN
DS_TRENDED_REPORT_VW,Trended Report Public View,P&C,2026-02-12,COMPLETENESS_KEY_PROPS,Completeness of Key Properties,97.49,GREEN
DS_TRENDED_REPORT_VW,Trended Report Public View,P&C,2026-02-12,PROFILING,Data Profiling,70.83,AMBER
DS_TRENDED_REPORT_VW,Trended Report Public View,P&C,2026-02-12,DEFINITIONS,Data Definitions,43.56,RED
DS_TRENDED_REPORT_VW,Trended Report Public View,P&C,2026-02-12,KEY_PROPERTIES,Key Properties,100.0,GREEN
DS_TRENDED_REPORT_VW,Trended Report Public View,P&C,2026-02-12,USAGE,Usage,75.0,AMBER
DS_TRENDED_REPORT_VW,Trended Report Public View,P&C,2026-02-12,FEEDBACK,User Feedback,72.71,AMBER
DS_TRENDED_REPORT_VW,Trended Report Public View,P&C,2026-02-13,OWNERSHIP,Data Ownership,60.0,AMBER
DS_TRENDED_REPORT_VW,Trended Report Public View,P&C,2026-02-13,SOURCE,Data Source,100.0,GREEN
DS_TRENDED_REPORT_VW,Trended Report Public View,P&C,2026-02-13,ISSUES,Active Issues,95.0,GREEN
DS_TRENDED_REPORT_VW,Trended Report Public View,P&C,2026-02-13,TIMELINESS,Timeliness,91.37,GREEN
DS_TRENDED_REPORT_VW,Trended Report Public View,P&C,2026-02-13,COMPLETENESS_KEY_PROPS,Completeness of Key Properties,98.87,GREEN
DS_TRENDED_REPORT_VW,Trended Report Public View,P&C,2026-02-13,PROFILING,Data Profiling,79.17,AMBER
DS_TRENDED_REPORT_VW,Trended Report Public View,P&C,2026-02-13,DEFINITIONS,Data Definitions,44.62,RED
DS_TRENDED_REPORT_VW,Trended Report Public View,P&C,2026-02-13,KEY_PROPERTIES,Key Properties,100.0,GREEN
DS_TRENDED_REPORT_VW,Trended Report Public View,P&C,2026-02-13,USAGE,Usage,43.33,RED
DS_TRENDED_REPORT_VW,Trended Report Public View,P&C,2026-02-13,FEEDBACK,User Feedback,81.1,GREEN
DS_TRENDED_REPORT_VW,Trended Report Public View,P&C,2026-02-14,OWNERSHIP,Data Ownership,60.0,AMBER
DS_TRENDED_REPORT_VW,Trended Report Public View,P&C,2026-02-14,SOURCE,Data Source,100.0,GREEN
DS_TRENDED_REPORT_VW,Trended Report Public View,P&C,2026-02-14,ISSUES,Active Issues,85.0,GREEN
DS_TRENDED_REPORT_VW,Trended Report Public View,P&C,2026-02-14,TIMELINESS,Timeliness,95.97,GREEN
DS_TRENDED_REPORT_VW,Trended Report Public View,P&C,2026-02-14,COMPLETENESS_KEY_PROPS,Completeness of Key Properties,98.36,GREEN
DS_TRENDED_REPORT_VW,Trended Report Public View,P&C,2026-02-14,PROFILING,Data Profiling,66.67,AMBER
DS_TRENDED_REPORT_VW,Trended Report Public View,P&C,2026-02-14,DEFINITIONS,Data Definitions,42.02,RED
DS_TRENDED_REPORT_VW,Trended Report Public View,P&C,2026-02-14,KEY_PROPERTIES,Key Properties,100.0,GREEN
DS_TRENDED_REPORT_VW,Trended Report Public View,P&C,2026-02-14,USAGE,Usage,71.67,AMBER
DS_TRENDED_REPORT_VW,Trended Report Public View,P&C,2026-02-14,FEEDBACK,User Feedback,96.04,GREEN
DS_TRENDED_REPORT_VW,Trended Report Public View,P&C,2026-02-15,OWNERSHIP,Data Ownership,60.0,AMBER
DS_TRENDED_REPORT_VW,Trended Report Public View,P&C,2026-02-15,SOURCE,Data Source,100.0,GREEN
DS_TRENDED_REPORT_VW,Trended Report Public View,P&C,2026-02-15,ISSUES,Active Issues,95.0,GREEN
DS_TRENDED_REPORT_VW,Trended Report Public View,P&C,2026-02-15,TIMELINESS,Timeliness,99.41,GREEN
DS_TRENDED_REPORT_VW,Trended Report Public View,P&C,2026-02-15,COMPLETENESS_KEY_PROPS,Completeness of Key Properties,97.44,GREEN
DS_TRENDED_REPORT_VW,Trended Report Public View,P&C,2026-02-15,PROFILING,Data Profiling,87.5,GREEN
DS_TRENDED_REPORT_VW,Trended Report Public View,P&C,2026-02-15,DEFINITIONS,Data Definitions,45.45,RED
DS_TRENDED_REPORT_VW,Trended Report Public View,P&C,2026-02-15,KEY_PROPERTIES,Key Properties,100.0,GREEN
DS_TRENDED_REPORT_VW,Trended Report Public View,P&C,2026-02-15,USAGE,Usage,60.0,AMBER
DS_TRENDED_REPORT_VW,Trended Report Public View,P&C,2026-02-15,FEEDBACK,User Feedback,90.1,GREEN
DS_TRENDED_REPORT_VW,Trended Report Public View,P&C,2026-02-16,OWNERSHIP,Data Ownership,60.0,AMBER
DS_TRENDED_REPORT_VW,Trended Report Public View,P&C,2026-02-16,SOURCE,Data Source,100.0,GREEN
DS_TRENDED_REPORT_VW,Trended Report Public View,P&C,2026-02-16,ISSUES,Active Issues,99.0,GREEN
DS_TRENDED_REPORT_VW,Trended Report Public View,P&C,2026-02-16,TIMELINESS,Timeliness,97.38,GREEN
DS_TRENDED_REPORT_VW,Trended Report Public View,P&C,2026-02-16,COMPLETENESS_KEY_PROPS,Completeness of Key Properties,95.48,GREEN
DS_TRENDED_REPORT_VW,Trended Report Public View,P&C,2026-02-16,PROFILING,Data Profiling,87.5,GREEN
DS_TRENDED_REPORT_VW,Trended Report Public View,P&C,2026-02-16,DEFINITIONS,Data Definitions,45.16,RED
DS_TRENDED_REPORT_VW,Trended Report Public View,P&C,2026-02-16,KEY_PROPERTIES,Key Properties,100.0,GREEN
DS_TRENDED_REPORT_VW,Trended Report Public View,P&C,2026-02-16,USAGE,Usage,55.0,RED
DS_TRENDED_REPORT_VW,Trended Report Public View,P&C,2026-02-16,FEEDBACK,User Feedback,83.47,GREEN
DS_TRENDED_REPORT_VW,Trended Report Public View,P&C,2026-02-17,OWNERSHIP,Data Ownership,60.0,AMBER
DS_TRENDED_REPORT_VW,Trended Report Public View,P&C,2026-02-17,SOURCE,Data Source,100.0,GREEN
DS_TRENDED_REPORT_VW,Trended Report Public View,P&C,2026-02-17,ISSUES,Active Issues,97.0,GREEN
DS_TRENDED_REPORT_VW,Trended Report Public View,P&C,2026-02-17,TIMELINESS,Timeliness,91.12,GREEN
DS_TRENDED_REPORT_VW,Trended Report Public View,P&C,2026-02-17,COMPLETENESS_KEY_PROPS,Completeness of Key Properties,96.16,GREEN
DS_TRENDED_REPORT_VW,Trended Report Public View,P&C,2026-02-17,PROFILING,Data Profiling,75.0,AMBER
DS_TRENDED_REPORT_VW,Trended Report Public View,P&C,2026-02-17,DEFINITIONS,Data Definitions,39.34,RED
DS_TRENDED_REPORT_VW,Trended Report Public View,P&C,2026-02-17,KEY_PROPERTIES,Key Properties,100.0,GREEN
DS_TRENDED_REPORT_VW,Trended Report Public View,P&C,2026-02-17,USAGE,Usage,40.0,RED
DS_TRENDED_REPORT_VW,Trended Report Public View,P&C,2026-02-17,FEEDBACK,User Feedback,79.96,AMBER
DS_TRENDED_REPORT_VW,Trended Report Public View,P&C,2026-02-18,OWNERSHIP,Data Ownership,60.0,AMBER
DS_TRENDED_REPORT_VW,Trended Report Public View,P&C,2026-02-18,SOURCE,Data Source,100.0,GREEN
DS_TRENDED_REPORT_VW,Trended Report Public View,P&C,2026-02-18,ISSUES,Active Issues,80.0,GREEN
DS_TRENDED_REPORT_VW,Trended Report Public View,P&C,2026-02-18,TIMELINESS,Timeliness,99.02,GREEN
DS_TRENDED_REPORT_VW,Trended Report Public View,P&C,2026-02-18,COMPLETENESS_KEY_PROPS,Completeness of Key Properties,95.85,GREEN
DS_TRENDED_REPORT_VW,Trended Report Public View,P&C,2026-02-18,PROFILING,Data Profiling,70.83,AMBER
DS_TRENDED_REPORT_VW,Trended Report Public View,P&C,2026-02-18,DEFINITIONS,Data Definitions,44.9,RED
DS_TRENDED_REPORT_VW,Trended Report Public View,P&C,2026-02-18,KEY_PROPERTIES,Key Properties,100.0,GREEN
DS_TRENDED_REPORT_VW,Trended Report Public View,P&C,2026-02-18,USAGE,Usage,58.33,RED
DS_TRENDED_REPORT_VW,Trended Report Public View,P&C,2026-02-18,FEEDBACK,User Feedback,81.18,GREEN
DS_TRENDED_REPORT_VW,Trended Report Public View,P&C,2026-02-19,OWNERSHIP,Data Ownership,60.0,AMBER
DS_TRENDED_REPORT_VW,Trended Report Public View,P&C,2026-02-19,SOURCE,Data Source,100.0,GREEN
DS_TRENDED_REPORT_VW,Trended Report Public View,P&C,2026-02-19,ISSUES,Active Issues,96.0,GREEN
DS_TRENDED_REPORT_VW,Trended Report Public View,P&C,2026-02-19,TIMELINESS,Timeliness,100.0,GREEN
DS_TRENDED_REPORT_VW,Trended Report Public View,P&C,2026-02-19,COMPLETENESS_KEY_PROPS,Completeness of Key Properties,100.0,GREEN
DS_TRENDED_REPORT_VW,Trended Report Public View,P&C,2026-02-19,PROFILING,Data Profiling,75.0,AMBER
DS_TRENDED_REPORT_VW,Trended Report Public View,P&C,2026-02-19,DEFINITIONS,Data Definitions,45.23,RED
DS_TRENDED_REPORT_VW,Trended Report Public View,P&C,2026-02-19,KEY_PROPERTIES,Key Properties,100.0,GREEN
DS_TRENDED_REPORT_VW,Trended Report Public View,P&C,2026-02-19,USAGE,Usage,60.0,AMBER
DS_TRENDED_REPORT_VW,Trended Report Public View,P&C,2026-02-19,FEEDBACK,User Feedback,89.26,GREEN
DS_TRENDED_REPORT_VW,Trended Report Public View,P&C,2026-02-20,OWNERSHIP,Data Ownership,60.0,AMBER
DS_TRENDED_REPORT_VW,Trended Report Public View,P&C,2026-02-20,SOURCE,Data Source,100.0,GREEN
DS_TRENDED_REPORT_VW,Trended Report Public View,P&C,2026-02-20,ISSUES,Active Issues,95.0,GREEN
DS_TRENDED_REPORT_VW,Trended Report Public View,P&C,2026-02-20,TIMELINESS,Timeliness,100.0,GREEN
DS_TRENDED_REPORT_VW,Trended Report Public View,P&C,2026-02-20,COMPLETENESS_KEY_PROPS,Completeness of Key Properties,98.48,GREEN
DS_TRENDED_REPORT_VW,Trended Report Public View,P&C,2026-02-20,PROFILING,Data Profiling,66.67,AMBER
DS_TRENDED_REPORT_VW,Trended Report Public View,P&C,2026-02-20,DEFINITIONS,Data Definitions,45.9,RED
DS_TRENDED_REPORT_VW,Trended Report Public View,P&C,2026-02-20,KEY_PROPERTIES,Key Properties,100.0,GREEN
DS_TRENDED_REPORT_VW,Trended Report Public View,P&C,2026-02-20,USAGE,Usage,65.0,AMBER
DS_TRENDED_REPORT_VW,Trended Report Public View,P&C,2026-02-20,FEEDBACK,User Feedback,78.59,AMBER
DS_TRENDED_REPORT_VW,Trended Report Public View,P&C,2026-02-21,OWNERSHIP,Data Ownership,60.0,AMBER
DS_TRENDED_REPORT_VW,Trended Report Public View,P&C,2026-02-21,SOURCE,Data Source,100.0,GREEN
DS_TRENDED_REPORT_VW,Trended Report Public View,P&C,2026-02-21,ISSUES,Active Issues,100.0,GREEN
DS_TRENDED_REPORT_VW,Trended Report Public View,P&C,2026-02-21,TIMELINESS,Timeliness,100.0,GREEN
DS_TRENDED_REPORT_VW,Trended Report Public View,P&C,2026-02-21,COMPLETENESS_KEY_PROPS,Completeness of Key Properties,97.24,GREEN
DS_TRENDED_REPORT_VW,Trended Report Public View,P&C,2026-02-21,PROFILING,Data Profiling,87.5,GREEN
DS_TRENDED_REPORT_VW,Trended Report Public View,P&C,2026-02-21,DEFINITIONS,Data Definitions,45.71,RED
DS_TRENDED_REPORT_VW,Trended Report Public View,P&C,2026-02-21,KEY_PROPERTIES,Key Properties,100.0,GREEN
DS_TRENDED_REPORT_VW,Trended Report Public View,P&C,2026-02-21,USAGE,Usage,70.0,AMBER
DS_TRENDED_REPORT_VW,Trended Report Public View,P&C,2026-02-21,FEEDBACK,User Feedback,79.7,AMBER
DS_TRENDED_REPORT_VW,Trended Report Public View,P&C,2026-02-22,OWNERSHIP,Data Ownership,60.0,AMBER
DS_TRENDED_REPORT_VW,Trended Report Public View,P&C,2026-02-22,SOURCE,Data Source,100.0,GREEN
DS_TRENDED_REPORT_VW,Trended Report Public View,P&C,2026-02-22,ISSUES,Active Issues,99.0,GREEN
DS_TRENDED_REPORT_VW,Trended Report Public View,P&C,2026-02-22,TIMELINESS,Timeliness,98.64,GREEN
DS_TRENDED_REPORT_VW,Trended Report Public View,P&C,2026-02-22,COMPLETENESS_KEY_PROPS,Completeness of Key Properties,97.46,GREEN
DS_TRENDED_REPORT_VW,Trended Report Public View,P&C,2026-02-22,PROFILING,Data Profiling,79.17,AMBER
DS_TRENDED_REPORT_VW,Trended Report Public View,P&C,2026-02-22,DEFINITIONS,Data Definitions,43.8,RED
DS_TRENDED_REPORT_VW,Trended Report Public View,P&C,2026-02-22,KEY_PROPERTIES,Key Properties,100.0,GREEN
DS_TRENDED_REPORT_VW,Trended Report Public View,P&C,2026-02-22,USAGE,Usage,66.67,AMBER
DS_TRENDED_REPORT_VW,Trended Report Public View,P&C,2026-02-22,FEEDBACK,User Feedback,77.99,AMBER
DS_TRENDED_REPORT_VW,Trended Report Public View,P&C,2026-02-23,OWNERSHIP,Data Ownership,60.0,AMBER
DS_TRENDED_REPORT_VW,Trended Report Public View,P&C,2026-02-23,SOURCE,Data Source,100.0,GREEN
DS_TRENDED_REPORT_VW,Trended Report Public View,P&C,2026-02-23,ISSUES,Active Issues,87.0,GREEN
DS_TRENDED_REPORT_VW,Trended Report Public View,P&C,2026-02-23,TIMELINESS,Timeliness,94.73,GREEN
DS_TRENDED_REPORT_VW,Trended Report Public View,P&C,2026-02-23,COMPLETENESS_KEY_PROPS,Completeness of Key Properties,98.57,GREEN
DS_TRENDED_REPORT_VW,Trended Report Public View,P&C,2026-02-23,PROFILING,Data Profiling,79.17,AMBER
DS_TRENDED_REPORT_VW,Trended Report Public View,P&C,2026-02-23,DEFINITIONS,Data Definitions,45.83,RED
DS_TRENDED_REPORT_VW,Trended Report Public View,P&C,2026-02-23,KEY_PROPERTIES,Key Properties,100.0,GREEN
DS_TRENDED_REPORT_VW,Trended Report Public View,P&C,2026-02-23,USAGE,Usage,51.67,RED
DS_TRENDED_REPORT_VW,Trended Report Public View,P&C,2026-02-23,FEEDBACK,User Feedback,74.45,AMBER
DS_TRENDED_REPORT_VW,Trended Report Public View,P&C,2026-02-24,OWNERSHIP,Data Ownership,60.0,AMBER
DS_TRENDED_REPORT_VW,Trended Report Public View,P&C,2026-02-24,SOURCE,Data Source,100.0,GREEN
DS_TRENDED_REPORT_VW,Trended Report Public View,P&C,2026-02-24,ISSUES,Active Issues,94.0,GREEN
DS_TRENDED_REPORT_VW,Trended Report Public View,P&C,2026-02-24,TIMELINESS,Timeliness,95.23,GREEN
DS_TRENDED_REPORT_VW,Trended Report Public View,P&C,2026-02-24,COMPLETENESS_KEY_PROPS,Completeness of Key Properties,98.53,GREEN
DS_TRENDED_REPORT_VW,Trended Report Public View,P&C,2026-02-24,PROFILING,Data Profiling,66.67,AMBER
DS_TRENDED_REPORT_VW,Trended Report Public View,P&C,2026-02-24,DEFINITIONS,Data Definitions,45.0,RED
DS_TRENDED_REPORT_VW,Trended Report Public View,P&C,2026-02-24,KEY_PROPERTIES,Key Properties,100.0,GREEN
DS_TRENDED_REPORT_VW,Trended Report Public View,P&C,2026-02-24,USAGE,Usage,55.0,RED
DS_TRENDED_REPORT_VW,Trended Report Public View,P&C,2026-02-24,FEEDBACK,User Feedback,82.85,GREEN
DS_TRENDED_REPORT_VW,Trended Report Public View,P&C,2026-02-25,OWNERSHIP,Data Ownership,60.0,AMBER
DS_TRENDED_REPORT_VW,Trended Report Public View,P&C,2026-02-25,SOURCE,Data Source,100.0,GREEN
DS_TRENDED_REPORT_VW,Trended Report Public View,P&C,2026-02-25,ISSUES,Active Issues,97.0,GREEN
DS_TRENDED_REPORT_VW,Trended Report Public View,P&C,2026-02-25,TIMELINESS,Timeliness,98.09,GREEN
DS_TRENDED_REPORT_VW,Trended Report Public View,P&C,2026-02-25,COMPLETENESS_KEY_PROPS,Completeness of Key Properties,99.58,GREEN
DS_TRENDED_REPORT_VW,Trended Report Public View,P&C,2026-02-25,PROFILING,Data Profiling,79.17,AMBER
DS_TRENDED_REPORT_VW,Trended Report Public View,P&C,2026-02-25,DEFINITIONS,Data Definitions,46.73,RED
DS_TRENDED_REPORT_VW,Trended Report Public View,P&C,2026-02-25,KEY_PROPERTIES,Key Properties,100.0,GREEN
DS_TRENDED_REPORT_VW,Trended Report Public View,P&C,2026-02-25,USAGE,Usage,53.33,RED
DS_TRENDED_REPORT_VW,Trended Report Public View,P&C,2026-02-25,FEEDBACK,User Feedback,90.21,GREEN
DS_TRENDED_REPORT_VW,Trended Report Public View,P&C,2026-02-26,OWNERSHIP,Data Ownership,60.0,AMBER
DS_TRENDED_REPORT_VW,Trended Report Public View,P&C,2026-02-26,SOURCE,Data Source,100.0,GREEN
DS_TRENDED_REPORT_VW,Trended Report Public View,P&C,2026-02-26,ISSUES,Active Issues,87.0,GREEN
DS_TRENDED_REPORT_VW,Trended Report Public View,P&C,2026-02-26,TIMELINESS,Timeliness,88.66,GREEN
DS_TRENDED_REPORT_VW,Trended Report Public View,P&C,2026-02-26,COMPLETENESS_KEY_PROPS,Completeness of Key Properties,96.97,GREEN
DS_TRENDED_REPORT_VW,Trended Report Public View,P&C,2026-02-26,PROFILING,Data Profiling,91.67,GREEN
DS_TRENDED_REPORT_VW,Trended Report Public View,P&C,2026-02-26,DEFINITIONS,Data Definitions,48.15,RED
DS_TRENDED_REPORT_VW,Trended Report Public View,P&C,2026-02-26,KEY_PROPERTIES,Key Properties,100.0,GREEN
DS_TRENDED_REPORT_VW,Trended Report Public View,P&C,2026-02-26,USAGE,Usage,41.67,RED
DS_TRENDED_REPORT_VW,Trended Report Public View,P&C,2026-02-26,FEEDBACK,User Feedback,79.08,AMBER
DS_TRENDED_REPORT_VW,Trended Report Public View,P&C,2026-02-27,OWNERSHIP,Data Ownership,60.0,AMBER
DS_TRENDED_REPORT_VW,Trended Report Public View,P&C,2026-02-27,SOURCE,Data Source,100.0,GREEN
DS_TRENDED_REPORT_VW,Trended Report Public View,P&C,2026-02-27,ISSUES,Active Issues,97.0,GREEN
DS_TRENDED_REPORT_VW,Trended Report Public View,P&C,2026-02-27,TIMELINESS,Timeliness,100.0,GREEN
DS_TRENDED_REPORT_VW,Trended Report Public View,P&C,2026-02-27,COMPLETENESS_KEY_PROPS,Completeness of Key Properties,98.9,GREEN
DS_TRENDED_REPORT_VW,Trended Report Public View,P&C,2026-02-27,PROFILING,Data Profiling,79.17,AMBER
DS_TRENDED_REPORT_VW,Trended Report Public View,P&C,2026-02-27,DEFINITIONS,Data Definitions,46.67,RED
DS_TRENDED_REPORT_VW,Trended Report Public View,P&C,2026-02-27,KEY_PROPERTIES,Key Properties,100.0,GREEN
DS_TRENDED_REPORT_VW,Trended Report Public View,P&C,2026-02-27,USAGE,Usage,50.0,RED
DS_TRENDED_REPORT_VW,Trended Report Public View,P&C,2026-02-27,FEEDBACK,User Feedback,72.7,AMBER
DS_TRENDED_REPORT_VW,Trended Report Public View,P&C,2026-02-28,OWNERSHIP,Data Ownership,60.0,AMBER
DS_TRENDED_REPORT_VW,Trended Report Public View,P&C,2026-02-28,SOURCE,Data Source,100.0,GREEN
DS_TRENDED_REPORT_VW,Trended Report Public View,P&C,2026-02-28,ISSUES,Active Issues,99.0,GREEN
DS_TRENDED_REPORT_VW,Trended Report Public View,P&C,2026-02-28,TIMELINESS,Timeliness,100.0,GREEN
DS_TRENDED_REPORT_VW,Trended Report Public View,P&C,2026-02-28,COMPLETENESS_KEY_PROPS,Completeness of Key Properties,99.04,GREEN
DS_TRENDED_REPORT_VW,Trended Report Public View,P&C,2026-02-28,PROFILING,Data Profiling,79.17,AMBER
DS_TRENDED_REPORT_VW,Trended Report Public View,P&C,2026-02-28,DEFINITIONS,Data Definitions,41.85,RED
DS_TRENDED_REPORT_VW,Trended Report Public View,P&C,2026-02-28,KEY_PROPERTIES,Key Properties,100.0,GREEN
DS_TRENDED_REPORT_VW,Trended Report Public View,P&C,2026-02-28,USAGE,Usage,56.67,RED
DS_TRENDED_REPORT_VW,Trended Report Public View,P&C,2026-02-28,FEEDBACK,User Feedback,91.64,GREEN
DS_TRENDED_REPORT_VW,Trended Report Public View,P&C,2026-03-01,OWNERSHIP,Data Ownership,60.0,AMBER
DS_TRENDED_REPORT_VW,Trended Report Public View,P&C,2026-03-01,SOURCE,Data Source,100.0,GREEN
DS_TRENDED_REPORT_VW,Trended Report Public View,P&C,2026-03-01,ISSUES,Active Issues,82.0,GREEN
DS_TRENDED_REPORT_VW,Trended Report Public View,P&C,2026-03-01,TIMELINESS,Timeliness,94.16,GREEN
DS_TRENDED_REPORT_VW,Trended Report Public View,P&C,2026-03-01,COMPLETENESS_KEY_PROPS,Completeness of Key Properties,94.28,GREEN
DS_TRENDED_REPORT_VW,Trended Report Public View,P&C,2026-03-01,PROFILING,Data Profiling,70.83,AMBER
DS_TRENDED_REPORT_VW,Trended Report Public View,P&C,2026-03-01,DEFINITIONS,Data Definitions,42.4,RED
DS_TRENDED_REPORT_VW,Trended Report Public View,P&C,2026-03-01,KEY_PROPERTIES,Key Properties,100.0,GREEN
DS_TRENDED_REPORT_VW,Trended Report Public View,P&C,2026-03-01,USAGE,Usage,43.33,RED
DS_TRENDED_REPORT_VW,Trended Report Public View,P&C,2026-03-01,FEEDBACK,User Feedback,75.18,AMBER
DS_TRENDED_REPORT_VW,Trended Report Public View,P&C,2026-03-02,OWNERSHIP,Data Ownership,60.0,AMBER
DS_TRENDED_REPORT_VW,Trended Report Public View,P&C,2026-03-02,SOURCE,Data Source,100.0,GREEN
DS_TRENDED_REPORT_VW,Trended Report Public View,P&C,2026-03-02,ISSUES,Active Issues,96.0,GREEN
DS_TRENDED_REPORT_VW,Trended Report Public View,P&C,2026-03-02,TIMELINESS,Timeliness,93.37,GREEN
DS_TRENDED_REPORT_VW,Trended Report Public View,P&C,2026-03-02,COMPLETENESS_KEY_PROPS,Completeness of Key Properties,98.39,GREEN
DS_TRENDED_REPORT_VW,Trended Report Public View,P&C,2026-03-02,PROFILING,Data Profiling,83.33,GREEN
DS_TRENDED_REPORT_VW,Trended Report Public View,P&C,2026-03-02,DEFINITIONS,Data Definitions,44.12,RED
DS_TRENDED_REPORT_VW,Trended Report Public View,P&C,2026-03-02,KEY_PROPERTIES,Key Properties,100.0,GREEN
DS_TRENDED_REPORT_VW,Trended Report Public View,P&C,2026-03-02,USAGE,Usage,51.67,RED
DS_TRENDED_REPORT_VW,Trended Report Public View,P&C,2026-03-02,FEEDBACK,User Feedback,80.78,GREEN
DS_TRENDED_REPORT_VW,Trended Report Public View,P&C,2026-03-03,OWNERSHIP,Data Ownership,60.0,AMBER
DS_TRENDED_REPORT_VW,Trended Report Public View,P&C,2026-03-03,SOURCE,Data Source,100.0,GREEN
DS_TRENDED_REPORT_VW,Trended Report Public View,P&C,2026-03-03,ISSUES,Active Issues,95.0,GREEN
DS_TRENDED_REPORT_VW,Trended Report Public View,P&C,2026-03-03,TIMELINESS,Timeliness,97.92,GREEN
DS_TRENDED_REPORT_VW,Trended Report Public View,P&C,2026-03-03,COMPLETENESS_KEY_PROPS,Completeness of Key Properties,97.29,GREEN
DS_TRENDED_REPORT_VW,Trended Report Public View,P&C,2026-03-03,PROFILING,Data Profiling,79.17,AMBER
DS_TRENDED_REPORT_VW,Trended Report Public View,P&C,2026-03-03,DEFINITIONS,Data Definitions,48.95,RED
DS_TRENDED_REPORT_VW,Trended Report Public View,P&C,2026-03-03,KEY_PROPERTIES,Key Properties,100.0,GREEN
DS_TRENDED_REPORT_VW,Trended Report Public View,P&C,2026-03-03,USAGE,Usage,53.33,RED
DS_TRENDED_REPORT_VW,Trended Report Public View,P&C,2026-03-03,FEEDBACK,User Feedback,69.48,AMBER
DS_TRENDED_REPORT_VW,Trended Report Public View,P&C,2026-03-04,OWNERSHIP,Data Ownership,60.0,AMBER
DS_TRENDED_REPORT_VW,Trended Report Public View,P&C,2026-03-04,SOURCE,Data Source,100.0,GREEN
DS_TRENDED_REPORT_VW,Trended Report Public View,P&C,2026-03-04,ISSUES,Active Issues,75.0,AMBER
DS_TRENDED_REPORT_VW,Trended Report Public View,P&C,2026-03-04,TIMELINESS,Timeliness,98.72,GREEN
DS_TRENDED_REPORT_VW,Trended Report Public View,P&C,2026-03-04,COMPLETENESS_KEY_PROPS,Completeness of Key Properties,97.89,GREEN
DS_TRENDED_REPORT_VW,Trended Report Public View,P&C,2026-03-04,PROFILING,Data Profiling,75.0,AMBER
DS_TRENDED_REPORT_VW,Trended Report Public View,P&C,2026-03-04,DEFINITIONS,Data Definitions,42.5,RED
DS_TRENDED_REPORT_VW,Trended Report Public View,P&C,2026-03-04,KEY_PROPERTIES,Key Properties,100.0,GREEN
DS_TRENDED_REPORT_VW,Trended Report Public View,P&C,2026-03-04,USAGE,Usage,46.67,RED
DS_TRENDED_REPORT_VW,Trended Report Public View,P&C,2026-03-04,FEEDBACK,User Feedback,91.09,GREEN
DS_TRENDED_REPORT_VW,Trended Report Public View,P&C,2026-03-05,OWNERSHIP,Data Ownership,60.0,AMBER
DS_TRENDED_REPORT_VW,Trended Report Public View,P&C,2026-03-05,SOURCE,Data Source,100.0,GREEN
DS_TRENDED_REPORT_VW,Trended Report Public View,P&C,2026-03-05,ISSUES,Active Issues,99.0,GREEN
DS_TRENDED_REPORT_VW,Trended Report Public View,P&C,2026-03-05,TIMELINESS,Timeliness,98.38,GREEN
DS_TRENDED_REPORT_VW,Trended Report Public View,P&C,2026-03-05,COMPLETENESS_KEY_PROPS,Completeness of Key Properties,95.96,GREEN
DS_TRENDED_REPORT_VW,Trended Report Public View,P&C,2026-03-05,PROFILING,Data Profiling,70.83,AMBER
DS_TRENDED_REPORT_VW,Trended Report Public View,P&C,2026-03-05,DEFINITIONS,Data Definitions,45.56,RED
DS_TRENDED_REPORT_VW,Trended Report Public View,P&C,2026-03-05,KEY_PROPERTIES,Key Properties,100.0,GREEN
DS_TRENDED_REPORT_VW,Trended Report Public View,P&C,2026-03-05,USAGE,Usage,55.0,RED
DS_TRENDED_REPORT_VW,Trended Report Public View,P&C,2026-03-05,FEEDBACK,User Feedback,55.29,RED
DS_TRENDED_REPORT_VW,Trended Report Public View,P&C,2026-03-06,OWNERSHIP,Data Ownership,60.0,AMBER
DS_TRENDED_REPORT_VW,Trended Report Public View,P&C,2026-03-06,SOURCE,Data Source,100.0,GREEN
DS_TRENDED_REPORT_VW,Trended Report Public View,P&C,2026-03-06,ISSUES,Active Issues,100.0,GREEN
DS_TRENDED_REPORT_VW,Trended Report Public View,P&C,2026-03-06,TIMELINESS,Timeliness,96.0,GREEN
DS_TRENDED_REPORT_VW,Trended Report Public View,P&C,2026-03-06,COMPLETENESS_KEY_PROPS,Completeness of Key Properties,94.48,GREEN
DS_TRENDED_REPORT_VW,Trended Report Public View,P&C,2026-03-06,PROFILING,Data Profiling,75.0,AMBER
DS_TRENDED_REPORT_VW,Trended Report Public View,P&C,2026-03-06,DEFINITIONS,Data Definitions,43.48,RED
DS_TRENDED_REPORT_VW,Trended Report Public View,P&C,2026-03-06,KEY_PROPERTIES,Key Properties,100.0,GREEN
DS_TRENDED_REPORT_VW,Trended Report Public View,P&C,2026-03-06,USAGE,Usage,61.67,AMBER
DS_TRENDED_REPORT_VW,Trended Report Public View,P&C,2026-03-06,FEEDBACK,User Feedback,81.48,GREEN
DS_TRENDED_REPORT_VW,Trended Report Public View,P&C,2026-03-07,OWNERSHIP,Data Ownership,60.0,AMBER
DS_TRENDED_REPORT_VW,Trended Report Public View,P&C,2026-03-07,SOURCE,Data Source,100.0,GREEN
DS_TRENDED_REPORT_VW,Trended Report Public View,P&C,2026-03-07,ISSUES,Active Issues,96.0,GREEN
DS_TRENDED_REPORT_VW,Trended Report Public View,P&C,2026-03-07,TIMELINESS,Timeliness,95.72,GREEN
DS_TRENDED_REPORT_VW,Trended Report Public View,P&C,2026-03-07,COMPLETENESS_KEY_PROPS,Completeness of Key Properties,98.01,GREEN
DS_TRENDED_REPORT_VW,Trended Report Public View,P&C,2026-03-07,PROFILING,Data Profiling,75.0,AMBER
DS_TRENDED_REPORT_VW,Trended Report Public View,P&C,2026-03-07,DEFINITIONS,Data Definitions,48.57,RED
DS_TRENDED_REPORT_VW,Trended Report Public View,P&C,2026-03-07,KEY_PROPERTIES,Key Properties,100.0,GREEN
DS_TRENDED_REPORT_VW,Trended Report Public View,P&C,2026-03-07,USAGE,Usage,46.67,RED
DS_TRENDED_REPORT_VW,Trended Report Public View,P&C,2026-03-07,FEEDBACK,User Feedback,69.97,AMBER
DS_TRENDED_REPORT_VW,Trended Report Public View,P&C,2026-03-08,OWNERSHIP,Data Ownership,60.0,AMBER
DS_TRENDED_REPORT_VW,Trended Report Public View,P&C,2026-03-08,SOURCE,Data Source,100.0,GREEN
DS_TRENDED_REPORT_VW,Trended Report Public View,P&C,2026-03-08,ISSUES,Active Issues,81.0,GREEN
DS_TRENDED_REPORT_VW,Trended Report Public View,P&C,2026-03-08,TIMELINESS,Timeliness,94.23,GREEN
DS_TRENDED_REPORT_VW,Trended Report Public View,P&C,2026-03-08,COMPLETENESS_KEY_PROPS,Completeness of Key Properties,93.63,GREEN
DS_TRENDED_REPORT_VW,Trended Report Public View,P&C,2026-03-08,PROFILING,Data Profiling,70.83,AMBER
DS_TRENDED_REPORT_VW,Trended Report Public View,P&C,2026-03-08,DEFINITIONS,Data Definitions,43.06,RED
DS_TRENDED_REPORT_VW,Trended Report Public View,P&C,2026-03-08,KEY_PROPERTIES,Key Properties,100.0,GREEN
DS_TRENDED_REPORT_VW,Trended Report Public View,P&C,2026-03-08,USAGE,Usage,53.33,RED
DS_TRENDED_REPORT_VW,Trended Report Public View,P&C,2026-03-08,FEEDBACK,User Feedback,71.21,AMBER
DS_TRENDED_REPORT_VW,Trended Report Public View,P&C,2026-03-09,OWNERSHIP,Data Ownership,60.0,AMBER
DS_TRENDED_REPORT_VW,Trended Report Public View,P&C,2026-03-09,SOURCE,Data Source,100.0,GREEN
DS_TRENDED_REPORT_VW,Trended Report Public View,P&C,2026-03-09,ISSUES,Active Issues,97.0,GREEN
DS_TRENDED_REPORT_VW,Trended Report Public View,P&C,2026-03-09,TIMELINESS,Timeliness,95.83,GREEN
DS_TRENDED_REPORT_VW,Trended Report Public View,P&C,2026-03-09,COMPLETENESS_KEY_PROPS,Completeness of Key Properties,96.28,GREEN
DS_TRENDED_REPORT_VW,Trended Report Public View,P&C,2026-03-09,PROFILING,Data Profiling,79.17,AMBER
DS_TRENDED_REPORT_VW,Trended Report Public View,P&C,2026-03-09,DEFINITIONS,Data Definitions,45.83,RED
DS_TRENDED_REPORT_VW,Trended Report Public View,P&C,2026-03-09,KEY_PROPERTIES,Key Properties,100.0,GREEN
DS_TRENDED_REPORT_VW,Trended Report Public View,P&C,2026-03-09,USAGE,Usage,71.67,AMBER
DS_TRENDED_REPORT_VW,Trended Report Public View,P&C,2026-03-09,FEEDBACK,User Feedback,75.82,AMBER
DS_TRENDED_REPORT_VW,Trended Report Public View,P&C,2026-03-10,OWNERSHIP,Data Ownership,60.0,AMBER
DS_TRENDED_REPORT_VW,Trended Report Public View,P&C,2026-03-10,SOURCE,Data Source,100.0,GREEN
DS_TRENDED_REPORT_VW,Trended Report Public View,P&C,2026-03-10,ISSUES,Active Issues,75.0,AMBER
DS_TRENDED_REPORT_VW,Trended Report Public View,P&C,2026-03-10,TIMELINESS,Timeliness,96.7,GREEN
DS_TRENDED_REPORT_VW,Trended Report Public View,P&C,2026-03-10,COMPLETENESS_KEY_PROPS,Completeness of Key Properties,97.69,GREEN
DS_TRENDED_REPORT_VW,Trended Report Public View,P&C,2026-03-10,PROFILING,Data Profiling,79.17,AMBER
DS_TRENDED_REPORT_VW,Trended Report Public View,P&C,2026-03-10,DEFINITIONS,Data Definitions,42.98,RED
DS_TRENDED_REPORT_VW,Trended Report Public View,P&C,2026-03-10,KEY_PROPERTIES,Key Properties,100.0,GREEN
DS_TRENDED_REPORT_VW,Trended Report Public View,P&C,2026-03-10,USAGE,Usage,55.0,RED
DS_TRENDED_REPORT_VW,Trended Report Public View,P&C,2026-03-10,FEEDBACK,User Feedback,94.23,GREEN
DS_TRENDED_REPORT_VW,Trended Report Public View,P&C,2026-03-11,OWNERSHIP,Data Ownership,60.0,AMBER
DS_TRENDED_REPORT_VW,Trended Report Public View,P&C,2026-03-11,SOURCE,Data Source,100.0,GREEN
DS_TRENDED_REPORT_VW,Trended Report Public View,P&C,2026-03-11,ISSUES,Active Issues,90.0,GREEN
DS_TRENDED_REPORT_VW,Trended Report Public View,P&C,2026-03-11,TIMELINESS,Timeliness,100.0,GREEN
DS_TRENDED_REPORT_VW,Trended Report Public View,P&C,2026-03-11,COMPLETENESS_KEY_PROPS,Completeness of Key Properties,97.18,GREEN
DS_TRENDED_REPORT_VW,Trended Report Public View,P&C,2026-03-11,PROFILING,Data Profiling,70.83,AMBER
DS_TRENDED_REPORT_VW,Trended Report Public View,P&C,2026-03-11,DEFINITIONS,Data Definitions,47.83,RED
DS_TRENDED_REPORT_VW,Trended Report Public View,P&C,2026-03-11,KEY_PROPERTIES,Key Properties,100.0,GREEN
DS_TRENDED_REPORT_VW,Trended Report Public View,P&C,2026-03-11,USAGE,Usage,51.67,RED
DS_TRENDED_REPORT_VW,Trended Report Public View,P&C,2026-03-11,FEEDBACK,User Feedback,77.71,AMBER
DS_TRENDED_REPORT_VW,Trended Report Public View,P&C,2026-03-12,OWNERSHIP,Data Ownership,60.0,AMBER
DS_TRENDED_REPORT_VW,Trended Report Public View,P&C,2026-03-12,SOURCE,Data Source,100.0,GREEN
DS_TRENDED_REPORT_VW,Trended Report Public View,P&C,2026-03-12,ISSUES,Active Issues,94.0,GREEN
DS_TRENDED_REPORT_VW,Trended Report Public View,P&C,2026-03-12,TIMELINESS,Timeliness,94.62,GREEN
DS_TRENDED_REPORT_VW,Trended Report Public View,P&C,2026-03-12,COMPLETENESS_KEY_PROPS,Completeness of Key Properties,100.0,GREEN
DS_TRENDED_REPORT_VW,Trended Report Public View,P&C,2026-03-12,PROFILING,Data Profiling,79.17,AMBER
DS_TRENDED_REPORT_VW,Trended Report Public View,P&C,2026-03-12,DEFINITIONS,Data Definitions,44.07,RED
DS_TRENDED_REPORT_VW,Trended Report Public View,P&C,2026-03-12,KEY_PROPERTIES,Key Properties,100.0,GREEN
DS_TRENDED_REPORT_VW,Trended Report Public View,P&C,2026-03-12,USAGE,Usage,43.33,RED
DS_TRENDED_REPORT_VW,Trended Report Public View,P&C,2026-03-12,FEEDBACK,User Feedback,79.53,AMBER
DS_TRENDED_REPORT_VW,Trended Report Public View,P&C,2026-03-13,OWNERSHIP,Data Ownership,60.0,AMBER
DS_TRENDED_REPORT_VW,Trended Report Public View,P&C,2026-03-13,SOURCE,Data Source,100.0,GREEN
DS_TRENDED_REPORT_VW,Trended Report Public View,P&C,2026-03-13,ISSUES,Active Issues,93.0,GREEN
DS_TRENDED_REPORT_VW,Trended Report Public View,P&C,2026-03-13,TIMELINESS,Timeliness,90.57,GREEN
DS_TRENDED_REPORT_VW,Trended Report Public View,P&C,2026-03-13,COMPLETENESS_KEY_PROPS,Completeness of Key Properties,97.55,GREEN
DS_TRENDED_REPORT_VW,Trended Report Public View,P&C,2026-03-13,PROFILING,Data Profiling,70.83,AMBER
DS_TRENDED_REPORT_VW,Trended Report Public View,P&C,2026-03-13,DEFINITIONS,Data Definitions,39.44,RED
DS_TRENDED_REPORT_VW,Trended Report Public View,P&C,2026-03-13,KEY_PROPERTIES,Key Properties,100.0,GREEN
DS_TRENDED_REPORT_VW,Trended Report Public View,P&C,2026-03-13,USAGE,Usage,63.33,AMBER
DS_TRENDED_REPORT_VW,Trended Report Public View,P&C,2026-03-13,FEEDBACK,User Feedback,89.6,GREEN
DS_TRENDED_REPORT_VW,Trended Report Public View,P&C,2026-03-14,OWNERSHIP,Data Ownership,60.0,AMBER
DS_TRENDED_REPORT_VW,Trended Report Public View,P&C,2026-03-14,SOURCE,Data Source,100.0,GREEN
DS_TRENDED_REPORT_VW,Trended Report Public View,P&C,2026-03-14,ISSUES,Active Issues,100.0,GREEN
DS_TRENDED_REPORT_VW,Trended Report Public View,P&C,2026-03-14,TIMELINESS,Timeliness,94.54,GREEN
DS_TRENDED_REPORT_VW,Trended Report Public View,P&C,2026-03-14,COMPLETENESS_KEY_PROPS,Completeness of Key Properties,94.24,GREEN
DS_TRENDED_REPORT_VW,Trended Report Public View,P&C,2026-03-14,PROFILING,Data Profiling,87.5,GREEN
DS_TRENDED_REPORT_VW,Trended Report Public View,P&C,2026-03-14,DEFINITIONS,Data Definitions,47.42,RED
DS_TRENDED_REPORT_VW,Trended Report Public View,P&C,2026-03-14,KEY_PROPERTIES,Key Properties,100.0,GREEN
DS_TRENDED_REPORT_VW,Trended Report Public View,P&C,2026-03-14,USAGE,Usage,40.0,RED
DS_TRENDED_REPORT_VW,Trended Report Public View,P&C,2026-03-14,FEEDBACK,User Feedback,76.46,AMBER
DS_TRENDED_REPORT_VW,Trended Report Public View,P&C,2026-03-15,OWNERSHIP,Data Ownership,60.0,AMBER
DS_TRENDED_REPORT_VW,Trended Report Public View,P&C,2026-03-15,SOURCE,Data Source,100.0,GREEN
DS_TRENDED_REPORT_VW,Trended Report Public View,P&C,2026-03-15,ISSUES,Active Issues,93.0,GREEN
DS_TRENDED_REPORT_VW,Trended Report Public View,P&C,2026-03-15,TIMELINESS,Timeliness,95.14,GREEN
DS_TRENDED_REPORT_VW,Trended Report Public View,P&C,2026-03-15,COMPLETENESS_KEY_PROPS,Completeness of Key Properties,95.3,GREEN
DS_TRENDED_REPORT_VW,Trended Report Public View,P&C,2026-03-15,PROFILING,Data Profiling,75.0,AMBER
DS_TRENDED_REPORT_VW,Trended Report Public View,P&C,2026-03-15,DEFINITIONS,Data Definitions,46.67,RED
DS_TRENDED_REPORT_VW,Trended Report Public View,P&C,2026-03-15,KEY_PROPERTIES,Key Properties,100.0,GREEN
DS_TRENDED_REPORT_VW,Trended Report Public View,P&C,2026-03-15,USAGE,Usage,66.67,AMBER
DS_TRENDED_REPORT_VW,Trended Report Public View,P&C,2026-03-15,FEEDBACK,User Feedback,75.49,AMBER
DS_TRENDED_REPORT_VW,Trended Report Public View,P&C,2026-03-16,OWNERSHIP,Data Ownership,60.0,AMBER
DS_TRENDED_REPORT_VW,Trended Report Public View,P&C,2026-03-16,SOURCE,Data Source,100.0,GREEN
DS_TRENDED_REPORT_VW,Trended Report Public View,P&C,2026-03-16,ISSUES,Active Issues,91.0,GREEN
DS_TRENDED_REPORT_VW,Trended Report Public View,P&C,2026-03-16,TIMELINESS,Timeliness,96.96,GREEN
DS_TRENDED_REPORT_VW,Trended Report Public View,P&C,2026-03-16,COMPLETENESS_KEY_PROPS,Completeness of Key Properties,96.97,GREEN
DS_TRENDED_REPORT_VW,Trended Report Public View,P&C,2026-03-16,PROFILING,Data Profiling,79.17,AMBER
DS_TRENDED_REPORT_VW,Trended Report Public View,P&C,2026-03-16,DEFINITIONS,Data Definitions,47.27,RED
DS_TRENDED_REPORT_VW,Trended Report Public View,P&C,2026-03-16,KEY_PROPERTIES,Key Properties,100.0,GREEN
DS_TRENDED_REPORT_VW,Trended Report Public View,P&C,2026-03-16,USAGE,Usage,63.33,AMBER
DS_TRENDED_REPORT_VW,Trended Report Public View,P&C,2026-03-16,FEEDBACK,User Feedback,89.15,GREEN
DS_TRENDED_REPORT_VW,Trended Report Public View,P&C,2026-03-17,OWNERSHIP,Data Ownership,60.0,AMBER
DS_TRENDED_REPORT_VW,Trended Report Public View,P&C,2026-03-17,SOURCE,Data Source,100.0,GREEN
DS_TRENDED_REPORT_VW,Trended Report Public View,P&C,2026-03-17,ISSUES,Active Issues,93.0,GREEN
DS_TRENDED_REPORT_VW,Trended Report Public View,P&C,2026-03-17,TIMELINESS,Timeliness,98.32,GREEN
DS_TRENDED_REPORT_VW,Trended Report Public View,P&C,2026-03-17,COMPLETENESS_KEY_PROPS,Completeness of Key Properties,97.62,GREEN
DS_TRENDED_REPORT_VW,Trended Report Public View,P&C,2026-03-17,PROFILING,Data Profiling,75.0,AMBER
DS_TRENDED_REPORT_VW,Trended Report Public View,P&C,2026-03-17,DEFINITIONS,Data Definitions,41.51,RED
DS_TRENDED_REPORT_VW,Trended Report Public View,P&C,2026-03-17,KEY_PROPERTIES,Key Properties,100.0,GREEN
DS_TRENDED_REPORT_VW,Trended Report Public View,P&C,2026-03-17,USAGE,Usage,53.33,RED
DS_TRENDED_REPORT_VW,Trended Report Public View,P&C,2026-03-17,FEEDBACK,User Feedback,75.49,AMBER
DS_TRENDED_REPORT_VW,Trended Report Public View,P&C,2026-03-18,OWNERSHIP,Data Ownership,60.0,AMBER
DS_TRENDED_REPORT_VW,Trended Report Public View,P&C,2026-03-18,SOURCE,Data Source,100.0,GREEN
DS_TRENDED_REPORT_VW,Trended Report Public View,P&C,2026-03-18,ISSUES,Active Issues,92.0,GREEN
DS_TRENDED_REPORT_VW,Trended Report Public View,P&C,2026-03-18,TIMELINESS,Timeliness,91.1,GREEN
DS_TRENDED_REPORT_VW,Trended Report Public View,P&C,2026-03-18,COMPLETENESS_KEY_PROPS,Completeness of Key Properties,93.47,GREEN
DS_TRENDED_REPORT_VW,Trended Report Public View,P&C,2026-03-18,PROFILING,Data Profiling,75.0,AMBER
DS_TRENDED_REPORT_VW,Trended Report Public View,P&C,2026-03-18,DEFINITIONS,Data Definitions,44.83,RED
DS_TRENDED_REPORT_VW,Trended Report Public View,P&C,2026-03-18,KEY_PROPERTIES,Key Properties,100.0,GREEN
DS_TRENDED_REPORT_VW,Trended Report Public View,P&C,2026-03-18,USAGE,Usage,60.0,AMBER
DS_TRENDED_REPORT_VW,Trended Report Public View,P&C,2026-03-18,FEEDBACK,User Feedback,68.3,AMBER
DS_TRENDED_REPORT_VW,Trended Report Public View,P&C,2026-03-19,OWNERSHIP,Data Ownership,60.0,AMBER
DS_TRENDED_REPORT_VW,Trended Report Public View,P&C,2026-03-19,SOURCE,Data Source,100.0,GREEN
DS_TRENDED_REPORT_VW,Trended Report Public View,P&C,2026-03-19,ISSUES,Active Issues,99.0,GREEN
DS_TRENDED_REPORT_VW,Trended Report Public View,P&C,2026-03-19,TIMELINESS,Timeliness,97.2,GREEN
DS_TRENDED_REPORT_VW,Trended Report Public View,P&C,2026-03-19,COMPLETENESS_KEY_PROPS,Completeness of Key Properties,94.55,GREEN
DS_TRENDED_REPORT_VW,Trended Report Public View,P&C,2026-03-19,PROFILING,Data Profiling,83.33,GREEN
DS_TRENDED_REPORT_VW,Trended Report Public View,P&C,2026-03-19,DEFINITIONS,Data Definitions,46.03,RED
DS_TRENDED_REPORT_VW,Trended Report Public View,P&C,2026-03-19,KEY_PROPERTIES,Key Properties,100.0,GREEN
DS_TRENDED_REPORT_VW,Trended Report Public View,P&C,2026-03-19,USAGE,Usage,56.67,RED
DS_TRENDED_REPORT_VW,Trended Report Public View,P&C,2026-03-19,FEEDBACK,User Feedback,81.14,GREEN
DS_TRENDED_REPORT_VW,Trended Report Public View,P&C,2026-03-20,OWNERSHIP,Data Ownership,60.0,AMBER
DS_TRENDED_REPORT_VW,Trended Report Public View,P&C,2026-03-20,SOURCE,Data Source,100.0,GREEN
DS_TRENDED_REPORT_VW,Trended Report Public View,P&C,2026-03-20,ISSUES,Active Issues,84.0,GREEN
DS_TRENDED_REPORT_VW,Trended Report Public View,P&C,2026-03-20,TIMELINESS,Timeliness,99.54,GREEN
DS_TRENDED_REPORT_VW,Trended Report Public View,P&C,2026-03-20,COMPLETENESS_KEY_PROPS,Completeness of Key Properties,96.01,GREEN
DS_TRENDED_REPORT_VW,Trended Report Public View,P&C,2026-03-20,PROFILING,Data Profiling,79.17,AMBER
DS_TRENDED_REPORT_VW,Trended Report Public View,P&C,2026-03-20,DEFINITIONS,Data Definitions,46.97,RED
DS_TRENDED_REPORT_VW,Trended Report Public View,P&C,2026-03-20,KEY_PROPERTIES,Key Properties,100.0,GREEN
DS_TRENDED_REPORT_VW,Trended Report Public View,P&C,2026-03-20,USAGE,Usage,58.33,RED
DS_TRENDED_REPORT_VW,Trended Report Public View,P&C,2026-03-20,FEEDBACK,User Feedback,74.29,AMBER
DS_TRENDED_REPORT_VW,Trended Report Public View,P&C,2026-03-21,OWNERSHIP,Data Ownership,60.0,AMBER
DS_TRENDED_REPORT_VW,Trended Report Public View,P&C,2026-03-21,SOURCE,Data Source,100.0,GREEN
DS_TRENDED_REPORT_VW,Trended Report Public View,P&C,2026-03-21,ISSUES,Active Issues,100.0,GREEN
DS_TRENDED_REPORT_VW,Trended Report Public View,P&C,2026-03-21,TIMELINESS,Timeliness,100.0,GREEN
DS_TRENDED_REPORT_VW,Trended Report Public View,P&C,2026-03-21,COMPLETENESS_KEY_PROPS,Completeness of Key Properties,98.09,GREEN
DS_TRENDED_REPORT_VW,Trended Report Public View,P&C,2026-03-21,PROFILING,Data Profiling,70.83,AMBER
DS_TRENDED_REPORT_VW,Trended Report Public View,P&C,2026-03-21,DEFINITIONS,Data Definitions,41.03,RED
DS_TRENDED_REPORT_VW,Trended Report Public View,P&C,2026-03-21,KEY_PROPERTIES,Key Properties,100.0,GREEN
DS_TRENDED_REPORT_VW,Trended Report Public View,P&C,2026-03-21,USAGE,Usage,63.33,AMBER
DS_TRENDED_REPORT_VW,Trended Report Public View,P&C,2026-03-21,FEEDBACK,User Feedback,84.01,GREEN
DS_TRENDED_REPORT_VW,Trended Report Public View,P&C,2026-03-22,OWNERSHIP,Data Ownership,60.0,AMBER
DS_TRENDED_REPORT_VW,Trended Report Public View,P&C,2026-03-22,SOURCE,Data Source,100.0,GREEN
DS_TRENDED_REPORT_VW,Trended Report Public View,P&C,2026-03-22,ISSUES,Active Issues,87.0,GREEN
DS_TRENDED_REPORT_VW,Trended Report Public View,P&C,2026-03-22,TIMELINESS,Timeliness,89.7,GREEN
DS_TRENDED_REPORT_VW,Trended Report Public View,P&C,2026-03-22,COMPLETENESS_KEY_PROPS,Completeness of Key Properties,95.3,GREEN
DS_TRENDED_REPORT_VW,Trended Report Public View,P&C,2026-03-22,PROFILING,Data Profiling,66.67,AMBER
DS_TRENDED_REPORT_VW,Trended Report Public View,P&C,2026-03-22,DEFINITIONS,Data Definitions,45.18,RED
DS_TRENDED_REPORT_VW,Trended Report Public View,P&C,2026-03-22,KEY_PROPERTIES,Key Properties,100.0,GREEN
DS_TRENDED_REPORT_VW,Trended Report Public View,P&C,2026-03-22,USAGE,Usage,33.33,RED
DS_TRENDED_REPORT_VW,Trended Report Public View,P&C,2026-03-22,FEEDBACK,User Feedback,83.73,GREEN
DS_TRENDED_REPORT_VW,Trended Report Public View,P&C,2026-03-23,OWNERSHIP,Data Ownership,60.0,AMBER
DS_TRENDED_REPORT_VW,Trended Report Public View,P&C,2026-03-23,SOURCE,Data Source,100.0,GREEN
DS_TRENDED_REPORT_VW,Trended Report Public View,P&C,2026-03-23,ISSUES,Active Issues,99.0,GREEN
DS_TRENDED_REPORT_VW,Trended Report Public View,P&C,2026-03-23,TIMELINESS,Timeliness,95.81,GREEN
DS_TRENDED_REPORT_VW,Trended Report Public View,P&C,2026-03-23,COMPLETENESS_KEY_PROPS,Completeness of Key Properties,95.27,GREEN
DS_TRENDED_REPORT_VW,Trended Report Public View,P&C,2026-03-23,PROFILING,Data Profiling,70.83,AMBER
DS_TRENDED_REPORT_VW,Trended Report Public View,P&C,2026-03-23,DEFINITIONS,Data Definitions,45.59,RED
DS_TRENDED_REPORT_VW,Trended Report Public View,P&C,2026-03-23,KEY_PROPERTIES,Key Properties,100.0,GREEN
DS_TRENDED_REPORT_VW,Trended Report Public View,P&C,2026-03-23,USAGE,Usage,61.67,AMBER
DS_TRENDED_REPORT_VW,Trended Report Public View,P&C,2026-03-23,FEEDBACK,User Feedback,85.45,GREEN
DS_TRENDED_REPORT_VW,Trended Report Public View,P&C,2026-03-24,OWNERSHIP,Data Ownership,60.0,AMBER
DS_TRENDED_REPORT_VW,Trended Report Public View,P&C,2026-03-24,SOURCE,Data Source,100.0,GREEN
DS_TRENDED_REPORT_VW,Trended Report Public View,P&C,2026-03-24,ISSUES,Active Issues,98.0,GREEN
DS_TRENDED_REPORT_VW,Trended Report Public View,P&C,2026-03-24,TIMELINESS,Timeliness,94.27,GREEN
DS_TRENDED_REPORT_VW,Trended Report Public View,P&C,2026-03-24,COMPLETENESS_KEY_PROPS,Completeness of Key Properties,94.57,GREEN
DS_TRENDED_REPORT_VW,Trended Report Public View,P&C,2026-03-24,PROFILING,Data Profiling,70.83,AMBER
DS_TRENDED_REPORT_VW,Trended Report Public View,P&C,2026-03-24,DEFINITIONS,Data Definitions,48.72,RED
DS_TRENDED_REPORT_VW,Trended Report Public View,P&C,2026-03-24,KEY_PROPERTIES,Key Properties,100.0,GREEN
DS_TRENDED_REPORT_VW,Trended Report Public View,P&C,2026-03-24,USAGE,Usage,75.0,AMBER
DS_TRENDED_REPORT_VW,Trended Report Public View,P&C,2026-03-24,FEEDBACK,User Feedback,79.05,AMBER
DS_TRENDED_REPORT_VW,Trended Report Public View,P&C,2026-03-25,OWNERSHIP,Data Ownership,60.0,AMBER
DS_TRENDED_REPORT_VW,Trended Report Public View,P&C,2026-03-25,SOURCE,Data Source,100.0,GREEN
DS_TRENDED_REPORT_VW,Trended Report Public View,P&C,2026-03-25,ISSUES,Active Issues,100.0,GREEN
DS_TRENDED_REPORT_VW,Trended Report Public View,P&C,2026-03-25,TIMELINESS,Timeliness,97.69,GREEN
DS_TRENDED_REPORT_VW,Trended Report Public View,P&C,2026-03-25,COMPLETENESS_KEY_PROPS,Completeness of Key Properties,97.71,GREEN
DS_TRENDED_REPORT_VW,Trended Report Public View,P&C,2026-03-25,PROFILING,Data Profiling,79.17,AMBER
DS_TRENDED_REPORT_VW,Trended Report Public View,P&C,2026-03-25,DEFINITIONS,Data Definitions,44.76,RED
DS_TRENDED_REPORT_VW,Trended Report Public View,P&C,2026-03-25,KEY_PROPERTIES,Key Properties,100.0,GREEN
DS_TRENDED_REPORT_VW,Trended Report Public View,P&C,2026-03-25,USAGE,Usage,60.0,AMBER
DS_TRENDED_REPORT_VW,Trended Report Public View,P&C,2026-03-25,FEEDBACK,User Feedback,78.49,AMBER
DS_TRENDED_REPORT_VW,Trended Report Public View,P&C,2026-03-26,OWNERSHIP,Data Ownership,60.0,AMBER
DS_TRENDED_REPORT_VW,Trended Report Public View,P&C,2026-03-26,SOURCE,Data Source,100.0,GREEN
DS_TRENDED_REPORT_VW,Trended Report Public View,P&C,2026-03-26,ISSUES,Active Issues,95.0,GREEN
DS_TRENDED_REPORT_VW,Trended Report Public View,P&C,2026-03-26,TIMELINESS,Timeliness,91.55,GREEN
DS_TRENDED_REPORT_VW,Trended Report Public View,P&C,2026-03-26,COMPLETENESS_KEY_PROPS,Completeness of Key Properties,94.21,GREEN
DS_TRENDED_REPORT_VW,Trended Report Public View,P&C,2026-03-26,PROFILING,Data Profiling,70.83,AMBER
DS_TRENDED_REPORT_VW,Trended Report Public View,P&C,2026-03-26,DEFINITIONS,Data Definitions,37.21,RED
DS_TRENDED_REPORT_VW,Trended Report Public View,P&C,2026-03-26,KEY_PROPERTIES,Key Properties,100.0,GREEN
DS_TRENDED_REPORT_VW,Trended Report Public View,P&C,2026-03-26,USAGE,Usage,45.0,RED
DS_TRENDED_REPORT_VW,Trended Report Public View,P&C,2026-03-26,FEEDBACK,User Feedback,78.83,AMBER
DS_TRENDED_REPORT_VW,Trended Report Public View,P&C,2026-03-27,OWNERSHIP,Data Ownership,60.0,AMBER
DS_TRENDED_REPORT_VW,Trended Report Public View,P&C,2026-03-27,SOURCE,Data Source,100.0,GREEN
DS_TRENDED_REPORT_VW,Trended Report Public View,P&C,2026-03-27,ISSUES,Active Issues,93.0,GREEN
DS_TRENDED_REPORT_VW,Trended Report Public View,P&C,2026-03-27,TIMELINESS,Timeliness,98.57,GREEN
DS_TRENDED_REPORT_VW,Trended Report Public View,P&C,2026-03-27,COMPLETENESS_KEY_PROPS,Completeness of Key Properties,96.78,GREEN
DS_TRENDED_REPORT_VW,Trended Report Public View,P&C,2026-03-27,PROFILING,Data Profiling,58.33,RED
DS_TRENDED_REPORT_VW,Trended Report Public View,P&C,2026-03-27,DEFINITIONS,Data Definitions,46.59,RED
DS_TRENDED_REPORT_VW,Trended Report Public View,P&C,2026-03-27,KEY_PROPERTIES,Key Properties,100.0,GREEN
DS_TRENDED_REPORT_VW,Trended Report Public View,P&C,2026-03-27,USAGE,Usage,51.67,RED
DS_TRENDED_REPORT_VW,Trended Report Public View,P&C,2026-03-27,FEEDBACK,User Feedback,74.59,AMBER
DS_TRENDED_REPORT_VW,Trended Report Public View,P&C,2026-03-28,OWNERSHIP,Data Ownership,60.0,AMBER
DS_TRENDED_REPORT_VW,Trended Report Public View,P&C,2026-03-28,SOURCE,Data Source,100.0,GREEN
DS_TRENDED_REPORT_VW,Trended Report Public View,P&C,2026-03-28,ISSUES,Active Issues,90.0,GREEN
DS_TRENDED_REPORT_VW,Trended Report Public View,P&C,2026-03-28,TIMELINESS,Timeliness,100.0,GREEN
DS_TRENDED_REPORT_VW,Trended Report Public View,P&C,2026-03-28,COMPLETENESS_KEY_PROPS,Completeness of Key Properties,97.52,GREEN
DS_TRENDED_REPORT_VW,Trended Report Public View,P&C,2026-03-28,PROFILING,Data Profiling,66.67,AMBER
DS_TRENDED_REPORT_VW,Trended Report Public View,P&C,2026-03-28,DEFINITIONS,Data Definitions,44.26,RED
DS_TRENDED_REPORT_VW,Trended Report Public View,P&C,2026-03-28,KEY_PROPERTIES,Key Properties,100.0,GREEN
DS_TRENDED_REPORT_VW,Trended Report Public View,P&C,2026-03-28,USAGE,Usage,53.33,RED
DS_TRENDED_REPORT_VW,Trended Report Public View,P&C,2026-03-28,FEEDBACK,User Feedback,78.24,AMBER
DS_TRENDED_REPORT_VW,Trended Report Public View,P&C,2026-03-29,OWNERSHIP,Data Ownership,60.0,AMBER
DS_TRENDED_REPORT_VW,Trended Report Public View,P&C,2026-03-29,SOURCE,Data Source,100.0,GREEN
DS_TRENDED_REPORT_VW,Trended Report Public View,P&C,2026-03-29,ISSUES,Active Issues,79.0,AMBER
DS_TRENDED_REPORT_VW,Trended Report Public View,P&C,2026-03-29,TIMELINESS,Timeliness,93.74,GREEN
DS_TRENDED_REPORT_VW,Trended Report Public View,P&C,2026-03-29,COMPLETENESS_KEY_PROPS,Completeness of Key Properties,95.58,GREEN
DS_TRENDED_REPORT_VW,Trended Report Public View,P&C,2026-03-29,PROFILING,Data Profiling,70.83,AMBER
DS_TRENDED_REPORT_VW,Trended Report Public View,P&C,2026-03-29,DEFINITIONS,Data Definitions,44.79,RED
DS_TRENDED_REPORT_VW,Trended Report Public View,P&C,2026-03-29,KEY_PROPERTIES,Key Properties,100.0,GREEN
DS_TRENDED_REPORT_VW,Trended Report Public View,P&C,2026-03-29,USAGE,Usage,73.33,AMBER
DS_TRENDED_REPORT_VW,Trended Report Public View,P&C,2026-03-29,FEEDBACK,User Feedback,72.28,AMBER
DS_TRENDED_REPORT_VW,Trended Report Public View,P&C,2026-03-30,OWNERSHIP,Data Ownership,60.0,AMBER
DS_TRENDED_REPORT_VW,Trended Report Public View,P&C,2026-03-30,SOURCE,Data Source,100.0,GREEN
DS_TRENDED_REPORT_VW,Trended Report Public View,P&C,2026-03-30,ISSUES,Active Issues,90.0,GREEN
DS_TRENDED_REPORT_VW,Trended Report Public View,P&C,2026-03-30,TIMELINESS,Timeliness,98.46,GREEN
DS_TRENDED_REPORT_VW,Trended Report Public View,P&C,2026-03-30,COMPLETENESS_KEY_PROPS,Completeness of Key Properties,94.75,GREEN
DS_TRENDED_REPORT_VW,Trended Report Public View,P&C,2026-03-30,PROFILING,Data Profiling,79.17,AMBER
DS_TRENDED_REPORT_VW,Trended Report Public View,P&C,2026-03-30,DEFINITIONS,Data Definitions,43.24,RED
DS_TRENDED_REPORT_VW,Trended Report Public View,P&C,2026-03-30,KEY_PROPERTIES,Key Properties,100.0,GREEN
DS_TRENDED_REPORT_VW,Trended Report Public View,P&C,2026-03-30,USAGE,Usage,35.0,RED
DS_TRENDED_REPORT_VW,Trended Report Public View,P&C,2026-03-30,FEEDBACK,User Feedback,81.44,GREEN
DS_TRENDED_REPORT_VW,Trended Report Public View,P&C,2026-03-31,OWNERSHIP,Data Ownership,60.0,AMBER
DS_TRENDED_REPORT_VW,Trended Report Public View,P&C,2026-03-31,SOURCE,Data Source,100.0,GREEN
DS_TRENDED_REPORT_VW,Trended Report Public View,P&C,2026-03-31,ISSUES,Active Issues,90.0,GREEN
DS_TRENDED_REPORT_VW,Trended Report Public View,P&C,2026-03-31,TIMELINESS,Timeliness,99.76,GREEN
DS_TRENDED_REPORT_VW,Trended Report Public View,P&C,2026-03-31,COMPLETENESS_KEY_PROPS,Completeness of Key Properties,96.12,GREEN
DS_TRENDED_REPORT_VW,Trended Report Public View,P&C,2026-03-31,PROFILING,Data Profiling,70.83,AMBER
DS_TRENDED_REPORT_VW,Trended Report Public View,P&C,2026-03-31,DEFINITIONS,Data Definitions,45.74,RED
DS_TRENDED_REPORT_VW,Trended Report Public View,P&C,2026-03-31,KEY_PROPERTIES,Key Properties,100.0,GREEN
DS_TRENDED_REPORT_VW,Trended Report Public View,P&C,2026-03-31,USAGE,Usage,71.67,AMBER
DS_TRENDED_REPORT_VW,Trended Report Public View,P&C,2026-03-31,FEEDBACK,User Feedback,75.42,AMBER
DS_TRENDED_REPORT_VW,Trended Report Public View,P&C,2026-04-01,OWNERSHIP,Data Ownership,60.0,AMBER
DS_TRENDED_REPORT_VW,Trended Report Public View,P&C,2026-04-01,SOURCE,Data Source,100.0,GREEN
DS_TRENDED_REPORT_VW,Trended Report Public View,P&C,2026-04-01,ISSUES,Active Issues,100.0,GREEN
DS_TRENDED_REPORT_VW,Trended Report Public View,P&C,2026-04-01,TIMELINESS,Timeliness,93.19,GREEN
DS_TRENDED_REPORT_VW,Trended Report Public View,P&C,2026-04-01,COMPLETENESS_KEY_PROPS,Completeness of Key Properties,96.74,GREEN
DS_TRENDED_REPORT_VW,Trended Report Public View,P&C,2026-04-01,PROFILING,Data Profiling,70.83,AMBER
DS_TRENDED_REPORT_VW,Trended Report Public View,P&C,2026-04-01,DEFINITIONS,Data Definitions,43.5,RED
DS_TRENDED_REPORT_VW,Trended Report Public View,P&C,2026-04-01,KEY_PROPERTIES,Key Properties,100.0,GREEN
DS_TRENDED_REPORT_VW,Trended Report Public View,P&C,2026-04-01,USAGE,Usage,70.0,AMBER
DS_TRENDED_REPORT_VW,Trended Report Public View,P&C,2026-04-01,FEEDBACK,User Feedback,71.79,AMBER
DS_TRENDED_REPORT_VW,Trended Report Public View,P&C,2026-04-02,OWNERSHIP,Data Ownership,60.0,AMBER
DS_TRENDED_REPORT_VW,Trended Report Public View,P&C,2026-04-02,SOURCE,Data Source,100.0,GREEN
DS_TRENDED_REPORT_VW,Trended Report Public View,P&C,2026-04-02,ISSUES,Active Issues,93.0,GREEN
DS_TRENDED_REPORT_VW,Trended Report Public View,P&C,2026-04-02,TIMELINESS,Timeliness,100.0,GREEN
DS_TRENDED_REPORT_VW,Trended Report Public View,P&C,2026-04-02,COMPLETENESS_KEY_PROPS,Completeness of Key Properties,95.25,GREEN
DS_TRENDED_REPORT_VW,Trended Report Public View,P&C,2026-04-02,PROFILING,Data Profiling,66.67,AMBER
DS_TRENDED_REPORT_VW,Trended Report Public View,P&C,2026-04-02,DEFINITIONS,Data Definitions,44.74,RED
DS_TRENDED_REPORT_VW,Trended Report Public View,P&C,2026-04-02,KEY_PROPERTIES,Key Properties,100.0,GREEN
DS_TRENDED_REPORT_VW,Trended Report Public View,P&C,2026-04-02,USAGE,Usage,60.0,AMBER
DS_TRENDED_REPORT_VW,Trended Report Public View,P&C,2026-04-02,FEEDBACK,User Feedback,63.78,AMBER
DS_TRENDED_REPORT_VW,Trended Report Public View,P&C,2026-04-03,OWNERSHIP,Data Ownership,60.0,AMBER
DS_TRENDED_REPORT_VW,Trended Report Public View,P&C,2026-04-03,SOURCE,Data Source,100.0,GREEN
DS_TRENDED_REPORT_VW,Trended Report Public View,P&C,2026-04-03,ISSUES,Active Issues,96.0,GREEN
DS_TRENDED_REPORT_VW,Trended Report Public View,P&C,2026-04-03,TIMELINESS,Timeliness,93.92,GREEN
DS_TRENDED_REPORT_VW,Trended Report Public View,P&C,2026-04-03,COMPLETENESS_KEY_PROPS,Completeness of Key Properties,96.27,GREEN
DS_TRENDED_REPORT_VW,Trended Report Public View,P&C,2026-04-03,PROFILING,Data Profiling,79.17,AMBER
DS_TRENDED_REPORT_VW,Trended Report Public View,P&C,2026-04-03,DEFINITIONS,Data Definitions,44.03,RED
DS_TRENDED_REPORT_VW,Trended Report Public View,P&C,2026-04-03,KEY_PROPERTIES,Key Properties,100.0,GREEN
DS_TRENDED_REPORT_VW,Trended Report Public View,P&C,2026-04-03,USAGE,Usage,61.67,AMBER
DS_TRENDED_REPORT_VW,Trended Report Public View,P&C,2026-04-03,FEEDBACK,User Feedback,92.62,GREEN
DS_TRENDED_REPORT_VW,Trended Report Public View,P&C,2026-04-04,OWNERSHIP,Data Ownership,60.0,AMBER
DS_TRENDED_REPORT_VW,Trended Report Public View,P&C,2026-04-04,SOURCE,Data Source,100.0,GREEN
DS_TRENDED_REPORT_VW,Trended Report Public View,P&C,2026-04-04,ISSUES,Active Issues,95.0,GREEN
DS_TRENDED_REPORT_VW,Trended Report Public View,P&C,2026-04-04,TIMELINESS,Timeliness,94.15,GREEN
DS_TRENDED_REPORT_VW,Trended Report Public View,P&C,2026-04-04,COMPLETENESS_KEY_PROPS,Completeness of Key Properties,95.57,GREEN
DS_TRENDED_REPORT_VW,Trended Report Public View,P&C,2026-04-04,PROFILING,Data Profiling,70.83,AMBER
DS_TRENDED_REPORT_VW,Trended Report Public View,P&C,2026-04-04,DEFINITIONS,Data Definitions,45.78,RED
DS_TRENDED_REPORT_VW,Trended Report Public View,P&C,2026-04-04,KEY_PROPERTIES,Key Properties,100.0,GREEN
DS_TRENDED_REPORT_VW,Trended Report Public View,P&C,2026-04-04,USAGE,Usage,65.0,AMBER
DS_TRENDED_REPORT_VW,Trended Report Public View,P&C,2026-04-04,FEEDBACK,User Feedback,83.7,GREEN
DS_TRENDED_REPORT_VW,Trended Report Public View,P&C,2026-04-05,OWNERSHIP,Data Ownership,60.0,AMBER
DS_TRENDED_REPORT_VW,Trended Report Public View,P&C,2026-04-05,SOURCE,Data Source,100.0,GREEN
DS_TRENDED_REPORT_VW,Trended Report Public View,P&C,2026-04-05,ISSUES,Active Issues,95.0,GREEN
DS_TRENDED_REPORT_VW,Trended Report Public View,P&C,2026-04-05,TIMELINESS,Timeliness,95.78,GREEN
DS_TRENDED_REPORT_VW,Trended Report Public View,P&C,2026-04-05,COMPLETENESS_KEY_PROPS,Completeness of Key Properties,94.57,GREEN
DS_TRENDED_REPORT_VW,Trended Report Public View,P&C,2026-04-05,PROFILING,Data Profiling,70.83,AMBER
DS_TRENDED_REPORT_VW,Trended Report Public View,P&C,2026-04-05,DEFINITIONS,Data Definitions,47.78,RED
DS_TRENDED_REPORT_VW,Trended Report Public View,P&C,2026-04-05,KEY_PROPERTIES,Key Properties,100.0,GREEN
DS_TRENDED_REPORT_VW,Trended Report Public View,P&C,2026-04-05,USAGE,Usage,66.67,AMBER
DS_TRENDED_REPORT_VW,Trended Report Public View,P&C,2026-04-05,FEEDBACK,User Feedback,64.76,AMBER
DS_TRENDED_REPORT_VW,Trended Report Public View,P&C,2026-04-06,OWNERSHIP,Data Ownership,60.0,AMBER
DS_TRENDED_REPORT_VW,Trended Report Public View,P&C,2026-04-06,SOURCE,Data Source,100.0,GREEN
DS_TRENDED_REPORT_VW,Trended Report Public View,P&C,2026-04-06,ISSUES,Active Issues,97.0,GREEN
DS_TRENDED_REPORT_VW,Trended Report Public View,P&C,2026-04-06,TIMELINESS,Timeliness,100.0,GREEN
DS_TRENDED_REPORT_VW,Trended Report Public View,P&C,2026-04-06,COMPLETENESS_KEY_PROPS,Completeness of Key Properties,95.73,GREEN
DS_TRENDED_REPORT_VW,Trended Report Public View,P&C,2026-04-06,PROFILING,Data Profiling,70.83,AMBER
DS_TRENDED_REPORT_VW,Trended Report Public View,P&C,2026-04-06,DEFINITIONS,Data Definitions,45.99,RED
DS_TRENDED_REPORT_VW,Trended Report Public View,P&C,2026-04-06,KEY_PROPERTIES,Key Properties,100.0,GREEN
DS_TRENDED_REPORT_VW,Trended Report Public View,P&C,2026-04-06,USAGE,Usage,55.0,RED
DS_TRENDED_REPORT_VW,Trended Report Public View,P&C,2026-04-06,FEEDBACK,User Feedback,94.53,GREEN
DS_TRENDED_REPORT_VW,Trended Report Public View,P&C,2026-04-07,OWNERSHIP,Data Ownership,60.0,AMBER
DS_TRENDED_REPORT_VW,Trended Report Public View,P&C,2026-04-07,SOURCE,Data Source,100.0,GREEN
DS_TRENDED_REPORT_VW,Trended Report Public View,P&C,2026-04-07,ISSUES,Active Issues,96.0,GREEN
DS_TRENDED_REPORT_VW,Trended Report Public View,P&C,2026-04-07,TIMELINESS,Timeliness,94.25,GREEN
DS_TRENDED_REPORT_VW,Trended Report Public View,P&C,2026-04-07,COMPLETENESS_KEY_PROPS,Completeness of Key Properties,95.94,GREEN
DS_TRENDED_REPORT_VW,Trended Report Public View,P&C,2026-04-07,PROFILING,Data Profiling,62.5,AMBER
DS_TRENDED_REPORT_VW,Trended Report Public View,P&C,2026-04-07,DEFINITIONS,Data Definitions,43.98,RED
DS_TRENDED_REPORT_VW,Trended Report Public View,P&C,2026-04-07,KEY_PROPERTIES,Key Properties,100.0,GREEN
DS_TRENDED_REPORT_VW,Trended Report Public View,P&C,2026-04-07,USAGE,Usage,68.33,AMBER
DS_TRENDED_REPORT_VW,Trended Report Public View,P&C,2026-04-07,FEEDBACK,User Feedback,73.19,AMBER
DS_TRENDED_REPORT_VW,Trended Report Public View,P&C,2026-04-08,OWNERSHIP,Data Ownership,60.0,AMBER
DS_TRENDED_REPORT_VW,Trended Report Public View,P&C,2026-04-08,SOURCE,Data Source,100.0,GREEN
DS_TRENDED_REPORT_VW,Trended Report Public View,P&C,2026-04-08,ISSUES,Active Issues,88.0,GREEN
DS_TRENDED_REPORT_VW,Trended Report Public View,P&C,2026-04-08,TIMELINESS,Timeliness,100.0,GREEN
DS_TRENDED_REPORT_VW,Trended Report Public View,P&C,2026-04-08,COMPLETENESS_KEY_PROPS,Completeness of Key Properties,100.0,GREEN
DS_TRENDED_REPORT_VW,Trended Report Public View,P&C,2026-04-08,PROFILING,Data Profiling,66.67,AMBER
DS_TRENDED_REPORT_VW,Trended Report Public View,P&C,2026-04-08,DEFINITIONS,Data Definitions,44.19,RED
DS_TRENDED_REPORT_VW,Trended Report Public View,P&C,2026-04-08,KEY_PROPERTIES,Key Properties,100.0,GREEN
DS_TRENDED_REPORT_VW,Trended Report Public View,P&C,2026-04-08,USAGE,Usage,63.33,AMBER
DS_TRENDED_REPORT_VW,Trended Report Public View,P&C,2026-04-08,FEEDBACK,User Feedback,69.19,AMBER
DS_TRENDED_REPORT_VW,Trended Report Public View,P&C,2026-04-09,OWNERSHIP,Data Ownership,60.0,AMBER
DS_TRENDED_REPORT_VW,Trended Report Public View,P&C,2026-04-09,SOURCE,Data Source,100.0,GREEN
DS_TRENDED_REPORT_VW,Trended Report Public View,P&C,2026-04-09,ISSUES,Active Issues,87.0,GREEN
DS_TRENDED_REPORT_VW,Trended Report Public View,P&C,2026-04-09,TIMELINESS,Timeliness,99.04,GREEN
DS_TRENDED_REPORT_VW,Trended Report Public View,P&C,2026-04-09,COMPLETENESS_KEY_PROPS,Completeness of Key Properties,97.27,GREEN
DS_TRENDED_REPORT_VW,Trended Report Public View,P&C,2026-04-09,PROFILING,Data Profiling,62.5,AMBER
DS_TRENDED_REPORT_VW,Trended Report Public View,P&C,2026-04-09,DEFINITIONS,Data Definitions,40.32,RED
DS_TRENDED_REPORT_VW,Trended Report Public View,P&C,2026-04-09,KEY_PROPERTIES,Key Properties,100.0,GREEN
DS_TRENDED_REPORT_VW,Trended Report Public View,P&C,2026-04-09,USAGE,Usage,55.0,RED
DS_TRENDED_REPORT_VW,Trended Report Public View,P&C,2026-04-09,FEEDBACK,User Feedback,76.47,AMBER
DS_TRENDED_REPORT_VW,Trended Report Public View,P&C,2026-04-10,OWNERSHIP,Data Ownership,60.0,AMBER
DS_TRENDED_REPORT_VW,Trended Report Public View,P&C,2026-04-10,SOURCE,Data Source,100.0,GREEN
DS_TRENDED_REPORT_VW,Trended Report Public View,P&C,2026-04-10,ISSUES,Active Issues,96.0,GREEN
DS_TRENDED_REPORT_VW,Trended Report Public View,P&C,2026-04-10,TIMELINESS,Timeliness,96.88,GREEN
DS_TRENDED_REPORT_VW,Trended Report Public View,P&C,2026-04-10,COMPLETENESS_KEY_PROPS,Completeness of Key Properties,95.84,GREEN
DS_TRENDED_REPORT_VW,Trended Report Public View,P&C,2026-04-10,PROFILING,Data Profiling,66.67,AMBER
DS_TRENDED_REPORT_VW,Trended Report Public View,P&C,2026-04-10,DEFINITIONS,Data Definitions,35.44,RED
DS_TRENDED_REPORT_VW,Trended Report Public View,P&C,2026-04-10,KEY_PROPERTIES,Key Properties,100.0,GREEN
DS_TRENDED_REPORT_VW,Trended Report Public View,P&C,2026-04-10,USAGE,Usage,55.0,RED
DS_TRENDED_REPORT_VW,Trended Report Public View,P&C,2026-04-10,FEEDBACK,User Feedback,75.29,AMBER
DS_TRENDED_REPORT_VW,Trended Report Public View,P&C,2026-04-11,OWNERSHIP,Data Ownership,60.0,AMBER
DS_TRENDED_REPORT_VW,Trended Report Public View,P&C,2026-04-11,SOURCE,Data Source,100.0,GREEN
DS_TRENDED_REPORT_VW,Trended Report Public View,P&C,2026-04-11,ISSUES,Active Issues,93.0,GREEN
DS_TRENDED_REPORT_VW,Trended Report Public View,P&C,2026-04-11,TIMELINESS,Timeliness,100.0,GREEN
DS_TRENDED_REPORT_VW,Trended Report Public View,P&C,2026-04-11,COMPLETENESS_KEY_PROPS,Completeness of Key Properties,93.73,GREEN
DS_TRENDED_REPORT_VW,Trended Report Public View,P&C,2026-04-11,PROFILING,Data Profiling,66.67,AMBER
DS_TRENDED_REPORT_VW,Trended Report Public View,P&C,2026-04-11,DEFINITIONS,Data Definitions,48.67,RED
DS_TRENDED_REPORT_VW,Trended Report Public View,P&C,2026-04-11,KEY_PROPERTIES,Key Properties,100.0,GREEN
DS_TRENDED_REPORT_VW,Trended Report Public View,P&C,2026-04-11,USAGE,Usage,63.33,AMBER
DS_TRENDED_REPORT_VW,Trended Report Public View,P&C,2026-04-11,FEEDBACK,User Feedback,75.51,AMBER
DS_TRENDED_REPORT_VW,Trended Report Public View,P&C,2026-04-12,OWNERSHIP,Data Ownership,60.0,AMBER
DS_TRENDED_REPORT_VW,Trended Report Public View,P&C,2026-04-12,SOURCE,Data Source,100.0,GREEN
DS_TRENDED_REPORT_VW,Trended Report Public View,P&C,2026-04-12,ISSUES,Active Issues,99.0,GREEN
DS_TRENDED_REPORT_VW,Trended Report Public View,P&C,2026-04-12,TIMELINESS,Timeliness,100.0,GREEN
DS_TRENDED_REPORT_VW,Trended Report Public View,P&C,2026-04-12,COMPLETENESS_KEY_PROPS,Completeness of Key Properties,95.31,GREEN
DS_TRENDED_REPORT_VW,Trended Report Public View,P&C,2026-04-12,PROFILING,Data Profiling,70.83,AMBER
DS_TRENDED_REPORT_VW,Trended Report Public View,P&C,2026-04-12,DEFINITIONS,Data Definitions,38.57,RED
DS_TRENDED_REPORT_VW,Trended Report Public View,P&C,2026-04-12,KEY_PROPERTIES,Key Properties,100.0,GREEN
DS_TRENDED_REPORT_VW,Trended Report Public View,P&C,2026-04-12,USAGE,Usage,45.0,RED
DS_TRENDED_REPORT_VW,Trended Report Public View,P&C,2026-04-12,FEEDBACK,User Feedback,79.58,AMBER
DS_TRENDED_REPORT_VW,Trended Report Public View,P&C,2026-04-13,OWNERSHIP,Data Ownership,60.0,AMBER
DS_TRENDED_REPORT_VW,Trended Report Public View,P&C,2026-04-13,SOURCE,Data Source,100.0,GREEN
DS_TRENDED_REPORT_VW,Trended Report Public View,P&C,2026-04-13,ISSUES,Active Issues,87.0,GREEN
DS_TRENDED_REPORT_VW,Trended Report Public View,P&C,2026-04-13,TIMELINESS,Timeliness,93.78,GREEN
DS_TRENDED_REPORT_VW,Trended Report Public View,P&C,2026-04-13,COMPLETENESS_KEY_PROPS,Completeness of Key Properties,94.3,GREEN
DS_TRENDED_REPORT_VW,Trended Report Public View,P&C,2026-04-13,PROFILING,Data Profiling,62.5,AMBER
DS_TRENDED_REPORT_VW,Trended Report Public View,P&C,2026-04-13,DEFINITIONS,Data Definitions,44.5,RED
DS_TRENDED_REPORT_VW,Trended Report Public View,P&C,2026-04-13,KEY_PROPERTIES,Key Properties,100.0,GREEN
DS_TRENDED_REPORT_VW,Trended Report Public View,P&C,2026-04-13,USAGE,Usage,68.33,AMBER
DS_TRENDED_REPORT_VW,Trended Report Public View,P&C,2026-04-13,FEEDBACK,User Feedback,68.16,AMBER
DS_TRENDED_REPORT_VW,Trended Report Public View,P&C,2026-04-14,OWNERSHIP,Data Ownership,60.0,AMBER
DS_TRENDED_REPORT_VW,Trended Report Public View,P&C,2026-04-14,SOURCE,Data Source,100.0,GREEN
DS_TRENDED_REPORT_VW,Trended Report Public View,P&C,2026-04-14,ISSUES,Active Issues,80.0,GREEN
DS_TRENDED_REPORT_VW,Trended Report Public View,P&C,2026-04-14,TIMELINESS,Timeliness,98.6,GREEN
DS_TRENDED_REPORT_VW,Trended Report Public View,P&C,2026-04-14,COMPLETENESS_KEY_PROPS,Completeness of Key Properties,97.92,GREEN
DS_TRENDED_REPORT_VW,Trended Report Public View,P&C,2026-04-14,PROFILING,Data Profiling,75.0,AMBER
DS_TRENDED_REPORT_VW,Trended Report Public View,P&C,2026-04-14,DEFINITIONS,Data Definitions,43.33,RED
DS_TRENDED_REPORT_VW,Trended Report Public View,P&C,2026-04-14,KEY_PROPERTIES,Key Properties,100.0,GREEN
DS_TRENDED_REPORT_VW,Trended Report Public View,P&C,2026-04-14,USAGE,Usage,63.33,AMBER
DS_TRENDED_REPORT_VW,Trended Report Public View,P&C,2026-04-14,FEEDBACK,User Feedback,75.89,AMBER
DS_TRENDED_REPORT_VW,Trended Report Public View,P&C,2026-04-15,OWNERSHIP,Data Ownership,60.0,AMBER
DS_TRENDED_REPORT_VW,Trended Report Public View,P&C,2026-04-15,SOURCE,Data Source,100.0,GREEN
DS_TRENDED_REPORT_VW,Trended Report Public View,P&C,2026-04-15,ISSUES,Active Issues,74.0,AMBER
DS_TRENDED_REPORT_VW,Trended Report Public View,P&C,2026-04-15,TIMELINESS,Timeliness,93.69,GREEN
DS_TRENDED_REPORT_VW,Trended Report Public View,P&C,2026-04-15,COMPLETENESS_KEY_PROPS,Completeness of Key Properties,93.35,GREEN
DS_TRENDED_REPORT_VW,Trended Report Public View,P&C,2026-04-15,PROFILING,Data Profiling,62.5,AMBER
DS_TRENDED_REPORT_VW,Trended Report Public View,P&C,2026-04-15,DEFINITIONS,Data Definitions,46.99,RED
DS_TRENDED_REPORT_VW,Trended Report Public View,P&C,2026-04-15,KEY_PROPERTIES,Key Properties,100.0,GREEN
DS_TRENDED_REPORT_VW,Trended Report Public View,P&C,2026-04-15,USAGE,Usage,55.0,RED
DS_TRENDED_REPORT_VW,Trended Report Public View,P&C,2026-04-15,FEEDBACK,User Feedback,72.64,AMBER
DS_TRENDED_REPORT_VW,Trended Report Public View,P&C,2026-04-16,OWNERSHIP,Data Ownership,60.0,AMBER
DS_TRENDED_REPORT_VW,Trended Report Public View,P&C,2026-04-16,SOURCE,Data Source,100.0,GREEN
DS_TRENDED_REPORT_VW,Trended Report Public View,P&C,2026-04-16,ISSUES,Active Issues,86.0,GREEN
DS_TRENDED_REPORT_VW,Trended Report Public View,P&C,2026-04-16,TIMELINESS,Timeliness,99.79,GREEN
DS_TRENDED_REPORT_VW,Trended Report Public View,P&C,2026-04-16,COMPLETENESS_KEY_PROPS,Completeness of Key Properties,95.62,GREEN
DS_TRENDED_REPORT_VW,Trended Report Public View,P&C,2026-04-16,PROFILING,Data Profiling,75.0,AMBER
DS_TRENDED_REPORT_VW,Trended Report Public View,P&C,2026-04-16,DEFINITIONS,Data Definitions,50.44,RED
DS_TRENDED_REPORT_VW,Trended Report Public View,P&C,2026-04-16,KEY_PROPERTIES,Key Properties,100.0,GREEN
DS_TRENDED_REPORT_VW,Trended Report Public View,P&C,2026-04-16,USAGE,Usage,40.0,RED
DS_TRENDED_REPORT_VW,Trended Report Public View,P&C,2026-04-16,FEEDBACK,User Feedback,71.57,AMBER
DS_TRENDED_REPORT_VW,Trended Report Public View,P&C,2026-04-17,OWNERSHIP,Data Ownership,60.0,AMBER
DS_TRENDED_REPORT_VW,Trended Report Public View,P&C,2026-04-17,SOURCE,Data Source,100.0,GREEN
DS_TRENDED_REPORT_VW,Trended Report Public View,P&C,2026-04-17,ISSUES,Active Issues,94.0,GREEN
DS_TRENDED_REPORT_VW,Trended Report Public View,P&C,2026-04-17,TIMELINESS,Timeliness,96.96,GREEN
DS_TRENDED_REPORT_VW,Trended Report Public View,P&C,2026-04-17,COMPLETENESS_KEY_PROPS,Completeness of Key Properties,95.31,GREEN
DS_TRENDED_REPORT_VW,Trended Report Public View,P&C,2026-04-17,PROFILING,Data Profiling,79.17,AMBER
DS_TRENDED_REPORT_VW,Trended Report Public View,P&C,2026-04-17,DEFINITIONS,Data Definitions,41.67,RED
DS_TRENDED_REPORT_VW,Trended Report Public View,P&C,2026-04-17,KEY_PROPERTIES,Key Properties,100.0,GREEN
DS_TRENDED_REPORT_VW,Trended Report Public View,P&C,2026-04-17,USAGE,Usage,43.33,RED
DS_TRENDED_REPORT_VW,Trended Report Public View,P&C,2026-04-17,FEEDBACK,User Feedback,66.98,AMBER
DS_TRENDED_REPORT_VW,Trended Report Public View,P&C,2026-04-18,OWNERSHIP,Data Ownership,60.0,AMBER
DS_TRENDED_REPORT_VW,Trended Report Public View,P&C,2026-04-18,SOURCE,Data Source,100.0,GREEN
DS_TRENDED_REPORT_VW,Trended Report Public View,P&C,2026-04-18,ISSUES,Active Issues,100.0,GREEN
DS_TRENDED_REPORT_VW,Trended Report Public View,P&C,2026-04-18,TIMELINESS,Timeliness,98.22,GREEN
DS_TRENDED_REPORT_VW,Trended Report Public View,P&C,2026-04-18,COMPLETENESS_KEY_PROPS,Completeness of Key Properties,95.72,GREEN
DS_TRENDED_REPORT_VW,Trended Report Public View,P&C,2026-04-18,PROFILING,Data Profiling,75.0,AMBER
DS_TRENDED_REPORT_VW,Trended Report Public View,P&C,2026-04-18,DEFINITIONS,Data Definitions,43.58,RED
DS_TRENDED_REPORT_VW,Trended Report Public View,P&C,2026-04-18,KEY_PROPERTIES,Key Properties,100.0,GREEN
DS_TRENDED_REPORT_VW,Trended Report Public View,P&C,2026-04-18,USAGE,Usage,65.0,AMBER
DS_TRENDED_REPORT_VW,Trended Report Public View,P&C,2026-04-18,FEEDBACK,User Feedback,70.25,AMBER
DS_TRENDED_REPORT_VW,Trended Report Public View,P&C,2026-04-19,OWNERSHIP,Data Ownership,60.0,AMBER
DS_TRENDED_REPORT_VW,Trended Report Public View,P&C,2026-04-19,SOURCE,Data Source,100.0,GREEN
DS_TRENDED_REPORT_VW,Trended Report Public View,P&C,2026-04-19,ISSUES,Active Issues,92.0,GREEN
DS_TRENDED_REPORT_VW,Trended Report Public View,P&C,2026-04-19,TIMELINESS,Timeliness,100.0,GREEN
DS_TRENDED_REPORT_VW,Trended Report Public View,P&C,2026-04-19,COMPLETENESS_KEY_PROPS,Completeness of Key Properties,97.21,GREEN
DS_TRENDED_REPORT_VW,Trended Report Public View,P&C,2026-04-19,PROFILING,Data Profiling,58.33,RED
DS_TRENDED_REPORT_VW,Trended Report Public View,P&C,2026-04-19,DEFINITIONS,Data Definitions,49.55,RED
DS_TRENDED_REPORT_VW,Trended Report Public View,P&C,2026-04-19,KEY_PROPERTIES,Key Properties,100.0,GREEN
DS_TRENDED_REPORT_VW,Trended Report Public View,P&C,2026-04-19,USAGE,Usage,51.67,RED
DS_TRENDED_REPORT_VW,Trended Report Public View,P&C,2026-04-19,FEEDBACK,User Feedback,86.16,GREEN
DS_TRENDED_REPORT_VW,Trended Report Public View,P&C,2026-04-20,OWNERSHIP,Data Ownership,60.0,AMBER
DS_TRENDED_REPORT_VW,Trended Report Public View,P&C,2026-04-20,SOURCE,Data Source,100.0,GREEN
DS_TRENDED_REPORT_VW,Trended Report Public View,P&C,2026-04-20,ISSUES,Active Issues,89.0,GREEN
DS_TRENDED_REPORT_VW,Trended Report Public View,P&C,2026-04-20,TIMELINESS,Timeliness,100.0,GREEN
DS_TRENDED_REPORT_VW,Trended Report Public View,P&C,2026-04-20,COMPLETENESS_KEY_PROPS,Completeness of Key Properties,94.12,GREEN
DS_TRENDED_REPORT_VW,Trended Report Public View,P&C,2026-04-20,PROFILING,Data Profiling,75.0,AMBER
DS_TRENDED_REPORT_VW,Trended Report Public View,P&C,2026-04-20,DEFINITIONS,Data Definitions,43.0,RED
DS_TRENDED_REPORT_VW,Trended Report Public View,P&C,2026-04-20,KEY_PROPERTIES,Key Properties,100.0,GREEN
DS_TRENDED_REPORT_VW,Trended Report Public View,P&C,2026-04-20,USAGE,Usage,40.0,RED
DS_TRENDED_REPORT_VW,Trended Report Public View,P&C,2026-04-20,FEEDBACK,User Feedback,82.31,GREEN
DS_TRENDED_REPORT_VW,Trended Report Public View,P&C,2026-04-21,OWNERSHIP,Data Ownership,60.0,AMBER
DS_TRENDED_REPORT_VW,Trended Report Public View,P&C,2026-04-21,SOURCE,Data Source,100.0,GREEN
DS_TRENDED_REPORT_VW,Trended Report Public View,P&C,2026-04-21,ISSUES,Active Issues,95.0,GREEN
DS_TRENDED_REPORT_VW,Trended Report Public View,P&C,2026-04-21,TIMELINESS,Timeliness,89.21,GREEN
DS_TRENDED_REPORT_VW,Trended Report Public View,P&C,2026-04-21,COMPLETENESS_KEY_PROPS,Completeness of Key Properties,95.46,GREEN
DS_TRENDED_REPORT_VW,Trended Report Public View,P&C,2026-04-21,PROFILING,Data Profiling,70.83,AMBER
DS_TRENDED_REPORT_VW,Trended Report Public View,P&C,2026-04-21,DEFINITIONS,Data Definitions,41.82,RED
DS_TRENDED_REPORT_VW,Trended Report Public View,P&C,2026-04-21,KEY_PROPERTIES,Key Properties,100.0,GREEN
DS_TRENDED_REPORT_VW,Trended Report Public View,P&C,2026-04-21,USAGE,Usage,60.0,AMBER
DS_TRENDED_REPORT_VW,Trended Report Public View,P&C,2026-04-21,FEEDBACK,User Feedback,71.13,AMBER
DS_TRENDED_REPORT_VW,Trended Report Public View,P&C,2026-04-22,OWNERSHIP,Data Ownership,60.0,AMBER
DS_TRENDED_REPORT_VW,Trended Report Public View,P&C,2026-04-22,SOURCE,Data Source,100.0,GREEN
DS_TRENDED_REPORT_VW,Trended Report Public View,P&C,2026-04-22,ISSUES,Active Issues,84.0,GREEN
DS_TRENDED_REPORT_VW,Trended Report Public View,P&C,2026-04-22,TIMELINESS,Timeliness,94.2,GREEN
DS_TRENDED_REPORT_VW,Trended Report Public View,P&C,2026-04-22,COMPLETENESS_KEY_PROPS,Completeness of Key Properties,94.54,GREEN
DS_TRENDED_REPORT_VW,Trended Report Public View,P&C,2026-04-22,PROFILING,Data Profiling,75.0,AMBER
DS_TRENDED_REPORT_VW,Trended Report Public View,P&C,2026-04-22,DEFINITIONS,Data Definitions,44.17,RED
DS_TRENDED_REPORT_VW,Trended Report Public View,P&C,2026-04-22,KEY_PROPERTIES,Key Properties,100.0,GREEN
DS_TRENDED_REPORT_VW,Trended Report Public View,P&C,2026-04-22,USAGE,Usage,60.0,AMBER
DS_TRENDED_REPORT_VW,Trended Report Public View,P&C,2026-04-22,FEEDBACK,User Feedback,78.85,AMBER
DS_TRENDED_REPORT_VW,Trended Report Public View,P&C,2026-04-23,OWNERSHIP,Data Ownership,60.0,AMBER
DS_TRENDED_REPORT_VW,Trended Report Public View,P&C,2026-04-23,SOURCE,Data Source,100.0,GREEN
DS_TRENDED_REPORT_VW,Trended Report Public View,P&C,2026-04-23,ISSUES,Active Issues,91.0,GREEN
DS_TRENDED_REPORT_VW,Trended Report Public View,P&C,2026-04-23,TIMELINESS,Timeliness,93.3,GREEN
DS_TRENDED_REPORT_VW,Trended Report Public View,P&C,2026-04-23,COMPLETENESS_KEY_PROPS,Completeness of Key Properties,95.36,GREEN
DS_TRENDED_REPORT_VW,Trended Report Public View,P&C,2026-04-23,PROFILING,Data Profiling,62.5,AMBER
DS_TRENDED_REPORT_VW,Trended Report Public View,P&C,2026-04-23,DEFINITIONS,Data Definitions,45.37,RED
DS_TRENDED_REPORT_VW,Trended Report Public View,P&C,2026-04-23,KEY_PROPERTIES,Key Properties,100.0,GREEN
DS_TRENDED_REPORT_VW,Trended Report Public View,P&C,2026-04-23,USAGE,Usage,60.0,AMBER
DS_TRENDED_REPORT_VW,Trended Report Public View,P&C,2026-04-23,FEEDBACK,User Feedback,62.62,AMBER
DS_TRENDED_REPORT_VW,Trended Report Public View,P&C,2026-04-24,OWNERSHIP,Data Ownership,60.0,AMBER
DS_TRENDED_REPORT_VW,Trended Report Public View,P&C,2026-04-24,SOURCE,Data Source,100.0,GREEN
DS_TRENDED_REPORT_VW,Trended Report Public View,P&C,2026-04-24,ISSUES,Active Issues,90.0,GREEN
DS_TRENDED_REPORT_VW,Trended Report Public View,P&C,2026-04-24,TIMELINESS,Timeliness,93.42,GREEN
DS_TRENDED_REPORT_VW,Trended Report Public View,P&C,2026-04-24,COMPLETENESS_KEY_PROPS,Completeness of Key Properties,96.93,GREEN
DS_TRENDED_REPORT_VW,Trended Report Public View,P&C,2026-04-24,PROFILING,Data Profiling,66.67,AMBER
DS_TRENDED_REPORT_VW,Trended Report Public View,P&C,2026-04-24,DEFINITIONS,Data Definitions,48.18,RED
DS_TRENDED_REPORT_VW,Trended Report Public View,P&C,2026-04-24,KEY_PROPERTIES,Key Properties,100.0,GREEN
DS_TRENDED_REPORT_VW,Trended Report Public View,P&C,2026-04-24,USAGE,Usage,73.33,AMBER
DS_TRENDED_REPORT_VW,Trended Report Public View,P&C,2026-04-24,FEEDBACK,User Feedback,75.39,AMBER
DS_TRENDED_REPORT_VW,Trended Report Public View,P&C,2026-04-25,OWNERSHIP,Data Ownership,60.0,AMBER
DS_TRENDED_REPORT_VW,Trended Report Public View,P&C,2026-04-25,SOURCE,Data Source,100.0,GREEN
DS_TRENDED_REPORT_VW,Trended Report Public View,P&C,2026-04-25,ISSUES,Active Issues,85.0,GREEN
DS_TRENDED_REPORT_VW,Trended Report Public View,P&C,2026-04-25,TIMELINESS,Timeliness,93.44,GREEN
DS_TRENDED_REPORT_VW,Trended Report Public View,P&C,2026-04-25,COMPLETENESS_KEY_PROPS,Completeness of Key Properties,92.34,GREEN
DS_TRENDED_REPORT_VW,Trended Report Public View,P&C,2026-04-25,PROFILING,Data Profiling,66.67,AMBER
DS_TRENDED_REPORT_VW,Trended Report Public View,P&C,2026-04-25,DEFINITIONS,Data Definitions,48.11,RED
DS_TRENDED_REPORT_VW,Trended Report Public View,P&C,2026-04-25,KEY_PROPERTIES,Key Properties,100.0,GREEN
DS_TRENDED_REPORT_VW,Trended Report Public View,P&C,2026-04-25,USAGE,Usage,45.0,RED
DS_TRENDED_REPORT_VW,Trended Report Public View,P&C,2026-04-25,FEEDBACK,User Feedback,78.66,AMBER
DS_TRENDED_REPORT_VW,Trended Report Public View,P&C,2026-04-26,OWNERSHIP,Data Ownership,60.0,AMBER
DS_TRENDED_REPORT_VW,Trended Report Public View,P&C,2026-04-26,SOURCE,Data Source,100.0,GREEN
DS_TRENDED_REPORT_VW,Trended Report Public View,P&C,2026-04-26,ISSUES,Active Issues,96.0,GREEN
DS_TRENDED_REPORT_VW,Trended Report Public View,P&C,2026-04-26,TIMELINESS,Timeliness,89.72,GREEN
DS_TRENDED_REPORT_VW,Trended Report Public View,P&C,2026-04-26,COMPLETENESS_KEY_PROPS,Completeness of Key Properties,94.89,GREEN
DS_TRENDED_REPORT_VW,Trended Report Public View,P&C,2026-04-26,PROFILING,Data Profiling,62.5,AMBER
DS_TRENDED_REPORT_VW,Trended Report Public View,P&C,2026-04-26,DEFINITIONS,Data Definitions,55.0,RED
DS_TRENDED_REPORT_VW,Trended Report Public View,P&C,2026-04-26,KEY_PROPERTIES,Key Properties,100.0,GREEN
DS_TRENDED_REPORT_VW,Trended Report Public View,P&C,2026-04-26,USAGE,Usage,56.67,RED
DS_TRENDED_REPORT_VW,Trended Report Public View,P&C,2026-04-26,FEEDBACK,User Feedback,85.24,GREEN
DS_TRENDED_REPORT_VW,Trended Report Public View,P&C,2026-04-27,OWNERSHIP,Data Ownership,60.0,AMBER
DS_TRENDED_REPORT_VW,Trended Report Public View,P&C,2026-04-27,SOURCE,Data Source,100.0,GREEN
DS_TRENDED_REPORT_VW,Trended Report Public View,P&C,2026-04-27,ISSUES,Active Issues,93.0,GREEN
DS_TRENDED_REPORT_VW,Trended Report Public View,P&C,2026-04-27,TIMELINESS,Timeliness,96.85,GREEN
DS_TRENDED_REPORT_VW,Trended Report Public View,P&C,2026-04-27,COMPLETENESS_KEY_PROPS,Completeness of Key Properties,94.32,GREEN
DS_TRENDED_REPORT_VW,Trended Report Public View,P&C,2026-04-27,PROFILING,Data Profiling,58.33,RED
DS_TRENDED_REPORT_VW,Trended Report Public View,P&C,2026-04-27,DEFINITIONS,Data Definitions,47.45,RED
DS_TRENDED_REPORT_VW,Trended Report Public View,P&C,2026-04-27,KEY_PROPERTIES,Key Properties,100.0,GREEN
DS_TRENDED_REPORT_VW,Trended Report Public View,P&C,2026-04-27,USAGE,Usage,70.0,AMBER
DS_TRENDED_REPORT_VW,Trended Report Public View,P&C,2026-04-27,FEEDBACK,User Feedback,72.67,AMBER
DS_TRENDED_REPORT_VW,Trended Report Public View,P&C,2026-04-28,OWNERSHIP,Data Ownership,60.0,AMBER
DS_TRENDED_REPORT_VW,Trended Report Public View,P&C,2026-04-28,SOURCE,Data Source,100.0,GREEN
DS_TRENDED_REPORT_VW,Trended Report Public View,P&C,2026-04-28,ISSUES,Active Issues,95.0,GREEN
DS_TRENDED_REPORT_VW,Trended Report Public View,P&C,2026-04-28,TIMELINESS,Timeliness,95.57,GREEN
DS_TRENDED_REPORT_VW,Trended Report Public View,P&C,2026-04-28,COMPLETENESS_KEY_PROPS,Completeness of Key Properties,97.17,GREEN
DS_TRENDED_REPORT_VW,Trended Report Public View,P&C,2026-04-28,PROFILING,Data Profiling,70.83,AMBER
DS_TRENDED_REPORT_VW,Trended Report Public View,P&C,2026-04-28,DEFINITIONS,Data Definitions,45.5,RED
DS_TRENDED_REPORT_VW,Trended Report Public View,P&C,2026-04-28,KEY_PROPERTIES,Key Properties,100.0,GREEN
DS_TRENDED_REPORT_VW,Trended Report Public View,P&C,2026-04-28,USAGE,Usage,61.67,AMBER
DS_TRENDED_REPORT_VW,Trended Report Public View,P&C,2026-04-28,FEEDBACK,User Feedback,72.5,AMBER
DS_TRENDED_REPORT_VW,Trended Report Public View,P&C,2026-04-29,OWNERSHIP,Data Ownership,60.0,AMBER
DS_TRENDED_REPORT_VW,Trended Report Public View,P&C,2026-04-29,SOURCE,Data Source,100.0,GREEN
DS_TRENDED_REPORT_VW,Trended Report Public View,P&C,2026-04-29,ISSUES,Active Issues,86.0,GREEN
DS_TRENDED_REPORT_VW,Trended Report Public View,P&C,2026-04-29,TIMELINESS,Timeliness,98.73,GREEN
DS_TRENDED_REPORT_VW,Trended Report Public View,P&C,2026-04-29,COMPLETENESS_KEY_PROPS,Completeness of Key Properties,97.79,GREEN
DS_TRENDED_REPORT_VW,Trended Report Public View,P&C,2026-04-29,PROFILING,Data Profiling,62.5,AMBER
DS_TRENDED_REPORT_VW,Trended Report Public View,P&C,2026-04-29,DEFINITIONS,Data Definitions,43.75,RED
DS_TRENDED_REPORT_VW,Trended Report Public View,P&C,2026-04-29,KEY_PROPERTIES,Key Properties,100.0,GREEN
DS_TRENDED_REPORT_VW,Trended Report Public View,P&C,2026-04-29,USAGE,Usage,55.0,RED
DS_TRENDED_REPORT_VW,Trended Report Public View,P&C,2026-04-29,FEEDBACK,User Feedback,81.77,GREEN
DS_TRENDED_REPORT_VW,Trended Report Public View,P&C,2026-04-30,OWNERSHIP,Data Ownership,60.0,AMBER
DS_TRENDED_REPORT_VW,Trended Report Public View,P&C,2026-04-30,SOURCE,Data Source,100.0,GREEN
DS_TRENDED_REPORT_VW,Trended Report Public View,P&C,2026-04-30,ISSUES,Active Issues,92.0,GREEN
DS_TRENDED_REPORT_VW,Trended Report Public View,P&C,2026-04-30,TIMELINESS,Timeliness,93.64,GREEN
DS_TRENDED_REPORT_VW,Trended Report Public View,P&C,2026-04-30,COMPLETENESS_KEY_PROPS,Completeness of Key Properties,95.09,GREEN
DS_TRENDED_REPORT_VW,Trended Report Public View,P&C,2026-04-30,PROFILING,Data Profiling,66.67,AMBER
DS_TRENDED_REPORT_VW,Trended Report Public View,P&C,2026-04-30,DEFINITIONS,Data Definitions,45.0,RED
DS_TRENDED_REPORT_VW,Trended Report Public View,P&C,2026-04-30,KEY_PROPERTIES,Key Properties,100.0,GREEN
DS_TRENDED_REPORT_VW,Trended Report Public View,P&C,2026-04-30,USAGE,Usage,45.0,RED
DS_TRENDED_REPORT_VW,Trended Report Public View,P&C,2026-04-30,FEEDBACK,User Feedback,79.63,AMBER
DS_TRENDED_REPORT_VW,Trended Report Public View,P&C,2026-05-01,OWNERSHIP,Data Ownership,60.0,AMBER
DS_TRENDED_REPORT_VW,Trended Report Public View,P&C,2026-05-01,SOURCE,Data Source,100.0,GREEN
DS_TRENDED_REPORT_VW,Trended Report Public View,P&C,2026-05-01,ISSUES,Active Issues,91.0,GREEN
DS_TRENDED_REPORT_VW,Trended Report Public View,P&C,2026-05-01,TIMELINESS,Timeliness,100.0,GREEN
DS_TRENDED_REPORT_VW,Trended Report Public View,P&C,2026-05-01,COMPLETENESS_KEY_PROPS,Completeness of Key Properties,98.98,GREEN
DS_TRENDED_REPORT_VW,Trended Report Public View,P&C,2026-05-01,PROFILING,Data Profiling,87.5,GREEN
DS_TRENDED_REPORT_VW,Trended Report Public View,P&C,2026-05-01,DEFINITIONS,Data Definitions,47.78,RED
DS_TRENDED_REPORT_VW,Trended Report Public View,P&C,2026-05-01,KEY_PROPERTIES,Key Properties,100.0,GREEN
DS_TRENDED_REPORT_VW,Trended Report Public View,P&C,2026-05-01,USAGE,Usage,53.33,RED
DS_TRENDED_REPORT_VW,Trended Report Public View,P&C,2026-05-01,FEEDBACK,User Feedback,70.1,AMBER
DS_TRENDED_REPORT_VW,Trended Report Public View,P&C,2026-05-02,OWNERSHIP,Data Ownership,60.0,AMBER
DS_TRENDED_REPORT_VW,Trended Report Public View,P&C,2026-05-02,SOURCE,Data Source,100.0,GREEN
DS_TRENDED_REPORT_VW,Trended Report Public View,P&C,2026-05-02,ISSUES,Active Issues,82.0,GREEN
DS_TRENDED_REPORT_VW,Trended Report Public View,P&C,2026-05-02,TIMELINESS,Timeliness,99.27,GREEN
DS_TRENDED_REPORT_VW,Trended Report Public View,P&C,2026-05-02,COMPLETENESS_KEY_PROPS,Completeness of Key Properties,96.41,GREEN
DS_TRENDED_REPORT_VW,Trended Report Public View,P&C,2026-05-02,PROFILING,Data Profiling,79.17,AMBER
DS_TRENDED_REPORT_VW,Trended Report Public View,P&C,2026-05-02,DEFINITIONS,Data Definitions,45.2,RED
DS_TRENDED_REPORT_VW,Trended Report Public View,P&C,2026-05-02,KEY_PROPERTIES,Key Properties,100.0,GREEN
DS_TRENDED_REPORT_VW,Trended Report Public View,P&C,2026-05-02,USAGE,Usage,53.33,RED
DS_TRENDED_REPORT_VW,Trended Report Public View,P&C,2026-05-02,FEEDBACK,User Feedback,69.73,AMBER
DS_TRENDED_REPORT_VW,Trended Report Public View,P&C,2026-05-03,OWNERSHIP,Data Ownership,60.0,AMBER
DS_TRENDED_REPORT_VW,Trended Report Public View,P&C,2026-05-03,SOURCE,Data Source,100.0,GREEN
DS_TRENDED_REPORT_VW,Trended Report Public View,P&C,2026-05-03,ISSUES,Active Issues,71.0,AMBER
DS_TRENDED_REPORT_VW,Trended Report Public View,P&C,2026-05-03,TIMELINESS,Timeliness,95.66,GREEN
DS_TRENDED_REPORT_VW,Trended Report Public View,P&C,2026-05-03,COMPLETENESS_KEY_PROPS,Completeness of Key Properties,94.79,GREEN
DS_TRENDED_REPORT_VW,Trended Report Public View,P&C,2026-05-03,PROFILING,Data Profiling,66.67,AMBER
DS_TRENDED_REPORT_VW,Trended Report Public View,P&C,2026-05-03,DEFINITIONS,Data Definitions,43.64,RED
DS_TRENDED_REPORT_VW,Trended Report Public View,P&C,2026-05-03,KEY_PROPERTIES,Key Properties,100.0,GREEN
DS_TRENDED_REPORT_VW,Trended Report Public View,P&C,2026-05-03,USAGE,Usage,63.33,AMBER
DS_TRENDED_REPORT_VW,Trended Report Public View,P&C,2026-05-03,FEEDBACK,User Feedback,83.55,GREEN
DS_TRENDED_REPORT_VW,Trended Report Public View,P&C,2026-05-04,OWNERSHIP,Data Ownership,60.0,AMBER
DS_TRENDED_REPORT_VW,Trended Report Public View,P&C,2026-05-04,SOURCE,Data Source,100.0,GREEN
DS_TRENDED_REPORT_VW,Trended Report Public View,P&C,2026-05-04,ISSUES,Active Issues,79.0,AMBER
DS_TRENDED_REPORT_VW,Trended Report Public View,P&C,2026-05-04,TIMELINESS,Timeliness,94.78,GREEN
DS_TRENDED_REPORT_VW,Trended Report Public View,P&C,2026-05-04,COMPLETENESS_KEY_PROPS,Completeness of Key Properties,94.67,GREEN
DS_TRENDED_REPORT_VW,Trended Report Public View,P&C,2026-05-04,PROFILING,Data Profiling,75.0,AMBER
DS_TRENDED_REPORT_VW,Trended Report Public View,P&C,2026-05-04,DEFINITIONS,Data Definitions,44.93,RED
DS_TRENDED_REPORT_VW,Trended Report Public View,P&C,2026-05-04,KEY_PROPERTIES,Key Properties,100.0,GREEN
DS_TRENDED_REPORT_VW,Trended Report Public View,P&C,2026-05-04,USAGE,Usage,63.33,AMBER
DS_TRENDED_REPORT_VW,Trended Report Public View,P&C,2026-05-04,FEEDBACK,User Feedback,80.63,GREEN
DS_TRENDED_REPORT_VW,Trended Report Public View,P&C,2026-05-05,OWNERSHIP,Data Ownership,60.0,AMBER
DS_TRENDED_REPORT_VW,Trended Report Public View,P&C,2026-05-05,SOURCE,Data Source,100.0,GREEN
DS_TRENDED_REPORT_VW,Trended Report Public View,P&C,2026-05-05,ISSUES,Active Issues,97.0,GREEN
DS_TRENDED_REPORT_VW,Trended Report Public View,P&C,2026-05-05,TIMELINESS,Timeliness,100.0,GREEN
DS_TRENDED_REPORT_VW,Trended Report Public View,P&C,2026-05-05,COMPLETENESS_KEY_PROPS,Completeness of Key Properties,95.56,GREEN
DS_TRENDED_REPORT_VW,Trended Report Public View,P&C,2026-05-05,PROFILING,Data Profiling,66.67,AMBER
DS_TRENDED_REPORT_VW,Trended Report Public View,P&C,2026-05-05,DEFINITIONS,Data Definitions,43.08,RED
DS_TRENDED_REPORT_VW,Trended Report Public View,P&C,2026-05-05,KEY_PROPERTIES,Key Properties,100.0,GREEN
DS_TRENDED_REPORT_VW,Trended Report Public View,P&C,2026-05-05,USAGE,Usage,61.67,AMBER
DS_TRENDED_REPORT_VW,Trended Report Public View,P&C,2026-05-05,FEEDBACK,User Feedback,60.16,AMBER
DS_TRENDED_REPORT_VW,Trended Report Public View,P&C,2026-05-06,OWNERSHIP,Data Ownership,60.0,AMBER
DS_TRENDED_REPORT_VW,Trended Report Public View,P&C,2026-05-06,SOURCE,Data Source,100.0,GREEN
DS_TRENDED_REPORT_VW,Trended Report Public View,P&C,2026-05-06,ISSUES,Active Issues,94.0,GREEN
DS_TRENDED_REPORT_VW,Trended Report Public View,P&C,2026-05-06,TIMELINESS,Timeliness,92.33,GREEN
DS_TRENDED_REPORT_VW,Trended Report Public View,P&C,2026-05-06,COMPLETENESS_KEY_PROPS,Completeness of Key Properties,95.62,GREEN
DS_TRENDED_REPORT_VW,Trended Report Public View,P&C,2026-05-06,PROFILING,Data Profiling,75.0,AMBER
DS_TRENDED_REPORT_VW,Trended Report Public View,P&C,2026-05-06,DEFINITIONS,Data Definitions,42.38,RED
DS_TRENDED_REPORT_VW,Trended Report Public View,P&C,2026-05-06,KEY_PROPERTIES,Key Properties,100.0,GREEN
DS_TRENDED_REPORT_VW,Trended Report Public View,P&C,2026-05-06,USAGE,Usage,73.33,AMBER
DS_TRENDED_REPORT_VW,Trended Report Public View,P&C,2026-05-06,FEEDBACK,User Feedback,81.55,GREEN
DS_WORKPLACE_TRANSITION,Workplace Transition / RTO,P&C,2026-02-05,OWNERSHIP,Data Ownership,0.0,RED
DS_WORKPLACE_TRANSITION,Workplace Transition / RTO,P&C,2026-02-05,SOURCE,Data Source,75.0,AMBER
DS_WORKPLACE_TRANSITION,Workplace Transition / RTO,P&C,2026-02-05,ISSUES,Active Issues,94.0,GREEN
DS_WORKPLACE_TRANSITION,Workplace Transition / RTO,P&C,2026-02-05,TIMELINESS,Timeliness,92.98,GREEN
DS_WORKPLACE_TRANSITION,Workplace Transition / RTO,P&C,2026-02-05,COMPLETENESS_KEY_PROPS,Completeness of Key Properties,96.29,GREEN
DS_WORKPLACE_TRANSITION,Workplace Transition / RTO,P&C,2026-02-05,PROFILING,Data Profiling,62.5,AMBER
DS_WORKPLACE_TRANSITION,Workplace Transition / RTO,P&C,2026-02-05,DEFINITIONS,Data Definitions,37.8,RED
DS_WORKPLACE_TRANSITION,Workplace Transition / RTO,P&C,2026-02-05,KEY_PROPERTIES,Key Properties,100.0,GREEN
DS_WORKPLACE_TRANSITION,Workplace Transition / RTO,P&C,2026-02-05,USAGE,Usage,23.33,RED
DS_WORKPLACE_TRANSITION,Workplace Transition / RTO,P&C,2026-02-05,FEEDBACK,User Feedback,76.08,AMBER
DS_WORKPLACE_TRANSITION,Workplace Transition / RTO,P&C,2026-02-06,OWNERSHIP,Data Ownership,0.0,RED
DS_WORKPLACE_TRANSITION,Workplace Transition / RTO,P&C,2026-02-06,SOURCE,Data Source,75.0,AMBER
DS_WORKPLACE_TRANSITION,Workplace Transition / RTO,P&C,2026-02-06,ISSUES,Active Issues,87.0,GREEN
DS_WORKPLACE_TRANSITION,Workplace Transition / RTO,P&C,2026-02-06,TIMELINESS,Timeliness,88.06,GREEN
DS_WORKPLACE_TRANSITION,Workplace Transition / RTO,P&C,2026-02-06,COMPLETENESS_KEY_PROPS,Completeness of Key Properties,93.31,GREEN
DS_WORKPLACE_TRANSITION,Workplace Transition / RTO,P&C,2026-02-06,PROFILING,Data Profiling,54.17,RED
DS_WORKPLACE_TRANSITION,Workplace Transition / RTO,P&C,2026-02-06,DEFINITIONS,Data Definitions,38.3,RED
DS_WORKPLACE_TRANSITION,Workplace Transition / RTO,P&C,2026-02-06,KEY_PROPERTIES,Key Properties,100.0,GREEN
DS_WORKPLACE_TRANSITION,Workplace Transition / RTO,P&C,2026-02-06,USAGE,Usage,8.33,RED
DS_WORKPLACE_TRANSITION,Workplace Transition / RTO,P&C,2026-02-06,FEEDBACK,User Feedback,70.79,AMBER
DS_WORKPLACE_TRANSITION,Workplace Transition / RTO,P&C,2026-02-07,OWNERSHIP,Data Ownership,0.0,RED
DS_WORKPLACE_TRANSITION,Workplace Transition / RTO,P&C,2026-02-07,SOURCE,Data Source,75.0,AMBER
DS_WORKPLACE_TRANSITION,Workplace Transition / RTO,P&C,2026-02-07,ISSUES,Active Issues,98.0,GREEN
DS_WORKPLACE_TRANSITION,Workplace Transition / RTO,P&C,2026-02-07,TIMELINESS,Timeliness,94.57,GREEN
DS_WORKPLACE_TRANSITION,Workplace Transition / RTO,P&C,2026-02-07,COMPLETENESS_KEY_PROPS,Completeness of Key Properties,94.99,GREEN
DS_WORKPLACE_TRANSITION,Workplace Transition / RTO,P&C,2026-02-07,PROFILING,Data Profiling,58.33,RED
DS_WORKPLACE_TRANSITION,Workplace Transition / RTO,P&C,2026-02-07,DEFINITIONS,Data Definitions,41.67,RED
DS_WORKPLACE_TRANSITION,Workplace Transition / RTO,P&C,2026-02-07,KEY_PROPERTIES,Key Properties,100.0,GREEN
DS_WORKPLACE_TRANSITION,Workplace Transition / RTO,P&C,2026-02-07,USAGE,Usage,16.67,RED
DS_WORKPLACE_TRANSITION,Workplace Transition / RTO,P&C,2026-02-07,FEEDBACK,User Feedback,74.85,AMBER
DS_WORKPLACE_TRANSITION,Workplace Transition / RTO,P&C,2026-02-08,OWNERSHIP,Data Ownership,0.0,RED
DS_WORKPLACE_TRANSITION,Workplace Transition / RTO,P&C,2026-02-08,SOURCE,Data Source,75.0,AMBER
DS_WORKPLACE_TRANSITION,Workplace Transition / RTO,P&C,2026-02-08,ISSUES,Active Issues,98.0,GREEN
DS_WORKPLACE_TRANSITION,Workplace Transition / RTO,P&C,2026-02-08,TIMELINESS,Timeliness,94.78,GREEN
DS_WORKPLACE_TRANSITION,Workplace Transition / RTO,P&C,2026-02-08,COMPLETENESS_KEY_PROPS,Completeness of Key Properties,94.82,GREEN
DS_WORKPLACE_TRANSITION,Workplace Transition / RTO,P&C,2026-02-08,PROFILING,Data Profiling,54.17,RED
DS_WORKPLACE_TRANSITION,Workplace Transition / RTO,P&C,2026-02-08,DEFINITIONS,Data Definitions,41.91,RED
DS_WORKPLACE_TRANSITION,Workplace Transition / RTO,P&C,2026-02-08,KEY_PROPERTIES,Key Properties,100.0,GREEN
DS_WORKPLACE_TRANSITION,Workplace Transition / RTO,P&C,2026-02-08,USAGE,Usage,18.33,RED
DS_WORKPLACE_TRANSITION,Workplace Transition / RTO,P&C,2026-02-08,FEEDBACK,User Feedback,86.78,GREEN
DS_WORKPLACE_TRANSITION,Workplace Transition / RTO,P&C,2026-02-09,OWNERSHIP,Data Ownership,0.0,RED
DS_WORKPLACE_TRANSITION,Workplace Transition / RTO,P&C,2026-02-09,SOURCE,Data Source,75.0,AMBER
DS_WORKPLACE_TRANSITION,Workplace Transition / RTO,P&C,2026-02-09,ISSUES,Active Issues,96.0,GREEN
DS_WORKPLACE_TRANSITION,Workplace Transition / RTO,P&C,2026-02-09,TIMELINESS,Timeliness,95.96,GREEN
DS_WORKPLACE_TRANSITION,Workplace Transition / RTO,P&C,2026-02-09,COMPLETENESS_KEY_PROPS,Completeness of Key Properties,95.67,GREEN
DS_WORKPLACE_TRANSITION,Workplace Transition / RTO,P&C,2026-02-09,PROFILING,Data Profiling,62.5,AMBER
DS_WORKPLACE_TRANSITION,Workplace Transition / RTO,P&C,2026-02-09,DEFINITIONS,Data Definitions,38.07,RED
DS_WORKPLACE_TRANSITION,Workplace Transition / RTO,P&C,2026-02-09,KEY_PROPERTIES,Key Properties,100.0,GREEN
DS_WORKPLACE_TRANSITION,Workplace Transition / RTO,P&C,2026-02-09,USAGE,Usage,16.67,RED
DS_WORKPLACE_TRANSITION,Workplace Transition / RTO,P&C,2026-02-09,FEEDBACK,User Feedback,80.62,GREEN
DS_WORKPLACE_TRANSITION,Workplace Transition / RTO,P&C,2026-02-10,OWNERSHIP,Data Ownership,0.0,RED
DS_WORKPLACE_TRANSITION,Workplace Transition / RTO,P&C,2026-02-10,SOURCE,Data Source,75.0,AMBER
DS_WORKPLACE_TRANSITION,Workplace Transition / RTO,P&C,2026-02-10,ISSUES,Active Issues,88.0,GREEN
DS_WORKPLACE_TRANSITION,Workplace Transition / RTO,P&C,2026-02-10,TIMELINESS,Timeliness,93.32,GREEN
DS_WORKPLACE_TRANSITION,Workplace Transition / RTO,P&C,2026-02-10,COMPLETENESS_KEY_PROPS,Completeness of Key Properties,93.61,GREEN
DS_WORKPLACE_TRANSITION,Workplace Transition / RTO,P&C,2026-02-10,PROFILING,Data Profiling,54.17,RED
DS_WORKPLACE_TRANSITION,Workplace Transition / RTO,P&C,2026-02-10,DEFINITIONS,Data Definitions,36.7,RED
DS_WORKPLACE_TRANSITION,Workplace Transition / RTO,P&C,2026-02-10,KEY_PROPERTIES,Key Properties,100.0,GREEN
DS_WORKPLACE_TRANSITION,Workplace Transition / RTO,P&C,2026-02-10,USAGE,Usage,21.67,RED
DS_WORKPLACE_TRANSITION,Workplace Transition / RTO,P&C,2026-02-10,FEEDBACK,User Feedback,78.31,AMBER
DS_WORKPLACE_TRANSITION,Workplace Transition / RTO,P&C,2026-02-11,OWNERSHIP,Data Ownership,0.0,RED
DS_WORKPLACE_TRANSITION,Workplace Transition / RTO,P&C,2026-02-11,SOURCE,Data Source,75.0,AMBER
DS_WORKPLACE_TRANSITION,Workplace Transition / RTO,P&C,2026-02-11,ISSUES,Active Issues,100.0,GREEN
DS_WORKPLACE_TRANSITION,Workplace Transition / RTO,P&C,2026-02-11,TIMELINESS,Timeliness,98.11,GREEN
DS_WORKPLACE_TRANSITION,Workplace Transition / RTO,P&C,2026-02-11,COMPLETENESS_KEY_PROPS,Completeness of Key Properties,96.52,GREEN
DS_WORKPLACE_TRANSITION,Workplace Transition / RTO,P&C,2026-02-11,PROFILING,Data Profiling,62.5,AMBER
DS_WORKPLACE_TRANSITION,Workplace Transition / RTO,P&C,2026-02-11,DEFINITIONS,Data Definitions,38.83,RED
DS_WORKPLACE_TRANSITION,Workplace Transition / RTO,P&C,2026-02-11,KEY_PROPERTIES,Key Properties,100.0,GREEN
DS_WORKPLACE_TRANSITION,Workplace Transition / RTO,P&C,2026-02-11,USAGE,Usage,6.67,RED
DS_WORKPLACE_TRANSITION,Workplace Transition / RTO,P&C,2026-02-11,FEEDBACK,User Feedback,73.89,AMBER
DS_WORKPLACE_TRANSITION,Workplace Transition / RTO,P&C,2026-02-12,OWNERSHIP,Data Ownership,0.0,RED
DS_WORKPLACE_TRANSITION,Workplace Transition / RTO,P&C,2026-02-12,SOURCE,Data Source,75.0,AMBER
DS_WORKPLACE_TRANSITION,Workplace Transition / RTO,P&C,2026-02-12,ISSUES,Active Issues,94.0,GREEN
DS_WORKPLACE_TRANSITION,Workplace Transition / RTO,P&C,2026-02-12,TIMELINESS,Timeliness,91.29,GREEN
DS_WORKPLACE_TRANSITION,Workplace Transition / RTO,P&C,2026-02-12,COMPLETENESS_KEY_PROPS,Completeness of Key Properties,95.66,GREEN
DS_WORKPLACE_TRANSITION,Workplace Transition / RTO,P&C,2026-02-12,PROFILING,Data Profiling,58.33,RED
DS_WORKPLACE_TRANSITION,Workplace Transition / RTO,P&C,2026-02-12,DEFINITIONS,Data Definitions,40.44,RED
DS_WORKPLACE_TRANSITION,Workplace Transition / RTO,P&C,2026-02-12,KEY_PROPERTIES,Key Properties,100.0,GREEN
DS_WORKPLACE_TRANSITION,Workplace Transition / RTO,P&C,2026-02-12,USAGE,Usage,40.0,RED
DS_WORKPLACE_TRANSITION,Workplace Transition / RTO,P&C,2026-02-12,FEEDBACK,User Feedback,77.37,AMBER
DS_WORKPLACE_TRANSITION,Workplace Transition / RTO,P&C,2026-02-13,OWNERSHIP,Data Ownership,0.0,RED
DS_WORKPLACE_TRANSITION,Workplace Transition / RTO,P&C,2026-02-13,SOURCE,Data Source,75.0,AMBER
DS_WORKPLACE_TRANSITION,Workplace Transition / RTO,P&C,2026-02-13,ISSUES,Active Issues,99.0,GREEN
DS_WORKPLACE_TRANSITION,Workplace Transition / RTO,P&C,2026-02-13,TIMELINESS,Timeliness,90.92,GREEN
DS_WORKPLACE_TRANSITION,Workplace Transition / RTO,P&C,2026-02-13,COMPLETENESS_KEY_PROPS,Completeness of Key Properties,94.37,GREEN
DS_WORKPLACE_TRANSITION,Workplace Transition / RTO,P&C,2026-02-13,PROFILING,Data Profiling,66.67,AMBER
DS_WORKPLACE_TRANSITION,Workplace Transition / RTO,P&C,2026-02-13,DEFINITIONS,Data Definitions,37.5,RED
DS_WORKPLACE_TRANSITION,Workplace Transition / RTO,P&C,2026-02-13,KEY_PROPERTIES,Key Properties,100.0,GREEN
DS_WORKPLACE_TRANSITION,Workplace Transition / RTO,P&C,2026-02-13,USAGE,Usage,21.67,RED
DS_WORKPLACE_TRANSITION,Workplace Transition / RTO,P&C,2026-02-13,FEEDBACK,User Feedback,68.38,AMBER
DS_WORKPLACE_TRANSITION,Workplace Transition / RTO,P&C,2026-02-14,OWNERSHIP,Data Ownership,0.0,RED
DS_WORKPLACE_TRANSITION,Workplace Transition / RTO,P&C,2026-02-14,SOURCE,Data Source,75.0,AMBER
DS_WORKPLACE_TRANSITION,Workplace Transition / RTO,P&C,2026-02-14,ISSUES,Active Issues,79.0,AMBER
DS_WORKPLACE_TRANSITION,Workplace Transition / RTO,P&C,2026-02-14,TIMELINESS,Timeliness,96.36,GREEN
DS_WORKPLACE_TRANSITION,Workplace Transition / RTO,P&C,2026-02-14,COMPLETENESS_KEY_PROPS,Completeness of Key Properties,96.15,GREEN
DS_WORKPLACE_TRANSITION,Workplace Transition / RTO,P&C,2026-02-14,PROFILING,Data Profiling,58.33,RED
DS_WORKPLACE_TRANSITION,Workplace Transition / RTO,P&C,2026-02-14,DEFINITIONS,Data Definitions,39.04,RED
DS_WORKPLACE_TRANSITION,Workplace Transition / RTO,P&C,2026-02-14,KEY_PROPERTIES,Key Properties,100.0,GREEN
DS_WORKPLACE_TRANSITION,Workplace Transition / RTO,P&C,2026-02-14,USAGE,Usage,20.0,RED
DS_WORKPLACE_TRANSITION,Workplace Transition / RTO,P&C,2026-02-14,FEEDBACK,User Feedback,76.44,AMBER
DS_WORKPLACE_TRANSITION,Workplace Transition / RTO,P&C,2026-02-15,OWNERSHIP,Data Ownership,0.0,RED
DS_WORKPLACE_TRANSITION,Workplace Transition / RTO,P&C,2026-02-15,SOURCE,Data Source,75.0,AMBER
DS_WORKPLACE_TRANSITION,Workplace Transition / RTO,P&C,2026-02-15,ISSUES,Active Issues,81.0,GREEN
DS_WORKPLACE_TRANSITION,Workplace Transition / RTO,P&C,2026-02-15,TIMELINESS,Timeliness,95.31,GREEN
DS_WORKPLACE_TRANSITION,Workplace Transition / RTO,P&C,2026-02-15,COMPLETENESS_KEY_PROPS,Completeness of Key Properties,93.24,GREEN
DS_WORKPLACE_TRANSITION,Workplace Transition / RTO,P&C,2026-02-15,PROFILING,Data Profiling,58.33,RED
DS_WORKPLACE_TRANSITION,Workplace Transition / RTO,P&C,2026-02-15,DEFINITIONS,Data Definitions,42.86,RED
DS_WORKPLACE_TRANSITION,Workplace Transition / RTO,P&C,2026-02-15,KEY_PROPERTIES,Key Properties,100.0,GREEN
DS_WORKPLACE_TRANSITION,Workplace Transition / RTO,P&C,2026-02-15,USAGE,Usage,11.67,RED
DS_WORKPLACE_TRANSITION,Workplace Transition / RTO,P&C,2026-02-15,FEEDBACK,User Feedback,68.95,AMBER
DS_WORKPLACE_TRANSITION,Workplace Transition / RTO,P&C,2026-02-16,OWNERSHIP,Data Ownership,0.0,RED
DS_WORKPLACE_TRANSITION,Workplace Transition / RTO,P&C,2026-02-16,SOURCE,Data Source,75.0,AMBER
DS_WORKPLACE_TRANSITION,Workplace Transition / RTO,P&C,2026-02-16,ISSUES,Active Issues,91.0,GREEN
DS_WORKPLACE_TRANSITION,Workplace Transition / RTO,P&C,2026-02-16,TIMELINESS,Timeliness,93.39,GREEN
DS_WORKPLACE_TRANSITION,Workplace Transition / RTO,P&C,2026-02-16,COMPLETENESS_KEY_PROPS,Completeness of Key Properties,95.04,GREEN
DS_WORKPLACE_TRANSITION,Workplace Transition / RTO,P&C,2026-02-16,PROFILING,Data Profiling,66.67,AMBER
DS_WORKPLACE_TRANSITION,Workplace Transition / RTO,P&C,2026-02-16,DEFINITIONS,Data Definitions,38.46,RED
DS_WORKPLACE_TRANSITION,Workplace Transition / RTO,P&C,2026-02-16,KEY_PROPERTIES,Key Properties,100.0,GREEN
DS_WORKPLACE_TRANSITION,Workplace Transition / RTO,P&C,2026-02-16,USAGE,Usage,21.67,RED
DS_WORKPLACE_TRANSITION,Workplace Transition / RTO,P&C,2026-02-16,FEEDBACK,User Feedback,80.06,GREEN
DS_WORKPLACE_TRANSITION,Workplace Transition / RTO,P&C,2026-02-17,OWNERSHIP,Data Ownership,0.0,RED
DS_WORKPLACE_TRANSITION,Workplace Transition / RTO,P&C,2026-02-17,SOURCE,Data Source,75.0,AMBER
DS_WORKPLACE_TRANSITION,Workplace Transition / RTO,P&C,2026-02-17,ISSUES,Active Issues,90.0,GREEN
DS_WORKPLACE_TRANSITION,Workplace Transition / RTO,P&C,2026-02-17,TIMELINESS,Timeliness,92.06,GREEN
DS_WORKPLACE_TRANSITION,Workplace Transition / RTO,P&C,2026-02-17,COMPLETENESS_KEY_PROPS,Completeness of Key Properties,96.09,GREEN
DS_WORKPLACE_TRANSITION,Workplace Transition / RTO,P&C,2026-02-17,PROFILING,Data Profiling,62.5,AMBER
DS_WORKPLACE_TRANSITION,Workplace Transition / RTO,P&C,2026-02-17,DEFINITIONS,Data Definitions,41.09,RED
DS_WORKPLACE_TRANSITION,Workplace Transition / RTO,P&C,2026-02-17,KEY_PROPERTIES,Key Properties,100.0,GREEN
DS_WORKPLACE_TRANSITION,Workplace Transition / RTO,P&C,2026-02-17,USAGE,Usage,33.33,RED
DS_WORKPLACE_TRANSITION,Workplace Transition / RTO,P&C,2026-02-17,FEEDBACK,User Feedback,94.36,GREEN
DS_WORKPLACE_TRANSITION,Workplace Transition / RTO,P&C,2026-02-18,OWNERSHIP,Data Ownership,0.0,RED
DS_WORKPLACE_TRANSITION,Workplace Transition / RTO,P&C,2026-02-18,SOURCE,Data Source,75.0,AMBER
DS_WORKPLACE_TRANSITION,Workplace Transition / RTO,P&C,2026-02-18,ISSUES,Active Issues,92.0,GREEN
DS_WORKPLACE_TRANSITION,Workplace Transition / RTO,P&C,2026-02-18,TIMELINESS,Timeliness,99.03,GREEN
DS_WORKPLACE_TRANSITION,Workplace Transition / RTO,P&C,2026-02-18,COMPLETENESS_KEY_PROPS,Completeness of Key Properties,96.67,GREEN
DS_WORKPLACE_TRANSITION,Workplace Transition / RTO,P&C,2026-02-18,PROFILING,Data Profiling,70.83,AMBER
DS_WORKPLACE_TRANSITION,Workplace Transition / RTO,P&C,2026-02-18,DEFINITIONS,Data Definitions,38.71,RED
DS_WORKPLACE_TRANSITION,Workplace Transition / RTO,P&C,2026-02-18,KEY_PROPERTIES,Key Properties,100.0,GREEN
DS_WORKPLACE_TRANSITION,Workplace Transition / RTO,P&C,2026-02-18,USAGE,Usage,15.0,RED
DS_WORKPLACE_TRANSITION,Workplace Transition / RTO,P&C,2026-02-18,FEEDBACK,User Feedback,81.33,GREEN
DS_WORKPLACE_TRANSITION,Workplace Transition / RTO,P&C,2026-02-19,OWNERSHIP,Data Ownership,0.0,RED
DS_WORKPLACE_TRANSITION,Workplace Transition / RTO,P&C,2026-02-19,SOURCE,Data Source,75.0,AMBER
DS_WORKPLACE_TRANSITION,Workplace Transition / RTO,P&C,2026-02-19,ISSUES,Active Issues,94.0,GREEN
DS_WORKPLACE_TRANSITION,Workplace Transition / RTO,P&C,2026-02-19,TIMELINESS,Timeliness,92.92,GREEN
DS_WORKPLACE_TRANSITION,Workplace Transition / RTO,P&C,2026-02-19,COMPLETENESS_KEY_PROPS,Completeness of Key Properties,94.62,GREEN
DS_WORKPLACE_TRANSITION,Workplace Transition / RTO,P&C,2026-02-19,PROFILING,Data Profiling,70.83,AMBER
DS_WORKPLACE_TRANSITION,Workplace Transition / RTO,P&C,2026-02-19,DEFINITIONS,Data Definitions,38.26,RED
DS_WORKPLACE_TRANSITION,Workplace Transition / RTO,P&C,2026-02-19,KEY_PROPERTIES,Key Properties,100.0,GREEN
DS_WORKPLACE_TRANSITION,Workplace Transition / RTO,P&C,2026-02-19,USAGE,Usage,21.67,RED
DS_WORKPLACE_TRANSITION,Workplace Transition / RTO,P&C,2026-02-19,FEEDBACK,User Feedback,81.45,GREEN
DS_WORKPLACE_TRANSITION,Workplace Transition / RTO,P&C,2026-02-20,OWNERSHIP,Data Ownership,0.0,RED
DS_WORKPLACE_TRANSITION,Workplace Transition / RTO,P&C,2026-02-20,SOURCE,Data Source,75.0,AMBER
DS_WORKPLACE_TRANSITION,Workplace Transition / RTO,P&C,2026-02-20,ISSUES,Active Issues,88.0,GREEN
DS_WORKPLACE_TRANSITION,Workplace Transition / RTO,P&C,2026-02-20,TIMELINESS,Timeliness,96.89,GREEN
DS_WORKPLACE_TRANSITION,Workplace Transition / RTO,P&C,2026-02-20,COMPLETENESS_KEY_PROPS,Completeness of Key Properties,93.76,GREEN
DS_WORKPLACE_TRANSITION,Workplace Transition / RTO,P&C,2026-02-20,PROFILING,Data Profiling,62.5,AMBER
DS_WORKPLACE_TRANSITION,Workplace Transition / RTO,P&C,2026-02-20,DEFINITIONS,Data Definitions,36.92,RED
DS_WORKPLACE_TRANSITION,Workplace Transition / RTO,P&C,2026-02-20,KEY_PROPERTIES,Key Properties,100.0,GREEN
DS_WORKPLACE_TRANSITION,Workplace Transition / RTO,P&C,2026-02-20,USAGE,Usage,1.67,RED
DS_WORKPLACE_TRANSITION,Workplace Transition / RTO,P&C,2026-02-20,FEEDBACK,User Feedback,92.05,GREEN
DS_WORKPLACE_TRANSITION,Workplace Transition / RTO,P&C,2026-02-21,OWNERSHIP,Data Ownership,0.0,RED
DS_WORKPLACE_TRANSITION,Workplace Transition / RTO,P&C,2026-02-21,SOURCE,Data Source,75.0,AMBER
DS_WORKPLACE_TRANSITION,Workplace Transition / RTO,P&C,2026-02-21,ISSUES,Active Issues,100.0,GREEN
DS_WORKPLACE_TRANSITION,Workplace Transition / RTO,P&C,2026-02-21,TIMELINESS,Timeliness,96.31,GREEN
DS_WORKPLACE_TRANSITION,Workplace Transition / RTO,P&C,2026-02-21,COMPLETENESS_KEY_PROPS,Completeness of Key Properties,94.86,GREEN
DS_WORKPLACE_TRANSITION,Workplace Transition / RTO,P&C,2026-02-21,PROFILING,Data Profiling,62.5,AMBER
DS_WORKPLACE_TRANSITION,Workplace Transition / RTO,P&C,2026-02-21,DEFINITIONS,Data Definitions,37.56,RED
DS_WORKPLACE_TRANSITION,Workplace Transition / RTO,P&C,2026-02-21,KEY_PROPERTIES,Key Properties,100.0,GREEN
DS_WORKPLACE_TRANSITION,Workplace Transition / RTO,P&C,2026-02-21,USAGE,Usage,1.67,RED
DS_WORKPLACE_TRANSITION,Workplace Transition / RTO,P&C,2026-02-21,FEEDBACK,User Feedback,82.05,GREEN
DS_WORKPLACE_TRANSITION,Workplace Transition / RTO,P&C,2026-02-22,OWNERSHIP,Data Ownership,0.0,RED
DS_WORKPLACE_TRANSITION,Workplace Transition / RTO,P&C,2026-02-22,SOURCE,Data Source,75.0,AMBER
DS_WORKPLACE_TRANSITION,Workplace Transition / RTO,P&C,2026-02-22,ISSUES,Active Issues,88.0,GREEN
DS_WORKPLACE_TRANSITION,Workplace Transition / RTO,P&C,2026-02-22,TIMELINESS,Timeliness,93.42,GREEN
DS_WORKPLACE_TRANSITION,Workplace Transition / RTO,P&C,2026-02-22,COMPLETENESS_KEY_PROPS,Completeness of Key Properties,93.99,GREEN
DS_WORKPLACE_TRANSITION,Workplace Transition / RTO,P&C,2026-02-22,PROFILING,Data Profiling,70.83,AMBER
DS_WORKPLACE_TRANSITION,Workplace Transition / RTO,P&C,2026-02-22,DEFINITIONS,Data Definitions,40.62,RED
DS_WORKPLACE_TRANSITION,Workplace Transition / RTO,P&C,2026-02-22,KEY_PROPERTIES,Key Properties,100.0,GREEN
DS_WORKPLACE_TRANSITION,Workplace Transition / RTO,P&C,2026-02-22,USAGE,Usage,15.0,RED
DS_WORKPLACE_TRANSITION,Workplace Transition / RTO,P&C,2026-02-22,FEEDBACK,User Feedback,83.53,GREEN
DS_WORKPLACE_TRANSITION,Workplace Transition / RTO,P&C,2026-02-23,OWNERSHIP,Data Ownership,0.0,RED
DS_WORKPLACE_TRANSITION,Workplace Transition / RTO,P&C,2026-02-23,SOURCE,Data Source,75.0,AMBER
DS_WORKPLACE_TRANSITION,Workplace Transition / RTO,P&C,2026-02-23,ISSUES,Active Issues,91.0,GREEN
DS_WORKPLACE_TRANSITION,Workplace Transition / RTO,P&C,2026-02-23,TIMELINESS,Timeliness,100.0,GREEN
DS_WORKPLACE_TRANSITION,Workplace Transition / RTO,P&C,2026-02-23,COMPLETENESS_KEY_PROPS,Completeness of Key Properties,95.07,GREEN
DS_WORKPLACE_TRANSITION,Workplace Transition / RTO,P&C,2026-02-23,PROFILING,Data Profiling,54.17,RED
DS_WORKPLACE_TRANSITION,Workplace Transition / RTO,P&C,2026-02-23,DEFINITIONS,Data Definitions,42.86,RED
DS_WORKPLACE_TRANSITION,Workplace Transition / RTO,P&C,2026-02-23,KEY_PROPERTIES,Key Properties,100.0,GREEN
DS_WORKPLACE_TRANSITION,Workplace Transition / RTO,P&C,2026-02-23,USAGE,Usage,8.33,RED
DS_WORKPLACE_TRANSITION,Workplace Transition / RTO,P&C,2026-02-23,FEEDBACK,User Feedback,76.84,AMBER
DS_WORKPLACE_TRANSITION,Workplace Transition / RTO,P&C,2026-02-24,OWNERSHIP,Data Ownership,0.0,RED
DS_WORKPLACE_TRANSITION,Workplace Transition / RTO,P&C,2026-02-24,SOURCE,Data Source,75.0,AMBER
DS_WORKPLACE_TRANSITION,Workplace Transition / RTO,P&C,2026-02-24,ISSUES,Active Issues,84.0,GREEN
DS_WORKPLACE_TRANSITION,Workplace Transition / RTO,P&C,2026-02-24,TIMELINESS,Timeliness,99.59,GREEN
DS_WORKPLACE_TRANSITION,Workplace Transition / RTO,P&C,2026-02-24,COMPLETENESS_KEY_PROPS,Completeness of Key Properties,95.58,GREEN
DS_WORKPLACE_TRANSITION,Workplace Transition / RTO,P&C,2026-02-24,PROFILING,Data Profiling,83.33,GREEN
DS_WORKPLACE_TRANSITION,Workplace Transition / RTO,P&C,2026-02-24,DEFINITIONS,Data Definitions,40.54,RED
DS_WORKPLACE_TRANSITION,Workplace Transition / RTO,P&C,2026-02-24,KEY_PROPERTIES,Key Properties,100.0,GREEN
DS_WORKPLACE_TRANSITION,Workplace Transition / RTO,P&C,2026-02-24,USAGE,Usage,15.0,RED
DS_WORKPLACE_TRANSITION,Workplace Transition / RTO,P&C,2026-02-24,FEEDBACK,User Feedback,96.22,GREEN
DS_WORKPLACE_TRANSITION,Workplace Transition / RTO,P&C,2026-02-25,OWNERSHIP,Data Ownership,0.0,RED
DS_WORKPLACE_TRANSITION,Workplace Transition / RTO,P&C,2026-02-25,SOURCE,Data Source,75.0,AMBER
DS_WORKPLACE_TRANSITION,Workplace Transition / RTO,P&C,2026-02-25,ISSUES,Active Issues,100.0,GREEN
DS_WORKPLACE_TRANSITION,Workplace Transition / RTO,P&C,2026-02-25,TIMELINESS,Timeliness,93.67,GREEN
DS_WORKPLACE_TRANSITION,Workplace Transition / RTO,P&C,2026-02-25,COMPLETENESS_KEY_PROPS,Completeness of Key Properties,97.66,GREEN
DS_WORKPLACE_TRANSITION,Workplace Transition / RTO,P&C,2026-02-25,PROFILING,Data Profiling,62.5,AMBER
DS_WORKPLACE_TRANSITION,Workplace Transition / RTO,P&C,2026-02-25,DEFINITIONS,Data Definitions,39.29,RED
DS_WORKPLACE_TRANSITION,Workplace Transition / RTO,P&C,2026-02-25,KEY_PROPERTIES,Key Properties,100.0,GREEN
DS_WORKPLACE_TRANSITION,Workplace Transition / RTO,P&C,2026-02-25,USAGE,Usage,8.33,RED
DS_WORKPLACE_TRANSITION,Workplace Transition / RTO,P&C,2026-02-25,FEEDBACK,User Feedback,80.84,GREEN
DS_WORKPLACE_TRANSITION,Workplace Transition / RTO,P&C,2026-02-26,OWNERSHIP,Data Ownership,0.0,RED
DS_WORKPLACE_TRANSITION,Workplace Transition / RTO,P&C,2026-02-26,SOURCE,Data Source,75.0,AMBER
DS_WORKPLACE_TRANSITION,Workplace Transition / RTO,P&C,2026-02-26,ISSUES,Active Issues,81.0,GREEN
DS_WORKPLACE_TRANSITION,Workplace Transition / RTO,P&C,2026-02-26,TIMELINESS,Timeliness,100.0,GREEN
DS_WORKPLACE_TRANSITION,Workplace Transition / RTO,P&C,2026-02-26,COMPLETENESS_KEY_PROPS,Completeness of Key Properties,95.42,GREEN
DS_WORKPLACE_TRANSITION,Workplace Transition / RTO,P&C,2026-02-26,PROFILING,Data Profiling,58.33,RED
DS_WORKPLACE_TRANSITION,Workplace Transition / RTO,P&C,2026-02-26,DEFINITIONS,Data Definitions,36.62,RED
DS_WORKPLACE_TRANSITION,Workplace Transition / RTO,P&C,2026-02-26,KEY_PROPERTIES,Key Properties,100.0,GREEN
DS_WORKPLACE_TRANSITION,Workplace Transition / RTO,P&C,2026-02-26,USAGE,Usage,25.0,RED
DS_WORKPLACE_TRANSITION,Workplace Transition / RTO,P&C,2026-02-26,FEEDBACK,User Feedback,76.67,AMBER
DS_WORKPLACE_TRANSITION,Workplace Transition / RTO,P&C,2026-02-27,OWNERSHIP,Data Ownership,0.0,RED
DS_WORKPLACE_TRANSITION,Workplace Transition / RTO,P&C,2026-02-27,SOURCE,Data Source,75.0,AMBER
DS_WORKPLACE_TRANSITION,Workplace Transition / RTO,P&C,2026-02-27,ISSUES,Active Issues,94.0,GREEN
DS_WORKPLACE_TRANSITION,Workplace Transition / RTO,P&C,2026-02-27,TIMELINESS,Timeliness,92.11,GREEN
DS_WORKPLACE_TRANSITION,Workplace Transition / RTO,P&C,2026-02-27,COMPLETENESS_KEY_PROPS,Completeness of Key Properties,97.7,GREEN
DS_WORKPLACE_TRANSITION,Workplace Transition / RTO,P&C,2026-02-27,PROFILING,Data Profiling,79.17,AMBER
DS_WORKPLACE_TRANSITION,Workplace Transition / RTO,P&C,2026-02-27,DEFINITIONS,Data Definitions,42.37,RED
DS_WORKPLACE_TRANSITION,Workplace Transition / RTO,P&C,2026-02-27,KEY_PROPERTIES,Key Properties,100.0,GREEN
DS_WORKPLACE_TRANSITION,Workplace Transition / RTO,P&C,2026-02-27,USAGE,Usage,3.33,RED
DS_WORKPLACE_TRANSITION,Workplace Transition / RTO,P&C,2026-02-27,FEEDBACK,User Feedback,88.97,GREEN
DS_WORKPLACE_TRANSITION,Workplace Transition / RTO,P&C,2026-02-28,OWNERSHIP,Data Ownership,0.0,RED
DS_WORKPLACE_TRANSITION,Workplace Transition / RTO,P&C,2026-02-28,SOURCE,Data Source,75.0,AMBER
DS_WORKPLACE_TRANSITION,Workplace Transition / RTO,P&C,2026-02-28,ISSUES,Active Issues,92.0,GREEN
DS_WORKPLACE_TRANSITION,Workplace Transition / RTO,P&C,2026-02-28,TIMELINESS,Timeliness,100.0,GREEN
DS_WORKPLACE_TRANSITION,Workplace Transition / RTO,P&C,2026-02-28,COMPLETENESS_KEY_PROPS,Completeness of Key Properties,94.51,GREEN
DS_WORKPLACE_TRANSITION,Workplace Transition / RTO,P&C,2026-02-28,PROFILING,Data Profiling,62.5,AMBER
DS_WORKPLACE_TRANSITION,Workplace Transition / RTO,P&C,2026-02-28,DEFINITIONS,Data Definitions,40.67,RED
DS_WORKPLACE_TRANSITION,Workplace Transition / RTO,P&C,2026-02-28,KEY_PROPERTIES,Key Properties,100.0,GREEN
DS_WORKPLACE_TRANSITION,Workplace Transition / RTO,P&C,2026-02-28,USAGE,Usage,18.33,RED
DS_WORKPLACE_TRANSITION,Workplace Transition / RTO,P&C,2026-02-28,FEEDBACK,User Feedback,91.44,GREEN
DS_WORKPLACE_TRANSITION,Workplace Transition / RTO,P&C,2026-03-01,OWNERSHIP,Data Ownership,0.0,RED
DS_WORKPLACE_TRANSITION,Workplace Transition / RTO,P&C,2026-03-01,SOURCE,Data Source,75.0,AMBER
DS_WORKPLACE_TRANSITION,Workplace Transition / RTO,P&C,2026-03-01,ISSUES,Active Issues,59.0,RED
DS_WORKPLACE_TRANSITION,Workplace Transition / RTO,P&C,2026-03-01,TIMELINESS,Timeliness,93.72,GREEN
DS_WORKPLACE_TRANSITION,Workplace Transition / RTO,P&C,2026-03-01,COMPLETENESS_KEY_PROPS,Completeness of Key Properties,94.08,GREEN
DS_WORKPLACE_TRANSITION,Workplace Transition / RTO,P&C,2026-03-01,PROFILING,Data Profiling,50.0,RED
DS_WORKPLACE_TRANSITION,Workplace Transition / RTO,P&C,2026-03-01,DEFINITIONS,Data Definitions,37.01,RED
DS_WORKPLACE_TRANSITION,Workplace Transition / RTO,P&C,2026-03-01,KEY_PROPERTIES,Key Properties,100.0,GREEN
DS_WORKPLACE_TRANSITION,Workplace Transition / RTO,P&C,2026-03-01,USAGE,Usage,8.33,RED
DS_WORKPLACE_TRANSITION,Workplace Transition / RTO,P&C,2026-03-01,FEEDBACK,User Feedback,54.85,RED
DS_WORKPLACE_TRANSITION,Workplace Transition / RTO,P&C,2026-03-02,OWNERSHIP,Data Ownership,0.0,RED
DS_WORKPLACE_TRANSITION,Workplace Transition / RTO,P&C,2026-03-02,SOURCE,Data Source,75.0,AMBER
DS_WORKPLACE_TRANSITION,Workplace Transition / RTO,P&C,2026-03-02,ISSUES,Active Issues,96.0,GREEN
DS_WORKPLACE_TRANSITION,Workplace Transition / RTO,P&C,2026-03-02,TIMELINESS,Timeliness,100.0,GREEN
DS_WORKPLACE_TRANSITION,Workplace Transition / RTO,P&C,2026-03-02,COMPLETENESS_KEY_PROPS,Completeness of Key Properties,93.85,GREEN
DS_WORKPLACE_TRANSITION,Workplace Transition / RTO,P&C,2026-03-02,PROFILING,Data Profiling,70.83,AMBER
DS_WORKPLACE_TRANSITION,Workplace Transition / RTO,P&C,2026-03-02,DEFINITIONS,Data Definitions,41.86,RED
DS_WORKPLACE_TRANSITION,Workplace Transition / RTO,P&C,2026-03-02,KEY_PROPERTIES,Key Properties,100.0,GREEN
DS_WORKPLACE_TRANSITION,Workplace Transition / RTO,P&C,2026-03-02,USAGE,Usage,16.67,RED
DS_WORKPLACE_TRANSITION,Workplace Transition / RTO,P&C,2026-03-02,FEEDBACK,User Feedback,78.41,AMBER
DS_WORKPLACE_TRANSITION,Workplace Transition / RTO,P&C,2026-03-03,OWNERSHIP,Data Ownership,0.0,RED
DS_WORKPLACE_TRANSITION,Workplace Transition / RTO,P&C,2026-03-03,SOURCE,Data Source,75.0,AMBER
DS_WORKPLACE_TRANSITION,Workplace Transition / RTO,P&C,2026-03-03,ISSUES,Active Issues,76.0,AMBER
DS_WORKPLACE_TRANSITION,Workplace Transition / RTO,P&C,2026-03-03,TIMELINESS,Timeliness,90.69,GREEN
DS_WORKPLACE_TRANSITION,Workplace Transition / RTO,P&C,2026-03-03,COMPLETENESS_KEY_PROPS,Completeness of Key Properties,93.24,GREEN
DS_WORKPLACE_TRANSITION,Workplace Transition / RTO,P&C,2026-03-03,PROFILING,Data Profiling,75.0,AMBER
DS_WORKPLACE_TRANSITION,Workplace Transition / RTO,P&C,2026-03-03,DEFINITIONS,Data Definitions,37.67,RED
DS_WORKPLACE_TRANSITION,Workplace Transition / RTO,P&C,2026-03-03,KEY_PROPERTIES,Key Properties,100.0,GREEN
DS_WORKPLACE_TRANSITION,Workplace Transition / RTO,P&C,2026-03-03,USAGE,Usage,13.33,RED
DS_WORKPLACE_TRANSITION,Workplace Transition / RTO,P&C,2026-03-03,FEEDBACK,User Feedback,86.93,GREEN
DS_WORKPLACE_TRANSITION,Workplace Transition / RTO,P&C,2026-03-04,OWNERSHIP,Data Ownership,0.0,RED
DS_WORKPLACE_TRANSITION,Workplace Transition / RTO,P&C,2026-03-04,SOURCE,Data Source,75.0,AMBER
DS_WORKPLACE_TRANSITION,Workplace Transition / RTO,P&C,2026-03-04,ISSUES,Active Issues,77.0,AMBER
DS_WORKPLACE_TRANSITION,Workplace Transition / RTO,P&C,2026-03-04,TIMELINESS,Timeliness,96.9,GREEN
DS_WORKPLACE_TRANSITION,Workplace Transition / RTO,P&C,2026-03-04,COMPLETENESS_KEY_PROPS,Completeness of Key Properties,93.79,GREEN
DS_WORKPLACE_TRANSITION,Workplace Transition / RTO,P&C,2026-03-04,PROFILING,Data Profiling,54.17,RED
DS_WORKPLACE_TRANSITION,Workplace Transition / RTO,P&C,2026-03-04,DEFINITIONS,Data Definitions,38.14,RED
DS_WORKPLACE_TRANSITION,Workplace Transition / RTO,P&C,2026-03-04,KEY_PROPERTIES,Key Properties,100.0,GREEN
DS_WORKPLACE_TRANSITION,Workplace Transition / RTO,P&C,2026-03-04,USAGE,Usage,26.67,RED
DS_WORKPLACE_TRANSITION,Workplace Transition / RTO,P&C,2026-03-04,FEEDBACK,User Feedback,81.19,GREEN
DS_WORKPLACE_TRANSITION,Workplace Transition / RTO,P&C,2026-03-05,OWNERSHIP,Data Ownership,0.0,RED
DS_WORKPLACE_TRANSITION,Workplace Transition / RTO,P&C,2026-03-05,SOURCE,Data Source,75.0,AMBER
DS_WORKPLACE_TRANSITION,Workplace Transition / RTO,P&C,2026-03-05,ISSUES,Active Issues,95.0,GREEN
DS_WORKPLACE_TRANSITION,Workplace Transition / RTO,P&C,2026-03-05,TIMELINESS,Timeliness,99.13,GREEN
DS_WORKPLACE_TRANSITION,Workplace Transition / RTO,P&C,2026-03-05,COMPLETENESS_KEY_PROPS,Completeness of Key Properties,95.7,GREEN
DS_WORKPLACE_TRANSITION,Workplace Transition / RTO,P&C,2026-03-05,PROFILING,Data Profiling,66.67,AMBER
DS_WORKPLACE_TRANSITION,Workplace Transition / RTO,P&C,2026-03-05,DEFINITIONS,Data Definitions,37.02,RED
DS_WORKPLACE_TRANSITION,Workplace Transition / RTO,P&C,2026-03-05,KEY_PROPERTIES,Key Properties,100.0,GREEN
DS_WORKPLACE_TRANSITION,Workplace Transition / RTO,P&C,2026-03-05,USAGE,Usage,13.33,RED
DS_WORKPLACE_TRANSITION,Workplace Transition / RTO,P&C,2026-03-05,FEEDBACK,User Feedback,72.17,AMBER
DS_WORKPLACE_TRANSITION,Workplace Transition / RTO,P&C,2026-03-06,OWNERSHIP,Data Ownership,0.0,RED
DS_WORKPLACE_TRANSITION,Workplace Transition / RTO,P&C,2026-03-06,SOURCE,Data Source,75.0,AMBER
DS_WORKPLACE_TRANSITION,Workplace Transition / RTO,P&C,2026-03-06,ISSUES,Active Issues,87.0,GREEN
DS_WORKPLACE_TRANSITION,Workplace Transition / RTO,P&C,2026-03-06,TIMELINESS,Timeliness,97.12,GREEN
DS_WORKPLACE_TRANSITION,Workplace Transition / RTO,P&C,2026-03-06,COMPLETENESS_KEY_PROPS,Completeness of Key Properties,96.67,GREEN
DS_WORKPLACE_TRANSITION,Workplace Transition / RTO,P&C,2026-03-06,PROFILING,Data Profiling,58.33,RED
DS_WORKPLACE_TRANSITION,Workplace Transition / RTO,P&C,2026-03-06,DEFINITIONS,Data Definitions,42.0,RED
DS_WORKPLACE_TRANSITION,Workplace Transition / RTO,P&C,2026-03-06,KEY_PROPERTIES,Key Properties,100.0,GREEN
DS_WORKPLACE_TRANSITION,Workplace Transition / RTO,P&C,2026-03-06,USAGE,Usage,0.0,RED
DS_WORKPLACE_TRANSITION,Workplace Transition / RTO,P&C,2026-03-06,FEEDBACK,User Feedback,79.88,AMBER
DS_WORKPLACE_TRANSITION,Workplace Transition / RTO,P&C,2026-03-07,OWNERSHIP,Data Ownership,0.0,RED
DS_WORKPLACE_TRANSITION,Workplace Transition / RTO,P&C,2026-03-07,SOURCE,Data Source,75.0,AMBER
DS_WORKPLACE_TRANSITION,Workplace Transition / RTO,P&C,2026-03-07,ISSUES,Active Issues,82.0,GREEN
DS_WORKPLACE_TRANSITION,Workplace Transition / RTO,P&C,2026-03-07,TIMELINESS,Timeliness,94.94,GREEN
DS_WORKPLACE_TRANSITION,Workplace Transition / RTO,P&C,2026-03-07,COMPLETENESS_KEY_PROPS,Completeness of Key Properties,95.72,GREEN
DS_WORKPLACE_TRANSITION,Workplace Transition / RTO,P&C,2026-03-07,PROFILING,Data Profiling,70.83,AMBER
DS_WORKPLACE_TRANSITION,Workplace Transition / RTO,P&C,2026-03-07,DEFINITIONS,Data Definitions,36.87,RED
DS_WORKPLACE_TRANSITION,Workplace Transition / RTO,P&C,2026-03-07,KEY_PROPERTIES,Key Properties,100.0,GREEN
DS_WORKPLACE_TRANSITION,Workplace Transition / RTO,P&C,2026-03-07,USAGE,Usage,23.33,RED
DS_WORKPLACE_TRANSITION,Workplace Transition / RTO,P&C,2026-03-07,FEEDBACK,User Feedback,81.81,GREEN
DS_WORKPLACE_TRANSITION,Workplace Transition / RTO,P&C,2026-03-08,OWNERSHIP,Data Ownership,0.0,RED
DS_WORKPLACE_TRANSITION,Workplace Transition / RTO,P&C,2026-03-08,SOURCE,Data Source,75.0,AMBER
DS_WORKPLACE_TRANSITION,Workplace Transition / RTO,P&C,2026-03-08,ISSUES,Active Issues,85.0,GREEN
DS_WORKPLACE_TRANSITION,Workplace Transition / RTO,P&C,2026-03-08,TIMELINESS,Timeliness,97.64,GREEN
DS_WORKPLACE_TRANSITION,Workplace Transition / RTO,P&C,2026-03-08,COMPLETENESS_KEY_PROPS,Completeness of Key Properties,94.56,GREEN
DS_WORKPLACE_TRANSITION,Workplace Transition / RTO,P&C,2026-03-08,PROFILING,Data Profiling,58.33,RED
DS_WORKPLACE_TRANSITION,Workplace Transition / RTO,P&C,2026-03-08,DEFINITIONS,Data Definitions,38.57,RED
DS_WORKPLACE_TRANSITION,Workplace Transition / RTO,P&C,2026-03-08,KEY_PROPERTIES,Key Properties,100.0,GREEN
DS_WORKPLACE_TRANSITION,Workplace Transition / RTO,P&C,2026-03-08,USAGE,Usage,21.67,RED
DS_WORKPLACE_TRANSITION,Workplace Transition / RTO,P&C,2026-03-08,FEEDBACK,User Feedback,96.17,GREEN
DS_WORKPLACE_TRANSITION,Workplace Transition / RTO,P&C,2026-03-09,OWNERSHIP,Data Ownership,0.0,RED
DS_WORKPLACE_TRANSITION,Workplace Transition / RTO,P&C,2026-03-09,SOURCE,Data Source,75.0,AMBER
DS_WORKPLACE_TRANSITION,Workplace Transition / RTO,P&C,2026-03-09,ISSUES,Active Issues,71.0,AMBER
DS_WORKPLACE_TRANSITION,Workplace Transition / RTO,P&C,2026-03-09,TIMELINESS,Timeliness,100.0,GREEN
DS_WORKPLACE_TRANSITION,Workplace Transition / RTO,P&C,2026-03-09,COMPLETENESS_KEY_PROPS,Completeness of Key Properties,93.18,GREEN
DS_WORKPLACE_TRANSITION,Workplace Transition / RTO,P&C,2026-03-09,PROFILING,Data Profiling,75.0,AMBER
DS_WORKPLACE_TRANSITION,Workplace Transition / RTO,P&C,2026-03-09,DEFINITIONS,Data Definitions,33.87,RED
DS_WORKPLACE_TRANSITION,Workplace Transition / RTO,P&C,2026-03-09,KEY_PROPERTIES,Key Properties,100.0,GREEN
DS_WORKPLACE_TRANSITION,Workplace Transition / RTO,P&C,2026-03-09,USAGE,Usage,21.67,RED
DS_WORKPLACE_TRANSITION,Workplace Transition / RTO,P&C,2026-03-09,FEEDBACK,User Feedback,73.35,AMBER
DS_WORKPLACE_TRANSITION,Workplace Transition / RTO,P&C,2026-03-10,OWNERSHIP,Data Ownership,0.0,RED
DS_WORKPLACE_TRANSITION,Workplace Transition / RTO,P&C,2026-03-10,SOURCE,Data Source,75.0,AMBER
DS_WORKPLACE_TRANSITION,Workplace Transition / RTO,P&C,2026-03-10,ISSUES,Active Issues,94.0,GREEN
DS_WORKPLACE_TRANSITION,Workplace Transition / RTO,P&C,2026-03-10,TIMELINESS,Timeliness,99.16,GREEN
DS_WORKPLACE_TRANSITION,Workplace Transition / RTO,P&C,2026-03-10,COMPLETENESS_KEY_PROPS,Completeness of Key Properties,94.07,GREEN
DS_WORKPLACE_TRANSITION,Workplace Transition / RTO,P&C,2026-03-10,PROFILING,Data Profiling,62.5,AMBER
DS_WORKPLACE_TRANSITION,Workplace Transition / RTO,P&C,2026-03-10,DEFINITIONS,Data Definitions,38.96,RED
DS_WORKPLACE_TRANSITION,Workplace Transition / RTO,P&C,2026-03-10,KEY_PROPERTIES,Key Properties,100.0,GREEN
DS_WORKPLACE_TRANSITION,Workplace Transition / RTO,P&C,2026-03-10,USAGE,Usage,21.67,RED
DS_WORKPLACE_TRANSITION,Workplace Transition / RTO,P&C,2026-03-10,FEEDBACK,User Feedback,74.73,AMBER
DS_WORKPLACE_TRANSITION,Workplace Transition / RTO,P&C,2026-03-11,OWNERSHIP,Data Ownership,0.0,RED
DS_WORKPLACE_TRANSITION,Workplace Transition / RTO,P&C,2026-03-11,SOURCE,Data Source,75.0,AMBER
DS_WORKPLACE_TRANSITION,Workplace Transition / RTO,P&C,2026-03-11,ISSUES,Active Issues,86.0,GREEN
DS_WORKPLACE_TRANSITION,Workplace Transition / RTO,P&C,2026-03-11,TIMELINESS,Timeliness,91.39,GREEN
DS_WORKPLACE_TRANSITION,Workplace Transition / RTO,P&C,2026-03-11,COMPLETENESS_KEY_PROPS,Completeness of Key Properties,96.43,GREEN
DS_WORKPLACE_TRANSITION,Workplace Transition / RTO,P&C,2026-03-11,PROFILING,Data Profiling,62.5,AMBER
DS_WORKPLACE_TRANSITION,Workplace Transition / RTO,P&C,2026-03-11,DEFINITIONS,Data Definitions,42.07,RED
DS_WORKPLACE_TRANSITION,Workplace Transition / RTO,P&C,2026-03-11,KEY_PROPERTIES,Key Properties,100.0,GREEN
DS_WORKPLACE_TRANSITION,Workplace Transition / RTO,P&C,2026-03-11,USAGE,Usage,51.67,RED
DS_WORKPLACE_TRANSITION,Workplace Transition / RTO,P&C,2026-03-11,FEEDBACK,User Feedback,71.03,AMBER
DS_WORKPLACE_TRANSITION,Workplace Transition / RTO,P&C,2026-03-12,OWNERSHIP,Data Ownership,0.0,RED
DS_WORKPLACE_TRANSITION,Workplace Transition / RTO,P&C,2026-03-12,SOURCE,Data Source,75.0,AMBER
DS_WORKPLACE_TRANSITION,Workplace Transition / RTO,P&C,2026-03-12,ISSUES,Active Issues,90.0,GREEN
DS_WORKPLACE_TRANSITION,Workplace Transition / RTO,P&C,2026-03-12,TIMELINESS,Timeliness,93.99,GREEN
DS_WORKPLACE_TRANSITION,Workplace Transition / RTO,P&C,2026-03-12,COMPLETENESS_KEY_PROPS,Completeness of Key Properties,96.35,GREEN
DS_WORKPLACE_TRANSITION,Workplace Transition / RTO,P&C,2026-03-12,PROFILING,Data Profiling,58.33,RED
DS_WORKPLACE_TRANSITION,Workplace Transition / RTO,P&C,2026-03-12,DEFINITIONS,Data Definitions,38.81,RED
DS_WORKPLACE_TRANSITION,Workplace Transition / RTO,P&C,2026-03-12,KEY_PROPERTIES,Key Properties,100.0,GREEN
DS_WORKPLACE_TRANSITION,Workplace Transition / RTO,P&C,2026-03-12,USAGE,Usage,23.33,RED
DS_WORKPLACE_TRANSITION,Workplace Transition / RTO,P&C,2026-03-12,FEEDBACK,User Feedback,83.92,GREEN
DS_WORKPLACE_TRANSITION,Workplace Transition / RTO,P&C,2026-03-13,OWNERSHIP,Data Ownership,0.0,RED
DS_WORKPLACE_TRANSITION,Workplace Transition / RTO,P&C,2026-03-13,SOURCE,Data Source,75.0,AMBER
DS_WORKPLACE_TRANSITION,Workplace Transition / RTO,P&C,2026-03-13,ISSUES,Active Issues,83.0,GREEN
DS_WORKPLACE_TRANSITION,Workplace Transition / RTO,P&C,2026-03-13,TIMELINESS,Timeliness,97.59,GREEN
DS_WORKPLACE_TRANSITION,Workplace Transition / RTO,P&C,2026-03-13,COMPLETENESS_KEY_PROPS,Completeness of Key Properties,96.78,GREEN
DS_WORKPLACE_TRANSITION,Workplace Transition / RTO,P&C,2026-03-13,PROFILING,Data Profiling,62.5,AMBER
DS_WORKPLACE_TRANSITION,Workplace Transition / RTO,P&C,2026-03-13,DEFINITIONS,Data Definitions,40.13,RED
DS_WORKPLACE_TRANSITION,Workplace Transition / RTO,P&C,2026-03-13,KEY_PROPERTIES,Key Properties,100.0,GREEN
DS_WORKPLACE_TRANSITION,Workplace Transition / RTO,P&C,2026-03-13,USAGE,Usage,18.33,RED
DS_WORKPLACE_TRANSITION,Workplace Transition / RTO,P&C,2026-03-13,FEEDBACK,User Feedback,71.36,AMBER
DS_WORKPLACE_TRANSITION,Workplace Transition / RTO,P&C,2026-03-14,OWNERSHIP,Data Ownership,0.0,RED
DS_WORKPLACE_TRANSITION,Workplace Transition / RTO,P&C,2026-03-14,SOURCE,Data Source,75.0,AMBER
DS_WORKPLACE_TRANSITION,Workplace Transition / RTO,P&C,2026-03-14,ISSUES,Active Issues,98.0,GREEN
DS_WORKPLACE_TRANSITION,Workplace Transition / RTO,P&C,2026-03-14,TIMELINESS,Timeliness,95.06,GREEN
DS_WORKPLACE_TRANSITION,Workplace Transition / RTO,P&C,2026-03-14,COMPLETENESS_KEY_PROPS,Completeness of Key Properties,95.09,GREEN
DS_WORKPLACE_TRANSITION,Workplace Transition / RTO,P&C,2026-03-14,PROFILING,Data Profiling,58.33,RED
DS_WORKPLACE_TRANSITION,Workplace Transition / RTO,P&C,2026-03-14,DEFINITIONS,Data Definitions,40.86,RED
DS_WORKPLACE_TRANSITION,Workplace Transition / RTO,P&C,2026-03-14,KEY_PROPERTIES,Key Properties,100.0,GREEN
DS_WORKPLACE_TRANSITION,Workplace Transition / RTO,P&C,2026-03-14,USAGE,Usage,0.0,RED
DS_WORKPLACE_TRANSITION,Workplace Transition / RTO,P&C,2026-03-14,FEEDBACK,User Feedback,61.22,AMBER
DS_WORKPLACE_TRANSITION,Workplace Transition / RTO,P&C,2026-03-15,OWNERSHIP,Data Ownership,0.0,RED
DS_WORKPLACE_TRANSITION,Workplace Transition / RTO,P&C,2026-03-15,SOURCE,Data Source,75.0,AMBER
DS_WORKPLACE_TRANSITION,Workplace Transition / RTO,P&C,2026-03-15,ISSUES,Active Issues,87.0,GREEN
DS_WORKPLACE_TRANSITION,Workplace Transition / RTO,P&C,2026-03-15,TIMELINESS,Timeliness,98.56,GREEN
DS_WORKPLACE_TRANSITION,Workplace Transition / RTO,P&C,2026-03-15,COMPLETENESS_KEY_PROPS,Completeness of Key Properties,96.57,GREEN
DS_WORKPLACE_TRANSITION,Workplace Transition / RTO,P&C,2026-03-15,PROFILING,Data Profiling,62.5,AMBER
DS_WORKPLACE_TRANSITION,Workplace Transition / RTO,P&C,2026-03-15,DEFINITIONS,Data Definitions,37.21,RED
DS_WORKPLACE_TRANSITION,Workplace Transition / RTO,P&C,2026-03-15,KEY_PROPERTIES,Key Properties,100.0,GREEN
DS_WORKPLACE_TRANSITION,Workplace Transition / RTO,P&C,2026-03-15,USAGE,Usage,11.67,RED
DS_WORKPLACE_TRANSITION,Workplace Transition / RTO,P&C,2026-03-15,FEEDBACK,User Feedback,75.37,AMBER
DS_WORKPLACE_TRANSITION,Workplace Transition / RTO,P&C,2026-03-16,OWNERSHIP,Data Ownership,0.0,RED
DS_WORKPLACE_TRANSITION,Workplace Transition / RTO,P&C,2026-03-16,SOURCE,Data Source,75.0,AMBER
DS_WORKPLACE_TRANSITION,Workplace Transition / RTO,P&C,2026-03-16,ISSUES,Active Issues,86.0,GREEN
DS_WORKPLACE_TRANSITION,Workplace Transition / RTO,P&C,2026-03-16,TIMELINESS,Timeliness,100.0,GREEN
DS_WORKPLACE_TRANSITION,Workplace Transition / RTO,P&C,2026-03-16,COMPLETENESS_KEY_PROPS,Completeness of Key Properties,93.68,GREEN
DS_WORKPLACE_TRANSITION,Workplace Transition / RTO,P&C,2026-03-16,PROFILING,Data Profiling,58.33,RED
DS_WORKPLACE_TRANSITION,Workplace Transition / RTO,P&C,2026-03-16,DEFINITIONS,Data Definitions,47.17,RED
DS_WORKPLACE_TRANSITION,Workplace Transition / RTO,P&C,2026-03-16,KEY_PROPERTIES,Key Properties,100.0,GREEN
DS_WORKPLACE_TRANSITION,Workplace Transition / RTO,P&C,2026-03-16,USAGE,Usage,26.67,RED
DS_WORKPLACE_TRANSITION,Workplace Transition / RTO,P&C,2026-03-16,FEEDBACK,User Feedback,73.31,AMBER
DS_WORKPLACE_TRANSITION,Workplace Transition / RTO,P&C,2026-03-17,OWNERSHIP,Data Ownership,0.0,RED
DS_WORKPLACE_TRANSITION,Workplace Transition / RTO,P&C,2026-03-17,SOURCE,Data Source,75.0,AMBER
DS_WORKPLACE_TRANSITION,Workplace Transition / RTO,P&C,2026-03-17,ISSUES,Active Issues,92.0,GREEN
DS_WORKPLACE_TRANSITION,Workplace Transition / RTO,P&C,2026-03-17,TIMELINESS,Timeliness,92.86,GREEN
DS_WORKPLACE_TRANSITION,Workplace Transition / RTO,P&C,2026-03-17,COMPLETENESS_KEY_PROPS,Completeness of Key Properties,91.13,GREEN
DS_WORKPLACE_TRANSITION,Workplace Transition / RTO,P&C,2026-03-17,PROFILING,Data Profiling,54.17,RED
DS_WORKPLACE_TRANSITION,Workplace Transition / RTO,P&C,2026-03-17,DEFINITIONS,Data Definitions,43.06,RED
DS_WORKPLACE_TRANSITION,Workplace Transition / RTO,P&C,2026-03-17,KEY_PROPERTIES,Key Properties,100.0,GREEN
DS_WORKPLACE_TRANSITION,Workplace Transition / RTO,P&C,2026-03-17,USAGE,Usage,10.0,RED
DS_WORKPLACE_TRANSITION,Workplace Transition / RTO,P&C,2026-03-17,FEEDBACK,User Feedback,96.5,GREEN
DS_WORKPLACE_TRANSITION,Workplace Transition / RTO,P&C,2026-03-18,OWNERSHIP,Data Ownership,0.0,RED
DS_WORKPLACE_TRANSITION,Workplace Transition / RTO,P&C,2026-03-18,SOURCE,Data Source,75.0,AMBER
DS_WORKPLACE_TRANSITION,Workplace Transition / RTO,P&C,2026-03-18,ISSUES,Active Issues,89.0,GREEN
DS_WORKPLACE_TRANSITION,Workplace Transition / RTO,P&C,2026-03-18,TIMELINESS,Timeliness,97.91,GREEN
DS_WORKPLACE_TRANSITION,Workplace Transition / RTO,P&C,2026-03-18,COMPLETENESS_KEY_PROPS,Completeness of Key Properties,95.84,GREEN
DS_WORKPLACE_TRANSITION,Workplace Transition / RTO,P&C,2026-03-18,PROFILING,Data Profiling,79.17,AMBER
DS_WORKPLACE_TRANSITION,Workplace Transition / RTO,P&C,2026-03-18,DEFINITIONS,Data Definitions,36.54,RED
DS_WORKPLACE_TRANSITION,Workplace Transition / RTO,P&C,2026-03-18,KEY_PROPERTIES,Key Properties,100.0,GREEN
DS_WORKPLACE_TRANSITION,Workplace Transition / RTO,P&C,2026-03-18,USAGE,Usage,16.67,RED
DS_WORKPLACE_TRANSITION,Workplace Transition / RTO,P&C,2026-03-18,FEEDBACK,User Feedback,82.35,GREEN
DS_WORKPLACE_TRANSITION,Workplace Transition / RTO,P&C,2026-03-19,OWNERSHIP,Data Ownership,0.0,RED
DS_WORKPLACE_TRANSITION,Workplace Transition / RTO,P&C,2026-03-19,SOURCE,Data Source,75.0,AMBER
DS_WORKPLACE_TRANSITION,Workplace Transition / RTO,P&C,2026-03-19,ISSUES,Active Issues,87.0,GREEN
DS_WORKPLACE_TRANSITION,Workplace Transition / RTO,P&C,2026-03-19,TIMELINESS,Timeliness,94.78,GREEN
DS_WORKPLACE_TRANSITION,Workplace Transition / RTO,P&C,2026-03-19,COMPLETENESS_KEY_PROPS,Completeness of Key Properties,94.1,GREEN
DS_WORKPLACE_TRANSITION,Workplace Transition / RTO,P&C,2026-03-19,PROFILING,Data Profiling,50.0,RED
DS_WORKPLACE_TRANSITION,Workplace Transition / RTO,P&C,2026-03-19,DEFINITIONS,Data Definitions,38.16,RED
DS_WORKPLACE_TRANSITION,Workplace Transition / RTO,P&C,2026-03-19,KEY_PROPERTIES,Key Properties,100.0,GREEN
DS_WORKPLACE_TRANSITION,Workplace Transition / RTO,P&C,2026-03-19,USAGE,Usage,6.67,RED
DS_WORKPLACE_TRANSITION,Workplace Transition / RTO,P&C,2026-03-19,FEEDBACK,User Feedback,78.58,AMBER
DS_WORKPLACE_TRANSITION,Workplace Transition / RTO,P&C,2026-03-20,OWNERSHIP,Data Ownership,0.0,RED
DS_WORKPLACE_TRANSITION,Workplace Transition / RTO,P&C,2026-03-20,SOURCE,Data Source,75.0,AMBER
DS_WORKPLACE_TRANSITION,Workplace Transition / RTO,P&C,2026-03-20,ISSUES,Active Issues,97.0,GREEN
DS_WORKPLACE_TRANSITION,Workplace Transition / RTO,P&C,2026-03-20,TIMELINESS,Timeliness,88.89,GREEN
DS_WORKPLACE_TRANSITION,Workplace Transition / RTO,P&C,2026-03-20,COMPLETENESS_KEY_PROPS,Completeness of Key Properties,93.14,GREEN
DS_WORKPLACE_TRANSITION,Workplace Transition / RTO,P&C,2026-03-20,PROFILING,Data Profiling,58.33,RED
DS_WORKPLACE_TRANSITION,Workplace Transition / RTO,P&C,2026-03-20,DEFINITIONS,Data Definitions,32.5,RED
DS_WORKPLACE_TRANSITION,Workplace Transition / RTO,P&C,2026-03-20,KEY_PROPERTIES,Key Properties,100.0,GREEN
DS_WORKPLACE_TRANSITION,Workplace Transition / RTO,P&C,2026-03-20,USAGE,Usage,3.33,RED
DS_WORKPLACE_TRANSITION,Workplace Transition / RTO,P&C,2026-03-20,FEEDBACK,User Feedback,68.94,AMBER
DS_WORKPLACE_TRANSITION,Workplace Transition / RTO,P&C,2026-03-21,OWNERSHIP,Data Ownership,0.0,RED
DS_WORKPLACE_TRANSITION,Workplace Transition / RTO,P&C,2026-03-21,SOURCE,Data Source,75.0,AMBER
DS_WORKPLACE_TRANSITION,Workplace Transition / RTO,P&C,2026-03-21,ISSUES,Active Issues,93.0,GREEN
DS_WORKPLACE_TRANSITION,Workplace Transition / RTO,P&C,2026-03-21,TIMELINESS,Timeliness,92.23,GREEN
DS_WORKPLACE_TRANSITION,Workplace Transition / RTO,P&C,2026-03-21,COMPLETENESS_KEY_PROPS,Completeness of Key Properties,95.66,GREEN
DS_WORKPLACE_TRANSITION,Workplace Transition / RTO,P&C,2026-03-21,PROFILING,Data Profiling,54.17,RED
DS_WORKPLACE_TRANSITION,Workplace Transition / RTO,P&C,2026-03-21,DEFINITIONS,Data Definitions,40.78,RED
DS_WORKPLACE_TRANSITION,Workplace Transition / RTO,P&C,2026-03-21,KEY_PROPERTIES,Key Properties,100.0,GREEN
DS_WORKPLACE_TRANSITION,Workplace Transition / RTO,P&C,2026-03-21,USAGE,Usage,18.33,RED
DS_WORKPLACE_TRANSITION,Workplace Transition / RTO,P&C,2026-03-21,FEEDBACK,User Feedback,76.47,AMBER
DS_WORKPLACE_TRANSITION,Workplace Transition / RTO,P&C,2026-03-22,OWNERSHIP,Data Ownership,0.0,RED
DS_WORKPLACE_TRANSITION,Workplace Transition / RTO,P&C,2026-03-22,SOURCE,Data Source,75.0,AMBER
DS_WORKPLACE_TRANSITION,Workplace Transition / RTO,P&C,2026-03-22,ISSUES,Active Issues,91.0,GREEN
DS_WORKPLACE_TRANSITION,Workplace Transition / RTO,P&C,2026-03-22,TIMELINESS,Timeliness,89.6,GREEN
DS_WORKPLACE_TRANSITION,Workplace Transition / RTO,P&C,2026-03-22,COMPLETENESS_KEY_PROPS,Completeness of Key Properties,92.73,GREEN
DS_WORKPLACE_TRANSITION,Workplace Transition / RTO,P&C,2026-03-22,PROFILING,Data Profiling,54.17,RED
DS_WORKPLACE_TRANSITION,Workplace Transition / RTO,P&C,2026-03-22,DEFINITIONS,Data Definitions,38.32,RED
DS_WORKPLACE_TRANSITION,Workplace Transition / RTO,P&C,2026-03-22,KEY_PROPERTIES,Key Properties,100.0,GREEN
DS_WORKPLACE_TRANSITION,Workplace Transition / RTO,P&C,2026-03-22,USAGE,Usage,0.0,RED
DS_WORKPLACE_TRANSITION,Workplace Transition / RTO,P&C,2026-03-22,FEEDBACK,User Feedback,74.7,AMBER
DS_WORKPLACE_TRANSITION,Workplace Transition / RTO,P&C,2026-03-23,OWNERSHIP,Data Ownership,0.0,RED
DS_WORKPLACE_TRANSITION,Workplace Transition / RTO,P&C,2026-03-23,SOURCE,Data Source,75.0,AMBER
DS_WORKPLACE_TRANSITION,Workplace Transition / RTO,P&C,2026-03-23,ISSUES,Active Issues,94.0,GREEN
DS_WORKPLACE_TRANSITION,Workplace Transition / RTO,P&C,2026-03-23,TIMELINESS,Timeliness,93.83,GREEN
DS_WORKPLACE_TRANSITION,Workplace Transition / RTO,P&C,2026-03-23,COMPLETENESS_KEY_PROPS,Completeness of Key Properties,91.36,GREEN
DS_WORKPLACE_TRANSITION,Workplace Transition / RTO,P&C,2026-03-23,PROFILING,Data Profiling,54.17,RED
DS_WORKPLACE_TRANSITION,Workplace Transition / RTO,P&C,2026-03-23,DEFINITIONS,Data Definitions,36.9,RED
DS_WORKPLACE_TRANSITION,Workplace Transition / RTO,P&C,2026-03-23,KEY_PROPERTIES,Key Properties,100.0,GREEN
DS_WORKPLACE_TRANSITION,Workplace Transition / RTO,P&C,2026-03-23,USAGE,Usage,20.0,RED
DS_WORKPLACE_TRANSITION,Workplace Transition / RTO,P&C,2026-03-23,FEEDBACK,User Feedback,69.8,AMBER
DS_WORKPLACE_TRANSITION,Workplace Transition / RTO,P&C,2026-03-24,OWNERSHIP,Data Ownership,0.0,RED
DS_WORKPLACE_TRANSITION,Workplace Transition / RTO,P&C,2026-03-24,SOURCE,Data Source,75.0,AMBER
DS_WORKPLACE_TRANSITION,Workplace Transition / RTO,P&C,2026-03-24,ISSUES,Active Issues,85.0,GREEN
DS_WORKPLACE_TRANSITION,Workplace Transition / RTO,P&C,2026-03-24,TIMELINESS,Timeliness,94.2,GREEN
DS_WORKPLACE_TRANSITION,Workplace Transition / RTO,P&C,2026-03-24,COMPLETENESS_KEY_PROPS,Completeness of Key Properties,93.62,GREEN
DS_WORKPLACE_TRANSITION,Workplace Transition / RTO,P&C,2026-03-24,PROFILING,Data Profiling,58.33,RED
DS_WORKPLACE_TRANSITION,Workplace Transition / RTO,P&C,2026-03-24,DEFINITIONS,Data Definitions,34.59,RED
DS_WORKPLACE_TRANSITION,Workplace Transition / RTO,P&C,2026-03-24,KEY_PROPERTIES,Key Properties,100.0,GREEN
DS_WORKPLACE_TRANSITION,Workplace Transition / RTO,P&C,2026-03-24,USAGE,Usage,6.67,RED
DS_WORKPLACE_TRANSITION,Workplace Transition / RTO,P&C,2026-03-24,FEEDBACK,User Feedback,72.65,AMBER
DS_WORKPLACE_TRANSITION,Workplace Transition / RTO,P&C,2026-03-25,OWNERSHIP,Data Ownership,0.0,RED
DS_WORKPLACE_TRANSITION,Workplace Transition / RTO,P&C,2026-03-25,SOURCE,Data Source,75.0,AMBER
DS_WORKPLACE_TRANSITION,Workplace Transition / RTO,P&C,2026-03-25,ISSUES,Active Issues,97.0,GREEN
DS_WORKPLACE_TRANSITION,Workplace Transition / RTO,P&C,2026-03-25,TIMELINESS,Timeliness,91.08,GREEN
DS_WORKPLACE_TRANSITION,Workplace Transition / RTO,P&C,2026-03-25,COMPLETENESS_KEY_PROPS,Completeness of Key Properties,95.01,GREEN
DS_WORKPLACE_TRANSITION,Workplace Transition / RTO,P&C,2026-03-25,PROFILING,Data Profiling,66.67,AMBER
DS_WORKPLACE_TRANSITION,Workplace Transition / RTO,P&C,2026-03-25,DEFINITIONS,Data Definitions,39.8,RED
DS_WORKPLACE_TRANSITION,Workplace Transition / RTO,P&C,2026-03-25,KEY_PROPERTIES,Key Properties,100.0,GREEN
DS_WORKPLACE_TRANSITION,Workplace Transition / RTO,P&C,2026-03-25,USAGE,Usage,20.0,RED
DS_WORKPLACE_TRANSITION,Workplace Transition / RTO,P&C,2026-03-25,FEEDBACK,User Feedback,69.32,AMBER
DS_WORKPLACE_TRANSITION,Workplace Transition / RTO,P&C,2026-03-26,OWNERSHIP,Data Ownership,0.0,RED
DS_WORKPLACE_TRANSITION,Workplace Transition / RTO,P&C,2026-03-26,SOURCE,Data Source,75.0,AMBER
DS_WORKPLACE_TRANSITION,Workplace Transition / RTO,P&C,2026-03-26,ISSUES,Active Issues,87.0,GREEN
DS_WORKPLACE_TRANSITION,Workplace Transition / RTO,P&C,2026-03-26,TIMELINESS,Timeliness,92.68,GREEN
DS_WORKPLACE_TRANSITION,Workplace Transition / RTO,P&C,2026-03-26,COMPLETENESS_KEY_PROPS,Completeness of Key Properties,93.6,GREEN
DS_WORKPLACE_TRANSITION,Workplace Transition / RTO,P&C,2026-03-26,PROFILING,Data Profiling,62.5,AMBER
DS_WORKPLACE_TRANSITION,Workplace Transition / RTO,P&C,2026-03-26,DEFINITIONS,Data Definitions,41.87,RED
DS_WORKPLACE_TRANSITION,Workplace Transition / RTO,P&C,2026-03-26,KEY_PROPERTIES,Key Properties,100.0,GREEN
DS_WORKPLACE_TRANSITION,Workplace Transition / RTO,P&C,2026-03-26,USAGE,Usage,16.67,RED
DS_WORKPLACE_TRANSITION,Workplace Transition / RTO,P&C,2026-03-26,FEEDBACK,User Feedback,78.61,AMBER
DS_WORKPLACE_TRANSITION,Workplace Transition / RTO,P&C,2026-03-27,OWNERSHIP,Data Ownership,0.0,RED
DS_WORKPLACE_TRANSITION,Workplace Transition / RTO,P&C,2026-03-27,SOURCE,Data Source,75.0,AMBER
DS_WORKPLACE_TRANSITION,Workplace Transition / RTO,P&C,2026-03-27,ISSUES,Active Issues,96.0,GREEN
DS_WORKPLACE_TRANSITION,Workplace Transition / RTO,P&C,2026-03-27,TIMELINESS,Timeliness,87.74,GREEN
DS_WORKPLACE_TRANSITION,Workplace Transition / RTO,P&C,2026-03-27,COMPLETENESS_KEY_PROPS,Completeness of Key Properties,93.01,GREEN
DS_WORKPLACE_TRANSITION,Workplace Transition / RTO,P&C,2026-03-27,PROFILING,Data Profiling,62.5,AMBER
DS_WORKPLACE_TRANSITION,Workplace Transition / RTO,P&C,2026-03-27,DEFINITIONS,Data Definitions,42.37,RED
DS_WORKPLACE_TRANSITION,Workplace Transition / RTO,P&C,2026-03-27,KEY_PROPERTIES,Key Properties,100.0,GREEN
DS_WORKPLACE_TRANSITION,Workplace Transition / RTO,P&C,2026-03-27,USAGE,Usage,18.33,RED
DS_WORKPLACE_TRANSITION,Workplace Transition / RTO,P&C,2026-03-27,FEEDBACK,User Feedback,71.4,AMBER
DS_WORKPLACE_TRANSITION,Workplace Transition / RTO,P&C,2026-03-28,OWNERSHIP,Data Ownership,0.0,RED
DS_WORKPLACE_TRANSITION,Workplace Transition / RTO,P&C,2026-03-28,SOURCE,Data Source,75.0,AMBER
DS_WORKPLACE_TRANSITION,Workplace Transition / RTO,P&C,2026-03-28,ISSUES,Active Issues,84.0,GREEN
DS_WORKPLACE_TRANSITION,Workplace Transition / RTO,P&C,2026-03-28,TIMELINESS,Timeliness,89.61,GREEN
DS_WORKPLACE_TRANSITION,Workplace Transition / RTO,P&C,2026-03-28,COMPLETENESS_KEY_PROPS,Completeness of Key Properties,92.44,GREEN
DS_WORKPLACE_TRANSITION,Workplace Transition / RTO,P&C,2026-03-28,PROFILING,Data Profiling,66.67,AMBER
DS_WORKPLACE_TRANSITION,Workplace Transition / RTO,P&C,2026-03-28,DEFINITIONS,Data Definitions,41.35,RED
DS_WORKPLACE_TRANSITION,Workplace Transition / RTO,P&C,2026-03-28,KEY_PROPERTIES,Key Properties,100.0,GREEN
DS_WORKPLACE_TRANSITION,Workplace Transition / RTO,P&C,2026-03-28,USAGE,Usage,26.67,RED
DS_WORKPLACE_TRANSITION,Workplace Transition / RTO,P&C,2026-03-28,FEEDBACK,User Feedback,54.02,RED
DS_WORKPLACE_TRANSITION,Workplace Transition / RTO,P&C,2026-03-29,OWNERSHIP,Data Ownership,0.0,RED
DS_WORKPLACE_TRANSITION,Workplace Transition / RTO,P&C,2026-03-29,SOURCE,Data Source,75.0,AMBER
DS_WORKPLACE_TRANSITION,Workplace Transition / RTO,P&C,2026-03-29,ISSUES,Active Issues,73.0,AMBER
DS_WORKPLACE_TRANSITION,Workplace Transition / RTO,P&C,2026-03-29,TIMELINESS,Timeliness,89.97,GREEN
DS_WORKPLACE_TRANSITION,Workplace Transition / RTO,P&C,2026-03-29,COMPLETENESS_KEY_PROPS,Completeness of Key Properties,95.06,GREEN
DS_WORKPLACE_TRANSITION,Workplace Transition / RTO,P&C,2026-03-29,PROFILING,Data Profiling,54.17,RED
DS_WORKPLACE_TRANSITION,Workplace Transition / RTO,P&C,2026-03-29,DEFINITIONS,Data Definitions,42.18,RED
DS_WORKPLACE_TRANSITION,Workplace Transition / RTO,P&C,2026-03-29,KEY_PROPERTIES,Key Properties,100.0,GREEN
DS_WORKPLACE_TRANSITION,Workplace Transition / RTO,P&C,2026-03-29,USAGE,Usage,16.67,RED
DS_WORKPLACE_TRANSITION,Workplace Transition / RTO,P&C,2026-03-29,FEEDBACK,User Feedback,76.26,AMBER
DS_WORKPLACE_TRANSITION,Workplace Transition / RTO,P&C,2026-03-30,OWNERSHIP,Data Ownership,0.0,RED
DS_WORKPLACE_TRANSITION,Workplace Transition / RTO,P&C,2026-03-30,SOURCE,Data Source,75.0,AMBER
DS_WORKPLACE_TRANSITION,Workplace Transition / RTO,P&C,2026-03-30,ISSUES,Active Issues,100.0,GREEN
DS_WORKPLACE_TRANSITION,Workplace Transition / RTO,P&C,2026-03-30,TIMELINESS,Timeliness,92.17,GREEN
DS_WORKPLACE_TRANSITION,Workplace Transition / RTO,P&C,2026-03-30,COMPLETENESS_KEY_PROPS,Completeness of Key Properties,94.18,GREEN
DS_WORKPLACE_TRANSITION,Workplace Transition / RTO,P&C,2026-03-30,PROFILING,Data Profiling,70.83,AMBER
DS_WORKPLACE_TRANSITION,Workplace Transition / RTO,P&C,2026-03-30,DEFINITIONS,Data Definitions,39.25,RED
DS_WORKPLACE_TRANSITION,Workplace Transition / RTO,P&C,2026-03-30,KEY_PROPERTIES,Key Properties,100.0,GREEN
DS_WORKPLACE_TRANSITION,Workplace Transition / RTO,P&C,2026-03-30,USAGE,Usage,33.33,RED
DS_WORKPLACE_TRANSITION,Workplace Transition / RTO,P&C,2026-03-30,FEEDBACK,User Feedback,74.13,AMBER
DS_WORKPLACE_TRANSITION,Workplace Transition / RTO,P&C,2026-03-31,OWNERSHIP,Data Ownership,0.0,RED
DS_WORKPLACE_TRANSITION,Workplace Transition / RTO,P&C,2026-03-31,SOURCE,Data Source,75.0,AMBER
DS_WORKPLACE_TRANSITION,Workplace Transition / RTO,P&C,2026-03-31,ISSUES,Active Issues,79.0,AMBER
DS_WORKPLACE_TRANSITION,Workplace Transition / RTO,P&C,2026-03-31,TIMELINESS,Timeliness,89.88,GREEN
DS_WORKPLACE_TRANSITION,Workplace Transition / RTO,P&C,2026-03-31,COMPLETENESS_KEY_PROPS,Completeness of Key Properties,91.72,GREEN
DS_WORKPLACE_TRANSITION,Workplace Transition / RTO,P&C,2026-03-31,PROFILING,Data Profiling,62.5,AMBER
DS_WORKPLACE_TRANSITION,Workplace Transition / RTO,P&C,2026-03-31,DEFINITIONS,Data Definitions,32.81,RED
DS_WORKPLACE_TRANSITION,Workplace Transition / RTO,P&C,2026-03-31,KEY_PROPERTIES,Key Properties,100.0,GREEN
DS_WORKPLACE_TRANSITION,Workplace Transition / RTO,P&C,2026-03-31,USAGE,Usage,20.0,RED
DS_WORKPLACE_TRANSITION,Workplace Transition / RTO,P&C,2026-03-31,FEEDBACK,User Feedback,63.63,AMBER
DS_WORKPLACE_TRANSITION,Workplace Transition / RTO,P&C,2026-04-01,OWNERSHIP,Data Ownership,0.0,RED
DS_WORKPLACE_TRANSITION,Workplace Transition / RTO,P&C,2026-04-01,SOURCE,Data Source,75.0,AMBER
DS_WORKPLACE_TRANSITION,Workplace Transition / RTO,P&C,2026-04-01,ISSUES,Active Issues,89.0,GREEN
DS_WORKPLACE_TRANSITION,Workplace Transition / RTO,P&C,2026-04-01,TIMELINESS,Timeliness,88.28,GREEN
DS_WORKPLACE_TRANSITION,Workplace Transition / RTO,P&C,2026-04-01,COMPLETENESS_KEY_PROPS,Completeness of Key Properties,94.56,GREEN
DS_WORKPLACE_TRANSITION,Workplace Transition / RTO,P&C,2026-04-01,PROFILING,Data Profiling,66.67,AMBER
DS_WORKPLACE_TRANSITION,Workplace Transition / RTO,P&C,2026-04-01,DEFINITIONS,Data Definitions,33.33,RED
DS_WORKPLACE_TRANSITION,Workplace Transition / RTO,P&C,2026-04-01,KEY_PROPERTIES,Key Properties,100.0,GREEN
DS_WORKPLACE_TRANSITION,Workplace Transition / RTO,P&C,2026-04-01,USAGE,Usage,36.67,RED
DS_WORKPLACE_TRANSITION,Workplace Transition / RTO,P&C,2026-04-01,FEEDBACK,User Feedback,78.12,AMBER
DS_WORKPLACE_TRANSITION,Workplace Transition / RTO,P&C,2026-04-02,OWNERSHIP,Data Ownership,0.0,RED
DS_WORKPLACE_TRANSITION,Workplace Transition / RTO,P&C,2026-04-02,SOURCE,Data Source,75.0,AMBER
DS_WORKPLACE_TRANSITION,Workplace Transition / RTO,P&C,2026-04-02,ISSUES,Active Issues,91.0,GREEN
DS_WORKPLACE_TRANSITION,Workplace Transition / RTO,P&C,2026-04-02,TIMELINESS,Timeliness,93.4,GREEN
DS_WORKPLACE_TRANSITION,Workplace Transition / RTO,P&C,2026-04-02,COMPLETENESS_KEY_PROPS,Completeness of Key Properties,94.36,GREEN
DS_WORKPLACE_TRANSITION,Workplace Transition / RTO,P&C,2026-04-02,PROFILING,Data Profiling,41.67,RED
DS_WORKPLACE_TRANSITION,Workplace Transition / RTO,P&C,2026-04-02,DEFINITIONS,Data Definitions,34.04,RED
DS_WORKPLACE_TRANSITION,Workplace Transition / RTO,P&C,2026-04-02,KEY_PROPERTIES,Key Properties,100.0,GREEN
DS_WORKPLACE_TRANSITION,Workplace Transition / RTO,P&C,2026-04-02,USAGE,Usage,18.33,RED
DS_WORKPLACE_TRANSITION,Workplace Transition / RTO,P&C,2026-04-02,FEEDBACK,User Feedback,74.61,AMBER
DS_WORKPLACE_TRANSITION,Workplace Transition / RTO,P&C,2026-04-03,OWNERSHIP,Data Ownership,0.0,RED
DS_WORKPLACE_TRANSITION,Workplace Transition / RTO,P&C,2026-04-03,SOURCE,Data Source,75.0,AMBER
DS_WORKPLACE_TRANSITION,Workplace Transition / RTO,P&C,2026-04-03,ISSUES,Active Issues,87.0,GREEN
DS_WORKPLACE_TRANSITION,Workplace Transition / RTO,P&C,2026-04-03,TIMELINESS,Timeliness,93.7,GREEN
DS_WORKPLACE_TRANSITION,Workplace Transition / RTO,P&C,2026-04-03,COMPLETENESS_KEY_PROPS,Completeness of Key Properties,95.43,GREEN
DS_WORKPLACE_TRANSITION,Workplace Transition / RTO,P&C,2026-04-03,PROFILING,Data Profiling,62.5,AMBER
DS_WORKPLACE_TRANSITION,Workplace Transition / RTO,P&C,2026-04-03,DEFINITIONS,Data Definitions,36.36,RED
DS_WORKPLACE_TRANSITION,Workplace Transition / RTO,P&C,2026-04-03,KEY_PROPERTIES,Key Properties,100.0,GREEN
DS_WORKPLACE_TRANSITION,Workplace Transition / RTO,P&C,2026-04-03,USAGE,Usage,15.0,RED
DS_WORKPLACE_TRANSITION,Workplace Transition / RTO,P&C,2026-04-03,FEEDBACK,User Feedback,76.62,AMBER
DS_WORKPLACE_TRANSITION,Workplace Transition / RTO,P&C,2026-04-04,OWNERSHIP,Data Ownership,0.0,RED
DS_WORKPLACE_TRANSITION,Workplace Transition / RTO,P&C,2026-04-04,SOURCE,Data Source,75.0,AMBER
DS_WORKPLACE_TRANSITION,Workplace Transition / RTO,P&C,2026-04-04,ISSUES,Active Issues,91.0,GREEN
DS_WORKPLACE_TRANSITION,Workplace Transition / RTO,P&C,2026-04-04,TIMELINESS,Timeliness,82.42,GREEN
DS_WORKPLACE_TRANSITION,Workplace Transition / RTO,P&C,2026-04-04,COMPLETENESS_KEY_PROPS,Completeness of Key Properties,95.83,GREEN
DS_WORKPLACE_TRANSITION,Workplace Transition / RTO,P&C,2026-04-04,PROFILING,Data Profiling,50.0,RED
DS_WORKPLACE_TRANSITION,Workplace Transition / RTO,P&C,2026-04-04,DEFINITIONS,Data Definitions,38.53,RED
DS_WORKPLACE_TRANSITION,Workplace Transition / RTO,P&C,2026-04-04,KEY_PROPERTIES,Key Properties,100.0,GREEN
DS_WORKPLACE_TRANSITION,Workplace Transition / RTO,P&C,2026-04-04,USAGE,Usage,28.33,RED
DS_WORKPLACE_TRANSITION,Workplace Transition / RTO,P&C,2026-04-04,FEEDBACK,User Feedback,70.78,AMBER
DS_WORKPLACE_TRANSITION,Workplace Transition / RTO,P&C,2026-04-05,OWNERSHIP,Data Ownership,0.0,RED
DS_WORKPLACE_TRANSITION,Workplace Transition / RTO,P&C,2026-04-05,SOURCE,Data Source,75.0,AMBER
DS_WORKPLACE_TRANSITION,Workplace Transition / RTO,P&C,2026-04-05,ISSUES,Active Issues,97.0,GREEN
DS_WORKPLACE_TRANSITION,Workplace Transition / RTO,P&C,2026-04-05,TIMELINESS,Timeliness,91.93,GREEN
DS_WORKPLACE_TRANSITION,Workplace Transition / RTO,P&C,2026-04-05,COMPLETENESS_KEY_PROPS,Completeness of Key Properties,94.73,GREEN
DS_WORKPLACE_TRANSITION,Workplace Transition / RTO,P&C,2026-04-05,PROFILING,Data Profiling,58.33,RED
DS_WORKPLACE_TRANSITION,Workplace Transition / RTO,P&C,2026-04-05,DEFINITIONS,Data Definitions,38.1,RED
DS_WORKPLACE_TRANSITION,Workplace Transition / RTO,P&C,2026-04-05,KEY_PROPERTIES,Key Properties,100.0,GREEN
DS_WORKPLACE_TRANSITION,Workplace Transition / RTO,P&C,2026-04-05,USAGE,Usage,3.33,RED
DS_WORKPLACE_TRANSITION,Workplace Transition / RTO,P&C,2026-04-05,FEEDBACK,User Feedback,67.27,AMBER
DS_WORKPLACE_TRANSITION,Workplace Transition / RTO,P&C,2026-04-06,OWNERSHIP,Data Ownership,0.0,RED
DS_WORKPLACE_TRANSITION,Workplace Transition / RTO,P&C,2026-04-06,SOURCE,Data Source,75.0,AMBER
DS_WORKPLACE_TRANSITION,Workplace Transition / RTO,P&C,2026-04-06,ISSUES,Active Issues,81.0,GREEN
DS_WORKPLACE_TRANSITION,Workplace Transition / RTO,P&C,2026-04-06,TIMELINESS,Timeliness,87.25,GREEN
DS_WORKPLACE_TRANSITION,Workplace Transition / RTO,P&C,2026-04-06,COMPLETENESS_KEY_PROPS,Completeness of Key Properties,91.25,GREEN
DS_WORKPLACE_TRANSITION,Workplace Transition / RTO,P&C,2026-04-06,PROFILING,Data Profiling,50.0,RED
DS_WORKPLACE_TRANSITION,Workplace Transition / RTO,P&C,2026-04-06,DEFINITIONS,Data Definitions,40.86,RED
DS_WORKPLACE_TRANSITION,Workplace Transition / RTO,P&C,2026-04-06,KEY_PROPERTIES,Key Properties,100.0,GREEN
DS_WORKPLACE_TRANSITION,Workplace Transition / RTO,P&C,2026-04-06,USAGE,Usage,3.33,RED
DS_WORKPLACE_TRANSITION,Workplace Transition / RTO,P&C,2026-04-06,FEEDBACK,User Feedback,82.94,GREEN
DS_WORKPLACE_TRANSITION,Workplace Transition / RTO,P&C,2026-04-07,OWNERSHIP,Data Ownership,0.0,RED
DS_WORKPLACE_TRANSITION,Workplace Transition / RTO,P&C,2026-04-07,SOURCE,Data Source,75.0,AMBER
DS_WORKPLACE_TRANSITION,Workplace Transition / RTO,P&C,2026-04-07,ISSUES,Active Issues,95.0,GREEN
DS_WORKPLACE_TRANSITION,Workplace Transition / RTO,P&C,2026-04-07,TIMELINESS,Timeliness,97.62,GREEN
DS_WORKPLACE_TRANSITION,Workplace Transition / RTO,P&C,2026-04-07,COMPLETENESS_KEY_PROPS,Completeness of Key Properties,93.77,GREEN
DS_WORKPLACE_TRANSITION,Workplace Transition / RTO,P&C,2026-04-07,PROFILING,Data Profiling,58.33,RED
DS_WORKPLACE_TRANSITION,Workplace Transition / RTO,P&C,2026-04-07,DEFINITIONS,Data Definitions,36.22,RED
DS_WORKPLACE_TRANSITION,Workplace Transition / RTO,P&C,2026-04-07,KEY_PROPERTIES,Key Properties,100.0,GREEN
DS_WORKPLACE_TRANSITION,Workplace Transition / RTO,P&C,2026-04-07,USAGE,Usage,18.33,RED
DS_WORKPLACE_TRANSITION,Workplace Transition / RTO,P&C,2026-04-07,FEEDBACK,User Feedback,63.82,AMBER
DS_WORKPLACE_TRANSITION,Workplace Transition / RTO,P&C,2026-04-08,OWNERSHIP,Data Ownership,0.0,RED
DS_WORKPLACE_TRANSITION,Workplace Transition / RTO,P&C,2026-04-08,SOURCE,Data Source,75.0,AMBER
DS_WORKPLACE_TRANSITION,Workplace Transition / RTO,P&C,2026-04-08,ISSUES,Active Issues,89.0,GREEN
DS_WORKPLACE_TRANSITION,Workplace Transition / RTO,P&C,2026-04-08,TIMELINESS,Timeliness,91.15,GREEN
DS_WORKPLACE_TRANSITION,Workplace Transition / RTO,P&C,2026-04-08,COMPLETENESS_KEY_PROPS,Completeness of Key Properties,94.09,GREEN
DS_WORKPLACE_TRANSITION,Workplace Transition / RTO,P&C,2026-04-08,PROFILING,Data Profiling,62.5,AMBER
DS_WORKPLACE_TRANSITION,Workplace Transition / RTO,P&C,2026-04-08,DEFINITIONS,Data Definitions,39.37,RED
DS_WORKPLACE_TRANSITION,Workplace Transition / RTO,P&C,2026-04-08,KEY_PROPERTIES,Key Properties,100.0,GREEN
DS_WORKPLACE_TRANSITION,Workplace Transition / RTO,P&C,2026-04-08,USAGE,Usage,20.0,RED
DS_WORKPLACE_TRANSITION,Workplace Transition / RTO,P&C,2026-04-08,FEEDBACK,User Feedback,78.47,AMBER
DS_WORKPLACE_TRANSITION,Workplace Transition / RTO,P&C,2026-04-09,OWNERSHIP,Data Ownership,0.0,RED
DS_WORKPLACE_TRANSITION,Workplace Transition / RTO,P&C,2026-04-09,SOURCE,Data Source,75.0,AMBER
DS_WORKPLACE_TRANSITION,Workplace Transition / RTO,P&C,2026-04-09,ISSUES,Active Issues,81.0,GREEN
DS_WORKPLACE_TRANSITION,Workplace Transition / RTO,P&C,2026-04-09,TIMELINESS,Timeliness,89.58,GREEN
DS_WORKPLACE_TRANSITION,Workplace Transition / RTO,P&C,2026-04-09,COMPLETENESS_KEY_PROPS,Completeness of Key Properties,93.79,GREEN
DS_WORKPLACE_TRANSITION,Workplace Transition / RTO,P&C,2026-04-09,PROFILING,Data Profiling,66.67,AMBER
DS_WORKPLACE_TRANSITION,Workplace Transition / RTO,P&C,2026-04-09,DEFINITIONS,Data Definitions,43.75,RED
DS_WORKPLACE_TRANSITION,Workplace Transition / RTO,P&C,2026-04-09,KEY_PROPERTIES,Key Properties,100.0,GREEN
DS_WORKPLACE_TRANSITION,Workplace Transition / RTO,P&C,2026-04-09,USAGE,Usage,43.33,RED
DS_WORKPLACE_TRANSITION,Workplace Transition / RTO,P&C,2026-04-09,FEEDBACK,User Feedback,59.23,RED
DS_WORKPLACE_TRANSITION,Workplace Transition / RTO,P&C,2026-04-10,OWNERSHIP,Data Ownership,0.0,RED
DS_WORKPLACE_TRANSITION,Workplace Transition / RTO,P&C,2026-04-10,SOURCE,Data Source,75.0,AMBER
DS_WORKPLACE_TRANSITION,Workplace Transition / RTO,P&C,2026-04-10,ISSUES,Active Issues,75.0,AMBER
DS_WORKPLACE_TRANSITION,Workplace Transition / RTO,P&C,2026-04-10,TIMELINESS,Timeliness,95.05,GREEN
DS_WORKPLACE_TRANSITION,Workplace Transition / RTO,P&C,2026-04-10,COMPLETENESS_KEY_PROPS,Completeness of Key Properties,95.56,GREEN
DS_WORKPLACE_TRANSITION,Workplace Transition / RTO,P&C,2026-04-10,PROFILING,Data Profiling,45.83,RED
DS_WORKPLACE_TRANSITION,Workplace Transition / RTO,P&C,2026-04-10,DEFINITIONS,Data Definitions,34.88,RED
DS_WORKPLACE_TRANSITION,Workplace Transition / RTO,P&C,2026-04-10,KEY_PROPERTIES,Key Properties,100.0,GREEN
DS_WORKPLACE_TRANSITION,Workplace Transition / RTO,P&C,2026-04-10,USAGE,Usage,31.67,RED
DS_WORKPLACE_TRANSITION,Workplace Transition / RTO,P&C,2026-04-10,FEEDBACK,User Feedback,72.06,AMBER
DS_WORKPLACE_TRANSITION,Workplace Transition / RTO,P&C,2026-04-11,OWNERSHIP,Data Ownership,0.0,RED
DS_WORKPLACE_TRANSITION,Workplace Transition / RTO,P&C,2026-04-11,SOURCE,Data Source,75.0,AMBER
DS_WORKPLACE_TRANSITION,Workplace Transition / RTO,P&C,2026-04-11,ISSUES,Active Issues,95.0,GREEN
DS_WORKPLACE_TRANSITION,Workplace Transition / RTO,P&C,2026-04-11,TIMELINESS,Timeliness,90.32,GREEN
DS_WORKPLACE_TRANSITION,Workplace Transition / RTO,P&C,2026-04-11,COMPLETENESS_KEY_PROPS,Completeness of Key Properties,94.33,GREEN
DS_WORKPLACE_TRANSITION,Workplace Transition / RTO,P&C,2026-04-11,PROFILING,Data Profiling,58.33,RED
DS_WORKPLACE_TRANSITION,Workplace Transition / RTO,P&C,2026-04-11,DEFINITIONS,Data Definitions,42.22,RED
DS_WORKPLACE_TRANSITION,Workplace Transition / RTO,P&C,2026-04-11,KEY_PROPERTIES,Key Properties,100.0,GREEN
DS_WORKPLACE_TRANSITION,Workplace Transition / RTO,P&C,2026-04-11,USAGE,Usage,3.33,RED
DS_WORKPLACE_TRANSITION,Workplace Transition / RTO,P&C,2026-04-11,FEEDBACK,User Feedback,80.12,GREEN
DS_WORKPLACE_TRANSITION,Workplace Transition / RTO,P&C,2026-04-12,OWNERSHIP,Data Ownership,0.0,RED
DS_WORKPLACE_TRANSITION,Workplace Transition / RTO,P&C,2026-04-12,SOURCE,Data Source,75.0,AMBER
DS_WORKPLACE_TRANSITION,Workplace Transition / RTO,P&C,2026-04-12,ISSUES,Active Issues,81.0,GREEN
DS_WORKPLACE_TRANSITION,Workplace Transition / RTO,P&C,2026-04-12,TIMELINESS,Timeliness,94.75,GREEN
DS_WORKPLACE_TRANSITION,Workplace Transition / RTO,P&C,2026-04-12,COMPLETENESS_KEY_PROPS,Completeness of Key Properties,94.22,GREEN
DS_WORKPLACE_TRANSITION,Workplace Transition / RTO,P&C,2026-04-12,PROFILING,Data Profiling,54.17,RED
DS_WORKPLACE_TRANSITION,Workplace Transition / RTO,P&C,2026-04-12,DEFINITIONS,Data Definitions,46.99,RED
DS_WORKPLACE_TRANSITION,Workplace Transition / RTO,P&C,2026-04-12,KEY_PROPERTIES,Key Properties,100.0,GREEN
DS_WORKPLACE_TRANSITION,Workplace Transition / RTO,P&C,2026-04-12,USAGE,Usage,11.67,RED
DS_WORKPLACE_TRANSITION,Workplace Transition / RTO,P&C,2026-04-12,FEEDBACK,User Feedback,63.28,AMBER
DS_WORKPLACE_TRANSITION,Workplace Transition / RTO,P&C,2026-04-13,OWNERSHIP,Data Ownership,0.0,RED
DS_WORKPLACE_TRANSITION,Workplace Transition / RTO,P&C,2026-04-13,SOURCE,Data Source,75.0,AMBER
DS_WORKPLACE_TRANSITION,Workplace Transition / RTO,P&C,2026-04-13,ISSUES,Active Issues,70.0,AMBER
DS_WORKPLACE_TRANSITION,Workplace Transition / RTO,P&C,2026-04-13,TIMELINESS,Timeliness,92.41,GREEN
DS_WORKPLACE_TRANSITION,Workplace Transition / RTO,P&C,2026-04-13,COMPLETENESS_KEY_PROPS,Completeness of Key Properties,97.1,GREEN
DS_WORKPLACE_TRANSITION,Workplace Transition / RTO,P&C,2026-04-13,PROFILING,Data Profiling,54.17,RED
DS_WORKPLACE_TRANSITION,Workplace Transition / RTO,P&C,2026-04-13,DEFINITIONS,Data Definitions,40.43,RED
DS_WORKPLACE_TRANSITION,Workplace Transition / RTO,P&C,2026-04-13,KEY_PROPERTIES,Key Properties,100.0,GREEN
DS_WORKPLACE_TRANSITION,Workplace Transition / RTO,P&C,2026-04-13,USAGE,Usage,11.67,RED
DS_WORKPLACE_TRANSITION,Workplace Transition / RTO,P&C,2026-04-13,FEEDBACK,User Feedback,75.3,AMBER
DS_WORKPLACE_TRANSITION,Workplace Transition / RTO,P&C,2026-04-14,OWNERSHIP,Data Ownership,0.0,RED
DS_WORKPLACE_TRANSITION,Workplace Transition / RTO,P&C,2026-04-14,SOURCE,Data Source,75.0,AMBER
DS_WORKPLACE_TRANSITION,Workplace Transition / RTO,P&C,2026-04-14,ISSUES,Active Issues,84.0,GREEN
DS_WORKPLACE_TRANSITION,Workplace Transition / RTO,P&C,2026-04-14,TIMELINESS,Timeliness,99.2,GREEN
DS_WORKPLACE_TRANSITION,Workplace Transition / RTO,P&C,2026-04-14,COMPLETENESS_KEY_PROPS,Completeness of Key Properties,93.24,GREEN
DS_WORKPLACE_TRANSITION,Workplace Transition / RTO,P&C,2026-04-14,PROFILING,Data Profiling,54.17,RED
DS_WORKPLACE_TRANSITION,Workplace Transition / RTO,P&C,2026-04-14,DEFINITIONS,Data Definitions,35.0,RED
DS_WORKPLACE_TRANSITION,Workplace Transition / RTO,P&C,2026-04-14,KEY_PROPERTIES,Key Properties,100.0,GREEN
DS_WORKPLACE_TRANSITION,Workplace Transition / RTO,P&C,2026-04-14,USAGE,Usage,18.33,RED
DS_WORKPLACE_TRANSITION,Workplace Transition / RTO,P&C,2026-04-14,FEEDBACK,User Feedback,69.98,AMBER
DS_WORKPLACE_TRANSITION,Workplace Transition / RTO,P&C,2026-04-15,OWNERSHIP,Data Ownership,0.0,RED
DS_WORKPLACE_TRANSITION,Workplace Transition / RTO,P&C,2026-04-15,SOURCE,Data Source,75.0,AMBER
DS_WORKPLACE_TRANSITION,Workplace Transition / RTO,P&C,2026-04-15,ISSUES,Active Issues,75.0,AMBER
DS_WORKPLACE_TRANSITION,Workplace Transition / RTO,P&C,2026-04-15,TIMELINESS,Timeliness,92.01,GREEN
DS_WORKPLACE_TRANSITION,Workplace Transition / RTO,P&C,2026-04-15,COMPLETENESS_KEY_PROPS,Completeness of Key Properties,96.34,GREEN
DS_WORKPLACE_TRANSITION,Workplace Transition / RTO,P&C,2026-04-15,PROFILING,Data Profiling,54.17,RED
DS_WORKPLACE_TRANSITION,Workplace Transition / RTO,P&C,2026-04-15,DEFINITIONS,Data Definitions,39.15,RED
DS_WORKPLACE_TRANSITION,Workplace Transition / RTO,P&C,2026-04-15,KEY_PROPERTIES,Key Properties,100.0,GREEN
DS_WORKPLACE_TRANSITION,Workplace Transition / RTO,P&C,2026-04-15,USAGE,Usage,41.67,RED
DS_WORKPLACE_TRANSITION,Workplace Transition / RTO,P&C,2026-04-15,FEEDBACK,User Feedback,61.55,AMBER
DS_WORKPLACE_TRANSITION,Workplace Transition / RTO,P&C,2026-04-16,OWNERSHIP,Data Ownership,0.0,RED
DS_WORKPLACE_TRANSITION,Workplace Transition / RTO,P&C,2026-04-16,SOURCE,Data Source,75.0,AMBER
DS_WORKPLACE_TRANSITION,Workplace Transition / RTO,P&C,2026-04-16,ISSUES,Active Issues,93.0,GREEN
DS_WORKPLACE_TRANSITION,Workplace Transition / RTO,P&C,2026-04-16,TIMELINESS,Timeliness,92.28,GREEN
DS_WORKPLACE_TRANSITION,Workplace Transition / RTO,P&C,2026-04-16,COMPLETENESS_KEY_PROPS,Completeness of Key Properties,96.0,GREEN
DS_WORKPLACE_TRANSITION,Workplace Transition / RTO,P&C,2026-04-16,PROFILING,Data Profiling,62.5,AMBER
DS_WORKPLACE_TRANSITION,Workplace Transition / RTO,P&C,2026-04-16,DEFINITIONS,Data Definitions,41.18,RED
DS_WORKPLACE_TRANSITION,Workplace Transition / RTO,P&C,2026-04-16,KEY_PROPERTIES,Key Properties,100.0,GREEN
DS_WORKPLACE_TRANSITION,Workplace Transition / RTO,P&C,2026-04-16,USAGE,Usage,26.67,RED
DS_WORKPLACE_TRANSITION,Workplace Transition / RTO,P&C,2026-04-16,FEEDBACK,User Feedback,71.42,AMBER
DS_WORKPLACE_TRANSITION,Workplace Transition / RTO,P&C,2026-04-17,OWNERSHIP,Data Ownership,0.0,RED
DS_WORKPLACE_TRANSITION,Workplace Transition / RTO,P&C,2026-04-17,SOURCE,Data Source,75.0,AMBER
DS_WORKPLACE_TRANSITION,Workplace Transition / RTO,P&C,2026-04-17,ISSUES,Active Issues,86.0,GREEN
DS_WORKPLACE_TRANSITION,Workplace Transition / RTO,P&C,2026-04-17,TIMELINESS,Timeliness,94.79,GREEN
DS_WORKPLACE_TRANSITION,Workplace Transition / RTO,P&C,2026-04-17,COMPLETENESS_KEY_PROPS,Completeness of Key Properties,96.31,GREEN
DS_WORKPLACE_TRANSITION,Workplace Transition / RTO,P&C,2026-04-17,PROFILING,Data Profiling,58.33,RED
DS_WORKPLACE_TRANSITION,Workplace Transition / RTO,P&C,2026-04-17,DEFINITIONS,Data Definitions,38.16,RED
DS_WORKPLACE_TRANSITION,Workplace Transition / RTO,P&C,2026-04-17,KEY_PROPERTIES,Key Properties,100.0,GREEN
DS_WORKPLACE_TRANSITION,Workplace Transition / RTO,P&C,2026-04-17,USAGE,Usage,18.33,RED
DS_WORKPLACE_TRANSITION,Workplace Transition / RTO,P&C,2026-04-17,FEEDBACK,User Feedback,69.94,AMBER
DS_WORKPLACE_TRANSITION,Workplace Transition / RTO,P&C,2026-04-18,OWNERSHIP,Data Ownership,0.0,RED
DS_WORKPLACE_TRANSITION,Workplace Transition / RTO,P&C,2026-04-18,SOURCE,Data Source,75.0,AMBER
DS_WORKPLACE_TRANSITION,Workplace Transition / RTO,P&C,2026-04-18,ISSUES,Active Issues,95.0,GREEN
DS_WORKPLACE_TRANSITION,Workplace Transition / RTO,P&C,2026-04-18,TIMELINESS,Timeliness,90.42,GREEN
DS_WORKPLACE_TRANSITION,Workplace Transition / RTO,P&C,2026-04-18,COMPLETENESS_KEY_PROPS,Completeness of Key Properties,96.04,GREEN
DS_WORKPLACE_TRANSITION,Workplace Transition / RTO,P&C,2026-04-18,PROFILING,Data Profiling,54.17,RED
DS_WORKPLACE_TRANSITION,Workplace Transition / RTO,P&C,2026-04-18,DEFINITIONS,Data Definitions,44.2,RED
DS_WORKPLACE_TRANSITION,Workplace Transition / RTO,P&C,2026-04-18,KEY_PROPERTIES,Key Properties,100.0,GREEN
DS_WORKPLACE_TRANSITION,Workplace Transition / RTO,P&C,2026-04-18,USAGE,Usage,15.0,RED
DS_WORKPLACE_TRANSITION,Workplace Transition / RTO,P&C,2026-04-18,FEEDBACK,User Feedback,67.97,AMBER
DS_WORKPLACE_TRANSITION,Workplace Transition / RTO,P&C,2026-04-19,OWNERSHIP,Data Ownership,0.0,RED
DS_WORKPLACE_TRANSITION,Workplace Transition / RTO,P&C,2026-04-19,SOURCE,Data Source,75.0,AMBER
DS_WORKPLACE_TRANSITION,Workplace Transition / RTO,P&C,2026-04-19,ISSUES,Active Issues,94.0,GREEN
DS_WORKPLACE_TRANSITION,Workplace Transition / RTO,P&C,2026-04-19,TIMELINESS,Timeliness,91.7,GREEN
DS_WORKPLACE_TRANSITION,Workplace Transition / RTO,P&C,2026-04-19,COMPLETENESS_KEY_PROPS,Completeness of Key Properties,95.14,GREEN
DS_WORKPLACE_TRANSITION,Workplace Transition / RTO,P&C,2026-04-19,PROFILING,Data Profiling,45.83,RED
DS_WORKPLACE_TRANSITION,Workplace Transition / RTO,P&C,2026-04-19,DEFINITIONS,Data Definitions,40.56,RED
DS_WORKPLACE_TRANSITION,Workplace Transition / RTO,P&C,2026-04-19,KEY_PROPERTIES,Key Properties,100.0,GREEN
DS_WORKPLACE_TRANSITION,Workplace Transition / RTO,P&C,2026-04-19,USAGE,Usage,20.0,RED
DS_WORKPLACE_TRANSITION,Workplace Transition / RTO,P&C,2026-04-19,FEEDBACK,User Feedback,73.04,AMBER
DS_WORKPLACE_TRANSITION,Workplace Transition / RTO,P&C,2026-04-20,OWNERSHIP,Data Ownership,0.0,RED
DS_WORKPLACE_TRANSITION,Workplace Transition / RTO,P&C,2026-04-20,SOURCE,Data Source,75.0,AMBER
DS_WORKPLACE_TRANSITION,Workplace Transition / RTO,P&C,2026-04-20,ISSUES,Active Issues,92.0,GREEN
DS_WORKPLACE_TRANSITION,Workplace Transition / RTO,P&C,2026-04-20,TIMELINESS,Timeliness,93.79,GREEN
DS_WORKPLACE_TRANSITION,Workplace Transition / RTO,P&C,2026-04-20,COMPLETENESS_KEY_PROPS,Completeness of Key Properties,95.45,GREEN
DS_WORKPLACE_TRANSITION,Workplace Transition / RTO,P&C,2026-04-20,PROFILING,Data Profiling,58.33,RED
DS_WORKPLACE_TRANSITION,Workplace Transition / RTO,P&C,2026-04-20,DEFINITIONS,Data Definitions,36.07,RED
DS_WORKPLACE_TRANSITION,Workplace Transition / RTO,P&C,2026-04-20,KEY_PROPERTIES,Key Properties,100.0,GREEN
DS_WORKPLACE_TRANSITION,Workplace Transition / RTO,P&C,2026-04-20,USAGE,Usage,20.0,RED
DS_WORKPLACE_TRANSITION,Workplace Transition / RTO,P&C,2026-04-20,FEEDBACK,User Feedback,60.41,AMBER
DS_WORKPLACE_TRANSITION,Workplace Transition / RTO,P&C,2026-04-21,OWNERSHIP,Data Ownership,0.0,RED
DS_WORKPLACE_TRANSITION,Workplace Transition / RTO,P&C,2026-04-21,SOURCE,Data Source,75.0,AMBER
DS_WORKPLACE_TRANSITION,Workplace Transition / RTO,P&C,2026-04-21,ISSUES,Active Issues,91.0,GREEN
DS_WORKPLACE_TRANSITION,Workplace Transition / RTO,P&C,2026-04-21,TIMELINESS,Timeliness,92.26,GREEN
DS_WORKPLACE_TRANSITION,Workplace Transition / RTO,P&C,2026-04-21,COMPLETENESS_KEY_PROPS,Completeness of Key Properties,94.97,GREEN
DS_WORKPLACE_TRANSITION,Workplace Transition / RTO,P&C,2026-04-21,PROFILING,Data Profiling,58.33,RED
DS_WORKPLACE_TRANSITION,Workplace Transition / RTO,P&C,2026-04-21,DEFINITIONS,Data Definitions,38.89,RED
DS_WORKPLACE_TRANSITION,Workplace Transition / RTO,P&C,2026-04-21,KEY_PROPERTIES,Key Properties,100.0,GREEN
DS_WORKPLACE_TRANSITION,Workplace Transition / RTO,P&C,2026-04-21,USAGE,Usage,30.0,RED
DS_WORKPLACE_TRANSITION,Workplace Transition / RTO,P&C,2026-04-21,FEEDBACK,User Feedback,85.93,GREEN
DS_WORKPLACE_TRANSITION,Workplace Transition / RTO,P&C,2026-04-22,OWNERSHIP,Data Ownership,0.0,RED
DS_WORKPLACE_TRANSITION,Workplace Transition / RTO,P&C,2026-04-22,SOURCE,Data Source,75.0,AMBER
DS_WORKPLACE_TRANSITION,Workplace Transition / RTO,P&C,2026-04-22,ISSUES,Active Issues,95.0,GREEN
DS_WORKPLACE_TRANSITION,Workplace Transition / RTO,P&C,2026-04-22,TIMELINESS,Timeliness,90.11,GREEN
DS_WORKPLACE_TRANSITION,Workplace Transition / RTO,P&C,2026-04-22,COMPLETENESS_KEY_PROPS,Completeness of Key Properties,94.89,GREEN
DS_WORKPLACE_TRANSITION,Workplace Transition / RTO,P&C,2026-04-22,PROFILING,Data Profiling,54.17,RED
DS_WORKPLACE_TRANSITION,Workplace Transition / RTO,P&C,2026-04-22,DEFINITIONS,Data Definitions,36.27,RED
DS_WORKPLACE_TRANSITION,Workplace Transition / RTO,P&C,2026-04-22,KEY_PROPERTIES,Key Properties,100.0,GREEN
DS_WORKPLACE_TRANSITION,Workplace Transition / RTO,P&C,2026-04-22,USAGE,Usage,11.67,RED
DS_WORKPLACE_TRANSITION,Workplace Transition / RTO,P&C,2026-04-22,FEEDBACK,User Feedback,79.54,AMBER
DS_WORKPLACE_TRANSITION,Workplace Transition / RTO,P&C,2026-04-23,OWNERSHIP,Data Ownership,0.0,RED
DS_WORKPLACE_TRANSITION,Workplace Transition / RTO,P&C,2026-04-23,SOURCE,Data Source,75.0,AMBER
DS_WORKPLACE_TRANSITION,Workplace Transition / RTO,P&C,2026-04-23,ISSUES,Active Issues,76.0,AMBER
DS_WORKPLACE_TRANSITION,Workplace Transition / RTO,P&C,2026-04-23,TIMELINESS,Timeliness,93.69,GREEN
DS_WORKPLACE_TRANSITION,Workplace Transition / RTO,P&C,2026-04-23,COMPLETENESS_KEY_PROPS,Completeness of Key Properties,93.82,GREEN
DS_WORKPLACE_TRANSITION,Workplace Transition / RTO,P&C,2026-04-23,PROFILING,Data Profiling,66.67,AMBER
DS_WORKPLACE_TRANSITION,Workplace Transition / RTO,P&C,2026-04-23,DEFINITIONS,Data Definitions,35.14,RED
DS_WORKPLACE_TRANSITION,Workplace Transition / RTO,P&C,2026-04-23,KEY_PROPERTIES,Key Properties,100.0,GREEN
DS_WORKPLACE_TRANSITION,Workplace Transition / RTO,P&C,2026-04-23,USAGE,Usage,31.67,RED
DS_WORKPLACE_TRANSITION,Workplace Transition / RTO,P&C,2026-04-23,FEEDBACK,User Feedback,68.52,AMBER
DS_WORKPLACE_TRANSITION,Workplace Transition / RTO,P&C,2026-04-24,OWNERSHIP,Data Ownership,0.0,RED
DS_WORKPLACE_TRANSITION,Workplace Transition / RTO,P&C,2026-04-24,SOURCE,Data Source,75.0,AMBER
DS_WORKPLACE_TRANSITION,Workplace Transition / RTO,P&C,2026-04-24,ISSUES,Active Issues,92.0,GREEN
DS_WORKPLACE_TRANSITION,Workplace Transition / RTO,P&C,2026-04-24,TIMELINESS,Timeliness,95.18,GREEN
DS_WORKPLACE_TRANSITION,Workplace Transition / RTO,P&C,2026-04-24,COMPLETENESS_KEY_PROPS,Completeness of Key Properties,92.6,GREEN
DS_WORKPLACE_TRANSITION,Workplace Transition / RTO,P&C,2026-04-24,PROFILING,Data Profiling,45.83,RED
DS_WORKPLACE_TRANSITION,Workplace Transition / RTO,P&C,2026-04-24,DEFINITIONS,Data Definitions,29.41,RED
DS_WORKPLACE_TRANSITION,Workplace Transition / RTO,P&C,2026-04-24,KEY_PROPERTIES,Key Properties,100.0,GREEN
DS_WORKPLACE_TRANSITION,Workplace Transition / RTO,P&C,2026-04-24,USAGE,Usage,13.33,RED
DS_WORKPLACE_TRANSITION,Workplace Transition / RTO,P&C,2026-04-24,FEEDBACK,User Feedback,72.75,AMBER
DS_WORKPLACE_TRANSITION,Workplace Transition / RTO,P&C,2026-04-25,OWNERSHIP,Data Ownership,0.0,RED
DS_WORKPLACE_TRANSITION,Workplace Transition / RTO,P&C,2026-04-25,SOURCE,Data Source,75.0,AMBER
DS_WORKPLACE_TRANSITION,Workplace Transition / RTO,P&C,2026-04-25,ISSUES,Active Issues,83.0,GREEN
DS_WORKPLACE_TRANSITION,Workplace Transition / RTO,P&C,2026-04-25,TIMELINESS,Timeliness,93.13,GREEN
DS_WORKPLACE_TRANSITION,Workplace Transition / RTO,P&C,2026-04-25,COMPLETENESS_KEY_PROPS,Completeness of Key Properties,94.6,GREEN
DS_WORKPLACE_TRANSITION,Workplace Transition / RTO,P&C,2026-04-25,PROFILING,Data Profiling,54.17,RED
DS_WORKPLACE_TRANSITION,Workplace Transition / RTO,P&C,2026-04-25,DEFINITIONS,Data Definitions,37.82,RED
DS_WORKPLACE_TRANSITION,Workplace Transition / RTO,P&C,2026-04-25,KEY_PROPERTIES,Key Properties,100.0,GREEN
DS_WORKPLACE_TRANSITION,Workplace Transition / RTO,P&C,2026-04-25,USAGE,Usage,38.33,RED
DS_WORKPLACE_TRANSITION,Workplace Transition / RTO,P&C,2026-04-25,FEEDBACK,User Feedback,72.09,AMBER
DS_WORKPLACE_TRANSITION,Workplace Transition / RTO,P&C,2026-04-26,OWNERSHIP,Data Ownership,0.0,RED
DS_WORKPLACE_TRANSITION,Workplace Transition / RTO,P&C,2026-04-26,SOURCE,Data Source,75.0,AMBER
DS_WORKPLACE_TRANSITION,Workplace Transition / RTO,P&C,2026-04-26,ISSUES,Active Issues,91.0,GREEN
DS_WORKPLACE_TRANSITION,Workplace Transition / RTO,P&C,2026-04-26,TIMELINESS,Timeliness,92.24,GREEN
DS_WORKPLACE_TRANSITION,Workplace Transition / RTO,P&C,2026-04-26,COMPLETENESS_KEY_PROPS,Completeness of Key Properties,94.49,GREEN
DS_WORKPLACE_TRANSITION,Workplace Transition / RTO,P&C,2026-04-26,PROFILING,Data Profiling,66.67,AMBER
DS_WORKPLACE_TRANSITION,Workplace Transition / RTO,P&C,2026-04-26,DEFINITIONS,Data Definitions,39.0,RED
DS_WORKPLACE_TRANSITION,Workplace Transition / RTO,P&C,2026-04-26,KEY_PROPERTIES,Key Properties,100.0,GREEN
DS_WORKPLACE_TRANSITION,Workplace Transition / RTO,P&C,2026-04-26,USAGE,Usage,3.33,RED
DS_WORKPLACE_TRANSITION,Workplace Transition / RTO,P&C,2026-04-26,FEEDBACK,User Feedback,71.18,AMBER
DS_WORKPLACE_TRANSITION,Workplace Transition / RTO,P&C,2026-04-27,OWNERSHIP,Data Ownership,0.0,RED
DS_WORKPLACE_TRANSITION,Workplace Transition / RTO,P&C,2026-04-27,SOURCE,Data Source,75.0,AMBER
DS_WORKPLACE_TRANSITION,Workplace Transition / RTO,P&C,2026-04-27,ISSUES,Active Issues,93.0,GREEN
DS_WORKPLACE_TRANSITION,Workplace Transition / RTO,P&C,2026-04-27,TIMELINESS,Timeliness,89.68,GREEN
DS_WORKPLACE_TRANSITION,Workplace Transition / RTO,P&C,2026-04-27,COMPLETENESS_KEY_PROPS,Completeness of Key Properties,97.19,GREEN
DS_WORKPLACE_TRANSITION,Workplace Transition / RTO,P&C,2026-04-27,PROFILING,Data Profiling,50.0,RED
DS_WORKPLACE_TRANSITION,Workplace Transition / RTO,P&C,2026-04-27,DEFINITIONS,Data Definitions,38.86,RED
DS_WORKPLACE_TRANSITION,Workplace Transition / RTO,P&C,2026-04-27,KEY_PROPERTIES,Key Properties,100.0,GREEN
DS_WORKPLACE_TRANSITION,Workplace Transition / RTO,P&C,2026-04-27,USAGE,Usage,10.0,RED
DS_WORKPLACE_TRANSITION,Workplace Transition / RTO,P&C,2026-04-27,FEEDBACK,User Feedback,78.36,AMBER
DS_WORKPLACE_TRANSITION,Workplace Transition / RTO,P&C,2026-04-28,OWNERSHIP,Data Ownership,0.0,RED
DS_WORKPLACE_TRANSITION,Workplace Transition / RTO,P&C,2026-04-28,SOURCE,Data Source,75.0,AMBER
DS_WORKPLACE_TRANSITION,Workplace Transition / RTO,P&C,2026-04-28,ISSUES,Active Issues,87.0,GREEN
DS_WORKPLACE_TRANSITION,Workplace Transition / RTO,P&C,2026-04-28,TIMELINESS,Timeliness,92.96,GREEN
DS_WORKPLACE_TRANSITION,Workplace Transition / RTO,P&C,2026-04-28,COMPLETENESS_KEY_PROPS,Completeness of Key Properties,93.61,GREEN
DS_WORKPLACE_TRANSITION,Workplace Transition / RTO,P&C,2026-04-28,PROFILING,Data Profiling,58.33,RED
DS_WORKPLACE_TRANSITION,Workplace Transition / RTO,P&C,2026-04-28,DEFINITIONS,Data Definitions,43.06,RED
DS_WORKPLACE_TRANSITION,Workplace Transition / RTO,P&C,2026-04-28,KEY_PROPERTIES,Key Properties,100.0,GREEN
DS_WORKPLACE_TRANSITION,Workplace Transition / RTO,P&C,2026-04-28,USAGE,Usage,23.33,RED
DS_WORKPLACE_TRANSITION,Workplace Transition / RTO,P&C,2026-04-28,FEEDBACK,User Feedback,77.59,AMBER
DS_WORKPLACE_TRANSITION,Workplace Transition / RTO,P&C,2026-04-29,OWNERSHIP,Data Ownership,0.0,RED
DS_WORKPLACE_TRANSITION,Workplace Transition / RTO,P&C,2026-04-29,SOURCE,Data Source,75.0,AMBER
DS_WORKPLACE_TRANSITION,Workplace Transition / RTO,P&C,2026-04-29,ISSUES,Active Issues,96.0,GREEN
DS_WORKPLACE_TRANSITION,Workplace Transition / RTO,P&C,2026-04-29,TIMELINESS,Timeliness,92.35,GREEN
DS_WORKPLACE_TRANSITION,Workplace Transition / RTO,P&C,2026-04-29,COMPLETENESS_KEY_PROPS,Completeness of Key Properties,96.25,GREEN
DS_WORKPLACE_TRANSITION,Workplace Transition / RTO,P&C,2026-04-29,PROFILING,Data Profiling,70.83,AMBER
DS_WORKPLACE_TRANSITION,Workplace Transition / RTO,P&C,2026-04-29,DEFINITIONS,Data Definitions,39.66,RED
DS_WORKPLACE_TRANSITION,Workplace Transition / RTO,P&C,2026-04-29,KEY_PROPERTIES,Key Properties,100.0,GREEN
DS_WORKPLACE_TRANSITION,Workplace Transition / RTO,P&C,2026-04-29,USAGE,Usage,30.0,RED
DS_WORKPLACE_TRANSITION,Workplace Transition / RTO,P&C,2026-04-29,FEEDBACK,User Feedback,70.79,AMBER
DS_WORKPLACE_TRANSITION,Workplace Transition / RTO,P&C,2026-04-30,OWNERSHIP,Data Ownership,0.0,RED
DS_WORKPLACE_TRANSITION,Workplace Transition / RTO,P&C,2026-04-30,SOURCE,Data Source,75.0,AMBER
DS_WORKPLACE_TRANSITION,Workplace Transition / RTO,P&C,2026-04-30,ISSUES,Active Issues,95.0,GREEN
DS_WORKPLACE_TRANSITION,Workplace Transition / RTO,P&C,2026-04-30,TIMELINESS,Timeliness,88.86,GREEN
DS_WORKPLACE_TRANSITION,Workplace Transition / RTO,P&C,2026-04-30,COMPLETENESS_KEY_PROPS,Completeness of Key Properties,94.22,GREEN
DS_WORKPLACE_TRANSITION,Workplace Transition / RTO,P&C,2026-04-30,PROFILING,Data Profiling,58.33,RED
DS_WORKPLACE_TRANSITION,Workplace Transition / RTO,P&C,2026-04-30,DEFINITIONS,Data Definitions,37.4,RED
DS_WORKPLACE_TRANSITION,Workplace Transition / RTO,P&C,2026-04-30,KEY_PROPERTIES,Key Properties,100.0,GREEN
DS_WORKPLACE_TRANSITION,Workplace Transition / RTO,P&C,2026-04-30,USAGE,Usage,3.33,RED
DS_WORKPLACE_TRANSITION,Workplace Transition / RTO,P&C,2026-04-30,FEEDBACK,User Feedback,73.96,AMBER
DS_WORKPLACE_TRANSITION,Workplace Transition / RTO,P&C,2026-05-01,OWNERSHIP,Data Ownership,0.0,RED
DS_WORKPLACE_TRANSITION,Workplace Transition / RTO,P&C,2026-05-01,SOURCE,Data Source,75.0,AMBER
DS_WORKPLACE_TRANSITION,Workplace Transition / RTO,P&C,2026-05-01,ISSUES,Active Issues,94.0,GREEN
DS_WORKPLACE_TRANSITION,Workplace Transition / RTO,P&C,2026-05-01,TIMELINESS,Timeliness,88.46,GREEN
DS_WORKPLACE_TRANSITION,Workplace Transition / RTO,P&C,2026-05-01,COMPLETENESS_KEY_PROPS,Completeness of Key Properties,93.66,GREEN
DS_WORKPLACE_TRANSITION,Workplace Transition / RTO,P&C,2026-05-01,PROFILING,Data Profiling,58.33,RED
DS_WORKPLACE_TRANSITION,Workplace Transition / RTO,P&C,2026-05-01,DEFINITIONS,Data Definitions,39.37,RED
DS_WORKPLACE_TRANSITION,Workplace Transition / RTO,P&C,2026-05-01,KEY_PROPERTIES,Key Properties,100.0,GREEN
DS_WORKPLACE_TRANSITION,Workplace Transition / RTO,P&C,2026-05-01,USAGE,Usage,15.0,RED
DS_WORKPLACE_TRANSITION,Workplace Transition / RTO,P&C,2026-05-01,FEEDBACK,User Feedback,78.05,AMBER
DS_WORKPLACE_TRANSITION,Workplace Transition / RTO,P&C,2026-05-02,OWNERSHIP,Data Ownership,0.0,RED
DS_WORKPLACE_TRANSITION,Workplace Transition / RTO,P&C,2026-05-02,SOURCE,Data Source,75.0,AMBER
DS_WORKPLACE_TRANSITION,Workplace Transition / RTO,P&C,2026-05-02,ISSUES,Active Issues,94.0,GREEN
DS_WORKPLACE_TRANSITION,Workplace Transition / RTO,P&C,2026-05-02,TIMELINESS,Timeliness,94.95,GREEN
DS_WORKPLACE_TRANSITION,Workplace Transition / RTO,P&C,2026-05-02,COMPLETENESS_KEY_PROPS,Completeness of Key Properties,95.49,GREEN
DS_WORKPLACE_TRANSITION,Workplace Transition / RTO,P&C,2026-05-02,PROFILING,Data Profiling,62.5,AMBER
DS_WORKPLACE_TRANSITION,Workplace Transition / RTO,P&C,2026-05-02,DEFINITIONS,Data Definitions,37.04,RED
DS_WORKPLACE_TRANSITION,Workplace Transition / RTO,P&C,2026-05-02,KEY_PROPERTIES,Key Properties,100.0,GREEN
DS_WORKPLACE_TRANSITION,Workplace Transition / RTO,P&C,2026-05-02,USAGE,Usage,26.67,RED
DS_WORKPLACE_TRANSITION,Workplace Transition / RTO,P&C,2026-05-02,FEEDBACK,User Feedback,68.97,AMBER
DS_WORKPLACE_TRANSITION,Workplace Transition / RTO,P&C,2026-05-03,OWNERSHIP,Data Ownership,0.0,RED
DS_WORKPLACE_TRANSITION,Workplace Transition / RTO,P&C,2026-05-03,SOURCE,Data Source,75.0,AMBER
DS_WORKPLACE_TRANSITION,Workplace Transition / RTO,P&C,2026-05-03,ISSUES,Active Issues,83.0,GREEN
DS_WORKPLACE_TRANSITION,Workplace Transition / RTO,P&C,2026-05-03,TIMELINESS,Timeliness,90.73,GREEN
DS_WORKPLACE_TRANSITION,Workplace Transition / RTO,P&C,2026-05-03,COMPLETENESS_KEY_PROPS,Completeness of Key Properties,92.91,GREEN
DS_WORKPLACE_TRANSITION,Workplace Transition / RTO,P&C,2026-05-03,PROFILING,Data Profiling,62.5,AMBER
DS_WORKPLACE_TRANSITION,Workplace Transition / RTO,P&C,2026-05-03,DEFINITIONS,Data Definitions,36.46,RED
DS_WORKPLACE_TRANSITION,Workplace Transition / RTO,P&C,2026-05-03,KEY_PROPERTIES,Key Properties,100.0,GREEN
DS_WORKPLACE_TRANSITION,Workplace Transition / RTO,P&C,2026-05-03,USAGE,Usage,8.33,RED
DS_WORKPLACE_TRANSITION,Workplace Transition / RTO,P&C,2026-05-03,FEEDBACK,User Feedback,74.42,AMBER
DS_WORKPLACE_TRANSITION,Workplace Transition / RTO,P&C,2026-05-04,OWNERSHIP,Data Ownership,0.0,RED
DS_WORKPLACE_TRANSITION,Workplace Transition / RTO,P&C,2026-05-04,SOURCE,Data Source,75.0,AMBER
DS_WORKPLACE_TRANSITION,Workplace Transition / RTO,P&C,2026-05-04,ISSUES,Active Issues,87.0,GREEN
DS_WORKPLACE_TRANSITION,Workplace Transition / RTO,P&C,2026-05-04,TIMELINESS,Timeliness,95.06,GREEN
DS_WORKPLACE_TRANSITION,Workplace Transition / RTO,P&C,2026-05-04,COMPLETENESS_KEY_PROPS,Completeness of Key Properties,93.85,GREEN
DS_WORKPLACE_TRANSITION,Workplace Transition / RTO,P&C,2026-05-04,PROFILING,Data Profiling,66.67,AMBER
DS_WORKPLACE_TRANSITION,Workplace Transition / RTO,P&C,2026-05-04,DEFINITIONS,Data Definitions,40.68,RED
DS_WORKPLACE_TRANSITION,Workplace Transition / RTO,P&C,2026-05-04,KEY_PROPERTIES,Key Properties,100.0,GREEN
DS_WORKPLACE_TRANSITION,Workplace Transition / RTO,P&C,2026-05-04,USAGE,Usage,6.67,RED
DS_WORKPLACE_TRANSITION,Workplace Transition / RTO,P&C,2026-05-04,FEEDBACK,User Feedback,88.51,GREEN
DS_WORKPLACE_TRANSITION,Workplace Transition / RTO,P&C,2026-05-05,OWNERSHIP,Data Ownership,0.0,RED
DS_WORKPLACE_TRANSITION,Workplace Transition / RTO,P&C,2026-05-05,SOURCE,Data Source,75.0,AMBER
DS_WORKPLACE_TRANSITION,Workplace Transition / RTO,P&C,2026-05-05,ISSUES,Active Issues,74.0,AMBER
DS_WORKPLACE_TRANSITION,Workplace Transition / RTO,P&C,2026-05-05,TIMELINESS,Timeliness,87.94,GREEN
DS_WORKPLACE_TRANSITION,Workplace Transition / RTO,P&C,2026-05-05,COMPLETENESS_KEY_PROPS,Completeness of Key Properties,93.49,GREEN
DS_WORKPLACE_TRANSITION,Workplace Transition / RTO,P&C,2026-05-05,PROFILING,Data Profiling,70.83,AMBER
DS_WORKPLACE_TRANSITION,Workplace Transition / RTO,P&C,2026-05-05,DEFINITIONS,Data Definitions,36.96,RED
DS_WORKPLACE_TRANSITION,Workplace Transition / RTO,P&C,2026-05-05,KEY_PROPERTIES,Key Properties,100.0,GREEN
DS_WORKPLACE_TRANSITION,Workplace Transition / RTO,P&C,2026-05-05,USAGE,Usage,20.0,RED
DS_WORKPLACE_TRANSITION,Workplace Transition / RTO,P&C,2026-05-05,FEEDBACK,User Feedback,86.28,GREEN
DS_WORKPLACE_TRANSITION,Workplace Transition / RTO,P&C,2026-05-06,OWNERSHIP,Data Ownership,0.0,RED
DS_WORKPLACE_TRANSITION,Workplace Transition / RTO,P&C,2026-05-06,SOURCE,Data Source,75.0,AMBER
DS_WORKPLACE_TRANSITION,Workplace Transition / RTO,P&C,2026-05-06,ISSUES,Active Issues,72.0,AMBER
DS_WORKPLACE_TRANSITION,Workplace Transition / RTO,P&C,2026-05-06,TIMELINESS,Timeliness,95.52,GREEN
DS_WORKPLACE_TRANSITION,Workplace Transition / RTO,P&C,2026-05-06,COMPLETENESS_KEY_PROPS,Completeness of Key Properties,92.73,GREEN
DS_WORKPLACE_TRANSITION,Workplace Transition / RTO,P&C,2026-05-06,PROFILING,Data Profiling,58.33,RED
DS_WORKPLACE_TRANSITION,Workplace Transition / RTO,P&C,2026-05-06,DEFINITIONS,Data Definitions,36.57,RED
DS_WORKPLACE_TRANSITION,Workplace Transition / RTO,P&C,2026-05-06,KEY_PROPERTIES,Key Properties,100.0,GREEN
DS_WORKPLACE_TRANSITION,Workplace Transition / RTO,P&C,2026-05-06,USAGE,Usage,26.67,RED
DS_WORKPLACE_TRANSITION,Workplace Transition / RTO,P&C,2026-05-06,FEEDBACK,User Feedback,59.91,RED
DS_BEELINE_CONSO,Beeline Consolidated (FPA),FPA,2026-02-05,OWNERSHIP,Data Ownership,0.0,RED
DS_BEELINE_CONSO,Beeline Consolidated (FPA),FPA,2026-02-05,SOURCE,Data Source,75.0,AMBER
DS_BEELINE_CONSO,Beeline Consolidated (FPA),FPA,2026-02-05,ISSUES,Active Issues,83.0,GREEN
DS_BEELINE_CONSO,Beeline Consolidated (FPA),FPA,2026-02-05,TIMELINESS,Timeliness,92.64,GREEN
DS_BEELINE_CONSO,Beeline Consolidated (FPA),FPA,2026-02-05,COMPLETENESS_KEY_PROPS,Completeness of Key Properties,93.41,GREEN
DS_BEELINE_CONSO,Beeline Consolidated (FPA),FPA,2026-02-05,PROFILING,Data Profiling,62.5,AMBER
DS_BEELINE_CONSO,Beeline Consolidated (FPA),FPA,2026-02-05,DEFINITIONS,Data Definitions,36.36,RED
DS_BEELINE_CONSO,Beeline Consolidated (FPA),FPA,2026-02-05,KEY_PROPERTIES,Key Properties,100.0,GREEN
DS_BEELINE_CONSO,Beeline Consolidated (FPA),FPA,2026-02-05,USAGE,Usage,30.0,RED
DS_BEELINE_CONSO,Beeline Consolidated (FPA),FPA,2026-02-05,FEEDBACK,User Feedback,61.25,AMBER
DS_BEELINE_CONSO,Beeline Consolidated (FPA),FPA,2026-02-06,OWNERSHIP,Data Ownership,0.0,RED
DS_BEELINE_CONSO,Beeline Consolidated (FPA),FPA,2026-02-06,SOURCE,Data Source,75.0,AMBER
DS_BEELINE_CONSO,Beeline Consolidated (FPA),FPA,2026-02-06,ISSUES,Active Issues,98.0,GREEN
DS_BEELINE_CONSO,Beeline Consolidated (FPA),FPA,2026-02-06,TIMELINESS,Timeliness,94.27,GREEN
DS_BEELINE_CONSO,Beeline Consolidated (FPA),FPA,2026-02-06,COMPLETENESS_KEY_PROPS,Completeness of Key Properties,97.19,GREEN
DS_BEELINE_CONSO,Beeline Consolidated (FPA),FPA,2026-02-06,PROFILING,Data Profiling,54.17,RED
DS_BEELINE_CONSO,Beeline Consolidated (FPA),FPA,2026-02-06,DEFINITIONS,Data Definitions,23.86,RED
DS_BEELINE_CONSO,Beeline Consolidated (FPA),FPA,2026-02-06,KEY_PROPERTIES,Key Properties,100.0,GREEN
DS_BEELINE_CONSO,Beeline Consolidated (FPA),FPA,2026-02-06,USAGE,Usage,18.33,RED
DS_BEELINE_CONSO,Beeline Consolidated (FPA),FPA,2026-02-06,FEEDBACK,User Feedback,92.14,GREEN
DS_BEELINE_CONSO,Beeline Consolidated (FPA),FPA,2026-02-07,OWNERSHIP,Data Ownership,0.0,RED
DS_BEELINE_CONSO,Beeline Consolidated (FPA),FPA,2026-02-07,SOURCE,Data Source,75.0,AMBER
DS_BEELINE_CONSO,Beeline Consolidated (FPA),FPA,2026-02-07,ISSUES,Active Issues,78.0,AMBER
DS_BEELINE_CONSO,Beeline Consolidated (FPA),FPA,2026-02-07,TIMELINESS,Timeliness,100.0,GREEN
DS_BEELINE_CONSO,Beeline Consolidated (FPA),FPA,2026-02-07,COMPLETENESS_KEY_PROPS,Completeness of Key Properties,94.39,GREEN
DS_BEELINE_CONSO,Beeline Consolidated (FPA),FPA,2026-02-07,PROFILING,Data Profiling,83.33,GREEN
DS_BEELINE_CONSO,Beeline Consolidated (FPA),FPA,2026-02-07,DEFINITIONS,Data Definitions,33.17,RED
DS_BEELINE_CONSO,Beeline Consolidated (FPA),FPA,2026-02-07,KEY_PROPERTIES,Key Properties,100.0,GREEN
DS_BEELINE_CONSO,Beeline Consolidated (FPA),FPA,2026-02-07,USAGE,Usage,20.0,RED
DS_BEELINE_CONSO,Beeline Consolidated (FPA),FPA,2026-02-07,FEEDBACK,User Feedback,81.78,GREEN
DS_BEELINE_CONSO,Beeline Consolidated (FPA),FPA,2026-02-08,OWNERSHIP,Data Ownership,0.0,RED
DS_BEELINE_CONSO,Beeline Consolidated (FPA),FPA,2026-02-08,SOURCE,Data Source,75.0,AMBER
DS_BEELINE_CONSO,Beeline Consolidated (FPA),FPA,2026-02-08,ISSUES,Active Issues,85.0,GREEN
DS_BEELINE_CONSO,Beeline Consolidated (FPA),FPA,2026-02-08,TIMELINESS,Timeliness,90.06,GREEN
DS_BEELINE_CONSO,Beeline Consolidated (FPA),FPA,2026-02-08,COMPLETENESS_KEY_PROPS,Completeness of Key Properties,94.86,GREEN
DS_BEELINE_CONSO,Beeline Consolidated (FPA),FPA,2026-02-08,PROFILING,Data Profiling,62.5,AMBER
DS_BEELINE_CONSO,Beeline Consolidated (FPA),FPA,2026-02-08,DEFINITIONS,Data Definitions,38.85,RED
DS_BEELINE_CONSO,Beeline Consolidated (FPA),FPA,2026-02-08,KEY_PROPERTIES,Key Properties,100.0,GREEN
DS_BEELINE_CONSO,Beeline Consolidated (FPA),FPA,2026-02-08,USAGE,Usage,16.67,RED
DS_BEELINE_CONSO,Beeline Consolidated (FPA),FPA,2026-02-08,FEEDBACK,User Feedback,83.7,GREEN
DS_BEELINE_CONSO,Beeline Consolidated (FPA),FPA,2026-02-09,OWNERSHIP,Data Ownership,0.0,RED
DS_BEELINE_CONSO,Beeline Consolidated (FPA),FPA,2026-02-09,SOURCE,Data Source,75.0,AMBER
DS_BEELINE_CONSO,Beeline Consolidated (FPA),FPA,2026-02-09,ISSUES,Active Issues,95.0,GREEN
DS_BEELINE_CONSO,Beeline Consolidated (FPA),FPA,2026-02-09,TIMELINESS,Timeliness,96.22,GREEN
DS_BEELINE_CONSO,Beeline Consolidated (FPA),FPA,2026-02-09,COMPLETENESS_KEY_PROPS,Completeness of Key Properties,96.54,GREEN
DS_BEELINE_CONSO,Beeline Consolidated (FPA),FPA,2026-02-09,PROFILING,Data Profiling,66.67,AMBER
DS_BEELINE_CONSO,Beeline Consolidated (FPA),FPA,2026-02-09,DEFINITIONS,Data Definitions,34.44,RED
DS_BEELINE_CONSO,Beeline Consolidated (FPA),FPA,2026-02-09,KEY_PROPERTIES,Key Properties,100.0,GREEN
DS_BEELINE_CONSO,Beeline Consolidated (FPA),FPA,2026-02-09,USAGE,Usage,40.0,RED
DS_BEELINE_CONSO,Beeline Consolidated (FPA),FPA,2026-02-09,FEEDBACK,User Feedback,69.63,AMBER
DS_BEELINE_CONSO,Beeline Consolidated (FPA),FPA,2026-02-10,OWNERSHIP,Data Ownership,0.0,RED
DS_BEELINE_CONSO,Beeline Consolidated (FPA),FPA,2026-02-10,SOURCE,Data Source,75.0,AMBER
DS_BEELINE_CONSO,Beeline Consolidated (FPA),FPA,2026-02-10,ISSUES,Active Issues,92.0,GREEN
DS_BEELINE_CONSO,Beeline Consolidated (FPA),FPA,2026-02-10,TIMELINESS,Timeliness,95.64,GREEN
DS_BEELINE_CONSO,Beeline Consolidated (FPA),FPA,2026-02-10,COMPLETENESS_KEY_PROPS,Completeness of Key Properties,95.34,GREEN
DS_BEELINE_CONSO,Beeline Consolidated (FPA),FPA,2026-02-10,PROFILING,Data Profiling,62.5,AMBER
DS_BEELINE_CONSO,Beeline Consolidated (FPA),FPA,2026-02-10,DEFINITIONS,Data Definitions,32.93,RED
DS_BEELINE_CONSO,Beeline Consolidated (FPA),FPA,2026-02-10,KEY_PROPERTIES,Key Properties,100.0,GREEN
DS_BEELINE_CONSO,Beeline Consolidated (FPA),FPA,2026-02-10,USAGE,Usage,16.67,RED
DS_BEELINE_CONSO,Beeline Consolidated (FPA),FPA,2026-02-10,FEEDBACK,User Feedback,71.08,AMBER
DS_BEELINE_CONSO,Beeline Consolidated (FPA),FPA,2026-02-11,OWNERSHIP,Data Ownership,0.0,RED
DS_BEELINE_CONSO,Beeline Consolidated (FPA),FPA,2026-02-11,SOURCE,Data Source,75.0,AMBER
DS_BEELINE_CONSO,Beeline Consolidated (FPA),FPA,2026-02-11,ISSUES,Active Issues,93.0,GREEN
DS_BEELINE_CONSO,Beeline Consolidated (FPA),FPA,2026-02-11,TIMELINESS,Timeliness,94.59,GREEN
DS_BEELINE_CONSO,Beeline Consolidated (FPA),FPA,2026-02-11,COMPLETENESS_KEY_PROPS,Completeness of Key Properties,92.93,GREEN
DS_BEELINE_CONSO,Beeline Consolidated (FPA),FPA,2026-02-11,PROFILING,Data Profiling,62.5,AMBER
DS_BEELINE_CONSO,Beeline Consolidated (FPA),FPA,2026-02-11,DEFINITIONS,Data Definitions,36.25,RED
DS_BEELINE_CONSO,Beeline Consolidated (FPA),FPA,2026-02-11,KEY_PROPERTIES,Key Properties,100.0,GREEN
DS_BEELINE_CONSO,Beeline Consolidated (FPA),FPA,2026-02-11,USAGE,Usage,0.0,RED
DS_BEELINE_CONSO,Beeline Consolidated (FPA),FPA,2026-02-11,FEEDBACK,User Feedback,63.17,AMBER
DS_BEELINE_CONSO,Beeline Consolidated (FPA),FPA,2026-02-12,OWNERSHIP,Data Ownership,0.0,RED
DS_BEELINE_CONSO,Beeline Consolidated (FPA),FPA,2026-02-12,SOURCE,Data Source,75.0,AMBER
DS_BEELINE_CONSO,Beeline Consolidated (FPA),FPA,2026-02-12,ISSUES,Active Issues,97.0,GREEN
DS_BEELINE_CONSO,Beeline Consolidated (FPA),FPA,2026-02-12,TIMELINESS,Timeliness,100.0,GREEN
DS_BEELINE_CONSO,Beeline Consolidated (FPA),FPA,2026-02-12,COMPLETENESS_KEY_PROPS,Completeness of Key Properties,94.31,GREEN
DS_BEELINE_CONSO,Beeline Consolidated (FPA),FPA,2026-02-12,PROFILING,Data Profiling,66.67,AMBER
DS_BEELINE_CONSO,Beeline Consolidated (FPA),FPA,2026-02-12,DEFINITIONS,Data Definitions,35.19,RED
DS_BEELINE_CONSO,Beeline Consolidated (FPA),FPA,2026-02-12,KEY_PROPERTIES,Key Properties,100.0,GREEN
DS_BEELINE_CONSO,Beeline Consolidated (FPA),FPA,2026-02-12,USAGE,Usage,41.67,RED
DS_BEELINE_CONSO,Beeline Consolidated (FPA),FPA,2026-02-12,FEEDBACK,User Feedback,87.12,GREEN
DS_BEELINE_CONSO,Beeline Consolidated (FPA),FPA,2026-02-13,OWNERSHIP,Data Ownership,0.0,RED
DS_BEELINE_CONSO,Beeline Consolidated (FPA),FPA,2026-02-13,SOURCE,Data Source,75.0,AMBER
DS_BEELINE_CONSO,Beeline Consolidated (FPA),FPA,2026-02-13,ISSUES,Active Issues,97.0,GREEN
DS_BEELINE_CONSO,Beeline Consolidated (FPA),FPA,2026-02-13,TIMELINESS,Timeliness,100.0,GREEN
DS_BEELINE_CONSO,Beeline Consolidated (FPA),FPA,2026-02-13,COMPLETENESS_KEY_PROPS,Completeness of Key Properties,93.94,GREEN
DS_BEELINE_CONSO,Beeline Consolidated (FPA),FPA,2026-02-13,PROFILING,Data Profiling,75.0,AMBER
DS_BEELINE_CONSO,Beeline Consolidated (FPA),FPA,2026-02-13,DEFINITIONS,Data Definitions,36.68,RED
DS_BEELINE_CONSO,Beeline Consolidated (FPA),FPA,2026-02-13,KEY_PROPERTIES,Key Properties,100.0,GREEN
DS_BEELINE_CONSO,Beeline Consolidated (FPA),FPA,2026-02-13,USAGE,Usage,6.67,RED
DS_BEELINE_CONSO,Beeline Consolidated (FPA),FPA,2026-02-13,FEEDBACK,User Feedback,89.48,GREEN
DS_BEELINE_CONSO,Beeline Consolidated (FPA),FPA,2026-02-14,OWNERSHIP,Data Ownership,0.0,RED
DS_BEELINE_CONSO,Beeline Consolidated (FPA),FPA,2026-02-14,SOURCE,Data Source,75.0,AMBER
DS_BEELINE_CONSO,Beeline Consolidated (FPA),FPA,2026-02-14,ISSUES,Active Issues,93.0,GREEN
DS_BEELINE_CONSO,Beeline Consolidated (FPA),FPA,2026-02-14,TIMELINESS,Timeliness,97.84,GREEN
DS_BEELINE_CONSO,Beeline Consolidated (FPA),FPA,2026-02-14,COMPLETENESS_KEY_PROPS,Completeness of Key Properties,96.97,GREEN
DS_BEELINE_CONSO,Beeline Consolidated (FPA),FPA,2026-02-14,PROFILING,Data Profiling,66.67,AMBER
DS_BEELINE_CONSO,Beeline Consolidated (FPA),FPA,2026-02-14,DEFINITIONS,Data Definitions,31.15,RED
DS_BEELINE_CONSO,Beeline Consolidated (FPA),FPA,2026-02-14,KEY_PROPERTIES,Key Properties,100.0,GREEN
DS_BEELINE_CONSO,Beeline Consolidated (FPA),FPA,2026-02-14,USAGE,Usage,23.33,RED
DS_BEELINE_CONSO,Beeline Consolidated (FPA),FPA,2026-02-14,FEEDBACK,User Feedback,63.01,AMBER
DS_BEELINE_CONSO,Beeline Consolidated (FPA),FPA,2026-02-15,OWNERSHIP,Data Ownership,0.0,RED
DS_BEELINE_CONSO,Beeline Consolidated (FPA),FPA,2026-02-15,SOURCE,Data Source,75.0,AMBER
DS_BEELINE_CONSO,Beeline Consolidated (FPA),FPA,2026-02-15,ISSUES,Active Issues,92.0,GREEN
DS_BEELINE_CONSO,Beeline Consolidated (FPA),FPA,2026-02-15,TIMELINESS,Timeliness,97.1,GREEN
DS_BEELINE_CONSO,Beeline Consolidated (FPA),FPA,2026-02-15,COMPLETENESS_KEY_PROPS,Completeness of Key Properties,93.78,GREEN
DS_BEELINE_CONSO,Beeline Consolidated (FPA),FPA,2026-02-15,PROFILING,Data Profiling,66.67,AMBER
DS_BEELINE_CONSO,Beeline Consolidated (FPA),FPA,2026-02-15,DEFINITIONS,Data Definitions,35.19,RED
DS_BEELINE_CONSO,Beeline Consolidated (FPA),FPA,2026-02-15,KEY_PROPERTIES,Key Properties,100.0,GREEN
DS_BEELINE_CONSO,Beeline Consolidated (FPA),FPA,2026-02-15,USAGE,Usage,0.0,RED
DS_BEELINE_CONSO,Beeline Consolidated (FPA),FPA,2026-02-15,FEEDBACK,User Feedback,66.99,AMBER
DS_BEELINE_CONSO,Beeline Consolidated (FPA),FPA,2026-02-16,OWNERSHIP,Data Ownership,0.0,RED
DS_BEELINE_CONSO,Beeline Consolidated (FPA),FPA,2026-02-16,SOURCE,Data Source,75.0,AMBER
DS_BEELINE_CONSO,Beeline Consolidated (FPA),FPA,2026-02-16,ISSUES,Active Issues,81.0,GREEN
DS_BEELINE_CONSO,Beeline Consolidated (FPA),FPA,2026-02-16,TIMELINESS,Timeliness,96.35,GREEN
DS_BEELINE_CONSO,Beeline Consolidated (FPA),FPA,2026-02-16,COMPLETENESS_KEY_PROPS,Completeness of Key Properties,97.9,GREEN
DS_BEELINE_CONSO,Beeline Consolidated (FPA),FPA,2026-02-16,PROFILING,Data Profiling,83.33,GREEN
DS_BEELINE_CONSO,Beeline Consolidated (FPA),FPA,2026-02-16,DEFINITIONS,Data Definitions,37.91,RED
DS_BEELINE_CONSO,Beeline Consolidated (FPA),FPA,2026-02-16,KEY_PROPERTIES,Key Properties,100.0,GREEN
DS_BEELINE_CONSO,Beeline Consolidated (FPA),FPA,2026-02-16,USAGE,Usage,18.33,RED
DS_BEELINE_CONSO,Beeline Consolidated (FPA),FPA,2026-02-16,FEEDBACK,User Feedback,72.31,AMBER
DS_BEELINE_CONSO,Beeline Consolidated (FPA),FPA,2026-02-17,OWNERSHIP,Data Ownership,0.0,RED
DS_BEELINE_CONSO,Beeline Consolidated (FPA),FPA,2026-02-17,SOURCE,Data Source,75.0,AMBER
DS_BEELINE_CONSO,Beeline Consolidated (FPA),FPA,2026-02-17,ISSUES,Active Issues,94.0,GREEN
DS_BEELINE_CONSO,Beeline Consolidated (FPA),FPA,2026-02-17,TIMELINESS,Timeliness,94.32,GREEN
DS_BEELINE_CONSO,Beeline Consolidated (FPA),FPA,2026-02-17,COMPLETENESS_KEY_PROPS,Completeness of Key Properties,97.94,GREEN
DS_BEELINE_CONSO,Beeline Consolidated (FPA),FPA,2026-02-17,PROFILING,Data Profiling,62.5,AMBER
DS_BEELINE_CONSO,Beeline Consolidated (FPA),FPA,2026-02-17,DEFINITIONS,Data Definitions,35.29,RED
DS_BEELINE_CONSO,Beeline Consolidated (FPA),FPA,2026-02-17,KEY_PROPERTIES,Key Properties,100.0,GREEN
DS_BEELINE_CONSO,Beeline Consolidated (FPA),FPA,2026-02-17,USAGE,Usage,23.33,RED
DS_BEELINE_CONSO,Beeline Consolidated (FPA),FPA,2026-02-17,FEEDBACK,User Feedback,71.24,AMBER
DS_BEELINE_CONSO,Beeline Consolidated (FPA),FPA,2026-02-18,OWNERSHIP,Data Ownership,0.0,RED
DS_BEELINE_CONSO,Beeline Consolidated (FPA),FPA,2026-02-18,SOURCE,Data Source,75.0,AMBER
DS_BEELINE_CONSO,Beeline Consolidated (FPA),FPA,2026-02-18,ISSUES,Active Issues,98.0,GREEN
DS_BEELINE_CONSO,Beeline Consolidated (FPA),FPA,2026-02-18,TIMELINESS,Timeliness,92.69,GREEN
DS_BEELINE_CONSO,Beeline Consolidated (FPA),FPA,2026-02-18,COMPLETENESS_KEY_PROPS,Completeness of Key Properties,94.48,GREEN
DS_BEELINE_CONSO,Beeline Consolidated (FPA),FPA,2026-02-18,PROFILING,Data Profiling,79.17,AMBER
DS_BEELINE_CONSO,Beeline Consolidated (FPA),FPA,2026-02-18,DEFINITIONS,Data Definitions,36.92,RED
DS_BEELINE_CONSO,Beeline Consolidated (FPA),FPA,2026-02-18,KEY_PROPERTIES,Key Properties,100.0,GREEN
DS_BEELINE_CONSO,Beeline Consolidated (FPA),FPA,2026-02-18,USAGE,Usage,10.0,RED
DS_BEELINE_CONSO,Beeline Consolidated (FPA),FPA,2026-02-18,FEEDBACK,User Feedback,85.57,GREEN
DS_BEELINE_CONSO,Beeline Consolidated (FPA),FPA,2026-02-19,OWNERSHIP,Data Ownership,0.0,RED
DS_BEELINE_CONSO,Beeline Consolidated (FPA),FPA,2026-02-19,SOURCE,Data Source,75.0,AMBER
DS_BEELINE_CONSO,Beeline Consolidated (FPA),FPA,2026-02-19,ISSUES,Active Issues,96.0,GREEN
DS_BEELINE_CONSO,Beeline Consolidated (FPA),FPA,2026-02-19,TIMELINESS,Timeliness,91.84,GREEN
DS_BEELINE_CONSO,Beeline Consolidated (FPA),FPA,2026-02-19,COMPLETENESS_KEY_PROPS,Completeness of Key Properties,94.15,GREEN
DS_BEELINE_CONSO,Beeline Consolidated (FPA),FPA,2026-02-19,PROFILING,Data Profiling,66.67,AMBER
DS_BEELINE_CONSO,Beeline Consolidated (FPA),FPA,2026-02-19,DEFINITIONS,Data Definitions,36.21,RED
DS_BEELINE_CONSO,Beeline Consolidated (FPA),FPA,2026-02-19,KEY_PROPERTIES,Key Properties,100.0,GREEN
DS_BEELINE_CONSO,Beeline Consolidated (FPA),FPA,2026-02-19,USAGE,Usage,8.33,RED
DS_BEELINE_CONSO,Beeline Consolidated (FPA),FPA,2026-02-19,FEEDBACK,User Feedback,100.0,GREEN
DS_BEELINE_CONSO,Beeline Consolidated (FPA),FPA,2026-02-20,OWNERSHIP,Data Ownership,0.0,RED
DS_BEELINE_CONSO,Beeline Consolidated (FPA),FPA,2026-02-20,SOURCE,Data Source,75.0,AMBER
DS_BEELINE_CONSO,Beeline Consolidated (FPA),FPA,2026-02-20,ISSUES,Active Issues,100.0,GREEN
DS_BEELINE_CONSO,Beeline Consolidated (FPA),FPA,2026-02-20,TIMELINESS,Timeliness,87.38,GREEN
DS_BEELINE_CONSO,Beeline Consolidated (FPA),FPA,2026-02-20,COMPLETENESS_KEY_PROPS,Completeness of Key Properties,95.1,GREEN
DS_BEELINE_CONSO,Beeline Consolidated (FPA),FPA,2026-02-20,PROFILING,Data Profiling,75.0,AMBER
DS_BEELINE_CONSO,Beeline Consolidated (FPA),FPA,2026-02-20,DEFINITIONS,Data Definitions,36.9,RED
DS_BEELINE_CONSO,Beeline Consolidated (FPA),FPA,2026-02-20,KEY_PROPERTIES,Key Properties,100.0,GREEN
DS_BEELINE_CONSO,Beeline Consolidated (FPA),FPA,2026-02-20,USAGE,Usage,15.0,RED
DS_BEELINE_CONSO,Beeline Consolidated (FPA),FPA,2026-02-20,FEEDBACK,User Feedback,81.32,GREEN
DS_BEELINE_CONSO,Beeline Consolidated (FPA),FPA,2026-02-21,OWNERSHIP,Data Ownership,0.0,RED
DS_BEELINE_CONSO,Beeline Consolidated (FPA),FPA,2026-02-21,SOURCE,Data Source,75.0,AMBER
DS_BEELINE_CONSO,Beeline Consolidated (FPA),FPA,2026-02-21,ISSUES,Active Issues,95.0,GREEN
DS_BEELINE_CONSO,Beeline Consolidated (FPA),FPA,2026-02-21,TIMELINESS,Timeliness,90.79,GREEN
DS_BEELINE_CONSO,Beeline Consolidated (FPA),FPA,2026-02-21,COMPLETENESS_KEY_PROPS,Completeness of Key Properties,95.67,GREEN
DS_BEELINE_CONSO,Beeline Consolidated (FPA),FPA,2026-02-21,PROFILING,Data Profiling,75.0,AMBER
DS_BEELINE_CONSO,Beeline Consolidated (FPA),FPA,2026-02-21,DEFINITIONS,Data Definitions,37.29,RED
DS_BEELINE_CONSO,Beeline Consolidated (FPA),FPA,2026-02-21,KEY_PROPERTIES,Key Properties,100.0,GREEN
DS_BEELINE_CONSO,Beeline Consolidated (FPA),FPA,2026-02-21,USAGE,Usage,26.67,RED
DS_BEELINE_CONSO,Beeline Consolidated (FPA),FPA,2026-02-21,FEEDBACK,User Feedback,79.03,AMBER
DS_BEELINE_CONSO,Beeline Consolidated (FPA),FPA,2026-02-22,OWNERSHIP,Data Ownership,0.0,RED
DS_BEELINE_CONSO,Beeline Consolidated (FPA),FPA,2026-02-22,SOURCE,Data Source,75.0,AMBER
DS_BEELINE_CONSO,Beeline Consolidated (FPA),FPA,2026-02-22,ISSUES,Active Issues,86.0,GREEN
DS_BEELINE_CONSO,Beeline Consolidated (FPA),FPA,2026-02-22,TIMELINESS,Timeliness,97.05,GREEN
DS_BEELINE_CONSO,Beeline Consolidated (FPA),FPA,2026-02-22,COMPLETENESS_KEY_PROPS,Completeness of Key Properties,96.83,GREEN
DS_BEELINE_CONSO,Beeline Consolidated (FPA),FPA,2026-02-22,PROFILING,Data Profiling,70.83,AMBER
DS_BEELINE_CONSO,Beeline Consolidated (FPA),FPA,2026-02-22,DEFINITIONS,Data Definitions,33.61,RED
DS_BEELINE_CONSO,Beeline Consolidated (FPA),FPA,2026-02-22,KEY_PROPERTIES,Key Properties,100.0,GREEN
DS_BEELINE_CONSO,Beeline Consolidated (FPA),FPA,2026-02-22,USAGE,Usage,23.33,RED
DS_BEELINE_CONSO,Beeline Consolidated (FPA),FPA,2026-02-22,FEEDBACK,User Feedback,67.2,AMBER
DS_BEELINE_CONSO,Beeline Consolidated (FPA),FPA,2026-02-23,OWNERSHIP,Data Ownership,0.0,RED
DS_BEELINE_CONSO,Beeline Consolidated (FPA),FPA,2026-02-23,SOURCE,Data Source,75.0,AMBER
DS_BEELINE_CONSO,Beeline Consolidated (FPA),FPA,2026-02-23,ISSUES,Active Issues,99.0,GREEN
DS_BEELINE_CONSO,Beeline Consolidated (FPA),FPA,2026-02-23,TIMELINESS,Timeliness,100.0,GREEN
DS_BEELINE_CONSO,Beeline Consolidated (FPA),FPA,2026-02-23,COMPLETENESS_KEY_PROPS,Completeness of Key Properties,95.69,GREEN
DS_BEELINE_CONSO,Beeline Consolidated (FPA),FPA,2026-02-23,PROFILING,Data Profiling,75.0,AMBER
DS_BEELINE_CONSO,Beeline Consolidated (FPA),FPA,2026-02-23,DEFINITIONS,Data Definitions,35.61,RED
DS_BEELINE_CONSO,Beeline Consolidated (FPA),FPA,2026-02-23,KEY_PROPERTIES,Key Properties,100.0,GREEN
DS_BEELINE_CONSO,Beeline Consolidated (FPA),FPA,2026-02-23,USAGE,Usage,3.33,RED
DS_BEELINE_CONSO,Beeline Consolidated (FPA),FPA,2026-02-23,FEEDBACK,User Feedback,71.75,AMBER
DS_BEELINE_CONSO,Beeline Consolidated (FPA),FPA,2026-02-24,OWNERSHIP,Data Ownership,0.0,RED
DS_BEELINE_CONSO,Beeline Consolidated (FPA),FPA,2026-02-24,SOURCE,Data Source,75.0,AMBER
DS_BEELINE_CONSO,Beeline Consolidated (FPA),FPA,2026-02-24,ISSUES,Active Issues,89.0,GREEN
DS_BEELINE_CONSO,Beeline Consolidated (FPA),FPA,2026-02-24,TIMELINESS,Timeliness,93.09,GREEN
DS_BEELINE_CONSO,Beeline Consolidated (FPA),FPA,2026-02-24,COMPLETENESS_KEY_PROPS,Completeness of Key Properties,96.4,GREEN
DS_BEELINE_CONSO,Beeline Consolidated (FPA),FPA,2026-02-24,PROFILING,Data Profiling,70.83,AMBER
DS_BEELINE_CONSO,Beeline Consolidated (FPA),FPA,2026-02-24,DEFINITIONS,Data Definitions,28.26,RED
DS_BEELINE_CONSO,Beeline Consolidated (FPA),FPA,2026-02-24,KEY_PROPERTIES,Key Properties,100.0,GREEN
DS_BEELINE_CONSO,Beeline Consolidated (FPA),FPA,2026-02-24,USAGE,Usage,20.0,RED
DS_BEELINE_CONSO,Beeline Consolidated (FPA),FPA,2026-02-24,FEEDBACK,User Feedback,93.53,GREEN
DS_BEELINE_CONSO,Beeline Consolidated (FPA),FPA,2026-02-25,OWNERSHIP,Data Ownership,0.0,RED
DS_BEELINE_CONSO,Beeline Consolidated (FPA),FPA,2026-02-25,SOURCE,Data Source,75.0,AMBER
DS_BEELINE_CONSO,Beeline Consolidated (FPA),FPA,2026-02-25,ISSUES,Active Issues,82.0,GREEN
DS_BEELINE_CONSO,Beeline Consolidated (FPA),FPA,2026-02-25,TIMELINESS,Timeliness,96.34,GREEN
DS_BEELINE_CONSO,Beeline Consolidated (FPA),FPA,2026-02-25,COMPLETENESS_KEY_PROPS,Completeness of Key Properties,94.91,GREEN
DS_BEELINE_CONSO,Beeline Consolidated (FPA),FPA,2026-02-25,PROFILING,Data Profiling,70.83,AMBER
DS_BEELINE_CONSO,Beeline Consolidated (FPA),FPA,2026-02-25,DEFINITIONS,Data Definitions,33.91,RED
DS_BEELINE_CONSO,Beeline Consolidated (FPA),FPA,2026-02-25,KEY_PROPERTIES,Key Properties,100.0,GREEN
DS_BEELINE_CONSO,Beeline Consolidated (FPA),FPA,2026-02-25,USAGE,Usage,15.0,RED
DS_BEELINE_CONSO,Beeline Consolidated (FPA),FPA,2026-02-25,FEEDBACK,User Feedback,75.9,AMBER
DS_BEELINE_CONSO,Beeline Consolidated (FPA),FPA,2026-02-26,OWNERSHIP,Data Ownership,0.0,RED
DS_BEELINE_CONSO,Beeline Consolidated (FPA),FPA,2026-02-26,SOURCE,Data Source,75.0,AMBER
DS_BEELINE_CONSO,Beeline Consolidated (FPA),FPA,2026-02-26,ISSUES,Active Issues,100.0,GREEN
DS_BEELINE_CONSO,Beeline Consolidated (FPA),FPA,2026-02-26,TIMELINESS,Timeliness,88.63,GREEN
DS_BEELINE_CONSO,Beeline Consolidated (FPA),FPA,2026-02-26,COMPLETENESS_KEY_PROPS,Completeness of Key Properties,98.15,GREEN
DS_BEELINE_CONSO,Beeline Consolidated (FPA),FPA,2026-02-26,PROFILING,Data Profiling,83.33,GREEN
DS_BEELINE_CONSO,Beeline Consolidated (FPA),FPA,2026-02-26,DEFINITIONS,Data Definitions,41.79,RED
DS_BEELINE_CONSO,Beeline Consolidated (FPA),FPA,2026-02-26,KEY_PROPERTIES,Key Properties,100.0,GREEN
DS_BEELINE_CONSO,Beeline Consolidated (FPA),FPA,2026-02-26,USAGE,Usage,10.0,RED
DS_BEELINE_CONSO,Beeline Consolidated (FPA),FPA,2026-02-26,FEEDBACK,User Feedback,77.6,AMBER
DS_BEELINE_CONSO,Beeline Consolidated (FPA),FPA,2026-02-27,OWNERSHIP,Data Ownership,0.0,RED
DS_BEELINE_CONSO,Beeline Consolidated (FPA),FPA,2026-02-27,SOURCE,Data Source,75.0,AMBER
DS_BEELINE_CONSO,Beeline Consolidated (FPA),FPA,2026-02-27,ISSUES,Active Issues,97.0,GREEN
DS_BEELINE_CONSO,Beeline Consolidated (FPA),FPA,2026-02-27,TIMELINESS,Timeliness,97.83,GREEN
DS_BEELINE_CONSO,Beeline Consolidated (FPA),FPA,2026-02-27,COMPLETENESS_KEY_PROPS,Completeness of Key Properties,98.7,GREEN
DS_BEELINE_CONSO,Beeline Consolidated (FPA),FPA,2026-02-27,PROFILING,Data Profiling,70.83,AMBER
DS_BEELINE_CONSO,Beeline Consolidated (FPA),FPA,2026-02-27,DEFINITIONS,Data Definitions,32.26,RED
DS_BEELINE_CONSO,Beeline Consolidated (FPA),FPA,2026-02-27,KEY_PROPERTIES,Key Properties,100.0,GREEN
DS_BEELINE_CONSO,Beeline Consolidated (FPA),FPA,2026-02-27,USAGE,Usage,20.0,RED
DS_BEELINE_CONSO,Beeline Consolidated (FPA),FPA,2026-02-27,FEEDBACK,User Feedback,71.36,AMBER
DS_BEELINE_CONSO,Beeline Consolidated (FPA),FPA,2026-02-28,OWNERSHIP,Data Ownership,0.0,RED
DS_BEELINE_CONSO,Beeline Consolidated (FPA),FPA,2026-02-28,SOURCE,Data Source,75.0,AMBER
DS_BEELINE_CONSO,Beeline Consolidated (FPA),FPA,2026-02-28,ISSUES,Active Issues,89.0,GREEN
DS_BEELINE_CONSO,Beeline Consolidated (FPA),FPA,2026-02-28,TIMELINESS,Timeliness,91.46,GREEN
DS_BEELINE_CONSO,Beeline Consolidated (FPA),FPA,2026-02-28,COMPLETENESS_KEY_PROPS,Completeness of Key Properties,94.92,GREEN
DS_BEELINE_CONSO,Beeline Consolidated (FPA),FPA,2026-02-28,PROFILING,Data Profiling,70.83,AMBER
DS_BEELINE_CONSO,Beeline Consolidated (FPA),FPA,2026-02-28,DEFINITIONS,Data Definitions,32.26,RED
DS_BEELINE_CONSO,Beeline Consolidated (FPA),FPA,2026-02-28,KEY_PROPERTIES,Key Properties,100.0,GREEN
DS_BEELINE_CONSO,Beeline Consolidated (FPA),FPA,2026-02-28,USAGE,Usage,16.67,RED
DS_BEELINE_CONSO,Beeline Consolidated (FPA),FPA,2026-02-28,FEEDBACK,User Feedback,88.52,GREEN
DS_BEELINE_CONSO,Beeline Consolidated (FPA),FPA,2026-03-01,OWNERSHIP,Data Ownership,0.0,RED
DS_BEELINE_CONSO,Beeline Consolidated (FPA),FPA,2026-03-01,SOURCE,Data Source,75.0,AMBER
DS_BEELINE_CONSO,Beeline Consolidated (FPA),FPA,2026-03-01,ISSUES,Active Issues,100.0,GREEN
DS_BEELINE_CONSO,Beeline Consolidated (FPA),FPA,2026-03-01,TIMELINESS,Timeliness,98.16,GREEN
DS_BEELINE_CONSO,Beeline Consolidated (FPA),FPA,2026-03-01,COMPLETENESS_KEY_PROPS,Completeness of Key Properties,96.27,GREEN
DS_BEELINE_CONSO,Beeline Consolidated (FPA),FPA,2026-03-01,PROFILING,Data Profiling,75.0,AMBER
DS_BEELINE_CONSO,Beeline Consolidated (FPA),FPA,2026-03-01,DEFINITIONS,Data Definitions,34.11,RED
DS_BEELINE_CONSO,Beeline Consolidated (FPA),FPA,2026-03-01,KEY_PROPERTIES,Key Properties,100.0,GREEN
DS_BEELINE_CONSO,Beeline Consolidated (FPA),FPA,2026-03-01,USAGE,Usage,33.33,RED
DS_BEELINE_CONSO,Beeline Consolidated (FPA),FPA,2026-03-01,FEEDBACK,User Feedback,88.59,GREEN
DS_BEELINE_CONSO,Beeline Consolidated (FPA),FPA,2026-03-02,OWNERSHIP,Data Ownership,0.0,RED
DS_BEELINE_CONSO,Beeline Consolidated (FPA),FPA,2026-03-02,SOURCE,Data Source,75.0,AMBER
DS_BEELINE_CONSO,Beeline Consolidated (FPA),FPA,2026-03-02,ISSUES,Active Issues,93.0,GREEN
DS_BEELINE_CONSO,Beeline Consolidated (FPA),FPA,2026-03-02,TIMELINESS,Timeliness,95.6,GREEN
DS_BEELINE_CONSO,Beeline Consolidated (FPA),FPA,2026-03-02,COMPLETENESS_KEY_PROPS,Completeness of Key Properties,98.3,GREEN
DS_BEELINE_CONSO,Beeline Consolidated (FPA),FPA,2026-03-02,PROFILING,Data Profiling,83.33,GREEN
DS_BEELINE_CONSO,Beeline Consolidated (FPA),FPA,2026-03-02,DEFINITIONS,Data Definitions,36.97,RED
DS_BEELINE_CONSO,Beeline Consolidated (FPA),FPA,2026-03-02,KEY_PROPERTIES,Key Properties,100.0,GREEN
DS_BEELINE_CONSO,Beeline Consolidated (FPA),FPA,2026-03-02,USAGE,Usage,33.33,RED
DS_BEELINE_CONSO,Beeline Consolidated (FPA),FPA,2026-03-02,FEEDBACK,User Feedback,60.11,AMBER
DS_BEELINE_CONSO,Beeline Consolidated (FPA),FPA,2026-03-03,OWNERSHIP,Data Ownership,0.0,RED
DS_BEELINE_CONSO,Beeline Consolidated (FPA),FPA,2026-03-03,SOURCE,Data Source,75.0,AMBER
DS_BEELINE_CONSO,Beeline Consolidated (FPA),FPA,2026-03-03,ISSUES,Active Issues,87.0,GREEN
DS_BEELINE_CONSO,Beeline Consolidated (FPA),FPA,2026-03-03,TIMELINESS,Timeliness,100.0,GREEN
DS_BEELINE_CONSO,Beeline Consolidated (FPA),FPA,2026-03-03,COMPLETENESS_KEY_PROPS,Completeness of Key Properties,94.18,GREEN
DS_BEELINE_CONSO,Beeline Consolidated (FPA),FPA,2026-03-03,PROFILING,Data Profiling,79.17,AMBER
DS_BEELINE_CONSO,Beeline Consolidated (FPA),FPA,2026-03-03,DEFINITIONS,Data Definitions,31.67,RED
DS_BEELINE_CONSO,Beeline Consolidated (FPA),FPA,2026-03-03,KEY_PROPERTIES,Key Properties,100.0,GREEN
DS_BEELINE_CONSO,Beeline Consolidated (FPA),FPA,2026-03-03,USAGE,Usage,13.33,RED
DS_BEELINE_CONSO,Beeline Consolidated (FPA),FPA,2026-03-03,FEEDBACK,User Feedback,75.6,AMBER
DS_BEELINE_CONSO,Beeline Consolidated (FPA),FPA,2026-03-04,OWNERSHIP,Data Ownership,0.0,RED
DS_BEELINE_CONSO,Beeline Consolidated (FPA),FPA,2026-03-04,SOURCE,Data Source,75.0,AMBER
DS_BEELINE_CONSO,Beeline Consolidated (FPA),FPA,2026-03-04,ISSUES,Active Issues,97.0,GREEN
DS_BEELINE_CONSO,Beeline Consolidated (FPA),FPA,2026-03-04,TIMELINESS,Timeliness,95.21,GREEN
DS_BEELINE_CONSO,Beeline Consolidated (FPA),FPA,2026-03-04,COMPLETENESS_KEY_PROPS,Completeness of Key Properties,96.58,GREEN
DS_BEELINE_CONSO,Beeline Consolidated (FPA),FPA,2026-03-04,PROFILING,Data Profiling,70.83,AMBER
DS_BEELINE_CONSO,Beeline Consolidated (FPA),FPA,2026-03-04,DEFINITIONS,Data Definitions,37.04,RED
DS_BEELINE_CONSO,Beeline Consolidated (FPA),FPA,2026-03-04,KEY_PROPERTIES,Key Properties,100.0,GREEN
DS_BEELINE_CONSO,Beeline Consolidated (FPA),FPA,2026-03-04,USAGE,Usage,16.67,RED
DS_BEELINE_CONSO,Beeline Consolidated (FPA),FPA,2026-03-04,FEEDBACK,User Feedback,94.52,GREEN
DS_BEELINE_CONSO,Beeline Consolidated (FPA),FPA,2026-03-05,OWNERSHIP,Data Ownership,0.0,RED
DS_BEELINE_CONSO,Beeline Consolidated (FPA),FPA,2026-03-05,SOURCE,Data Source,75.0,AMBER
DS_BEELINE_CONSO,Beeline Consolidated (FPA),FPA,2026-03-05,ISSUES,Active Issues,92.0,GREEN
DS_BEELINE_CONSO,Beeline Consolidated (FPA),FPA,2026-03-05,TIMELINESS,Timeliness,100.0,GREEN
DS_BEELINE_CONSO,Beeline Consolidated (FPA),FPA,2026-03-05,COMPLETENESS_KEY_PROPS,Completeness of Key Properties,95.54,GREEN
DS_BEELINE_CONSO,Beeline Consolidated (FPA),FPA,2026-03-05,PROFILING,Data Profiling,79.17,AMBER
DS_BEELINE_CONSO,Beeline Consolidated (FPA),FPA,2026-03-05,DEFINITIONS,Data Definitions,32.14,RED
DS_BEELINE_CONSO,Beeline Consolidated (FPA),FPA,2026-03-05,KEY_PROPERTIES,Key Properties,100.0,GREEN
DS_BEELINE_CONSO,Beeline Consolidated (FPA),FPA,2026-03-05,USAGE,Usage,25.0,RED
DS_BEELINE_CONSO,Beeline Consolidated (FPA),FPA,2026-03-05,FEEDBACK,User Feedback,83.07,GREEN
DS_BEELINE_CONSO,Beeline Consolidated (FPA),FPA,2026-03-06,OWNERSHIP,Data Ownership,0.0,RED
DS_BEELINE_CONSO,Beeline Consolidated (FPA),FPA,2026-03-06,SOURCE,Data Source,75.0,AMBER
DS_BEELINE_CONSO,Beeline Consolidated (FPA),FPA,2026-03-06,ISSUES,Active Issues,89.0,GREEN
DS_BEELINE_CONSO,Beeline Consolidated (FPA),FPA,2026-03-06,TIMELINESS,Timeliness,96.17,GREEN
DS_BEELINE_CONSO,Beeline Consolidated (FPA),FPA,2026-03-06,COMPLETENESS_KEY_PROPS,Completeness of Key Properties,96.12,GREEN
DS_BEELINE_CONSO,Beeline Consolidated (FPA),FPA,2026-03-06,PROFILING,Data Profiling,62.5,AMBER
DS_BEELINE_CONSO,Beeline Consolidated (FPA),FPA,2026-03-06,DEFINITIONS,Data Definitions,37.01,RED
DS_BEELINE_CONSO,Beeline Consolidated (FPA),FPA,2026-03-06,KEY_PROPERTIES,Key Properties,100.0,GREEN
DS_BEELINE_CONSO,Beeline Consolidated (FPA),FPA,2026-03-06,USAGE,Usage,20.0,RED
DS_BEELINE_CONSO,Beeline Consolidated (FPA),FPA,2026-03-06,FEEDBACK,User Feedback,81.01,GREEN
DS_BEELINE_CONSO,Beeline Consolidated (FPA),FPA,2026-03-07,OWNERSHIP,Data Ownership,0.0,RED
DS_BEELINE_CONSO,Beeline Consolidated (FPA),FPA,2026-03-07,SOURCE,Data Source,75.0,AMBER
DS_BEELINE_CONSO,Beeline Consolidated (FPA),FPA,2026-03-07,ISSUES,Active Issues,97.0,GREEN
DS_BEELINE_CONSO,Beeline Consolidated (FPA),FPA,2026-03-07,TIMELINESS,Timeliness,95.32,GREEN
DS_BEELINE_CONSO,Beeline Consolidated (FPA),FPA,2026-03-07,COMPLETENESS_KEY_PROPS,Completeness of Key Properties,95.56,GREEN
DS_BEELINE_CONSO,Beeline Consolidated (FPA),FPA,2026-03-07,PROFILING,Data Profiling,83.33,GREEN
DS_BEELINE_CONSO,Beeline Consolidated (FPA),FPA,2026-03-07,DEFINITIONS,Data Definitions,35.48,RED
DS_BEELINE_CONSO,Beeline Consolidated (FPA),FPA,2026-03-07,KEY_PROPERTIES,Key Properties,100.0,GREEN
DS_BEELINE_CONSO,Beeline Consolidated (FPA),FPA,2026-03-07,USAGE,Usage,18.33,RED
DS_BEELINE_CONSO,Beeline Consolidated (FPA),FPA,2026-03-07,FEEDBACK,User Feedback,87.8,GREEN
DS_BEELINE_CONSO,Beeline Consolidated (FPA),FPA,2026-03-08,OWNERSHIP,Data Ownership,0.0,RED
DS_BEELINE_CONSO,Beeline Consolidated (FPA),FPA,2026-03-08,SOURCE,Data Source,75.0,AMBER
DS_BEELINE_CONSO,Beeline Consolidated (FPA),FPA,2026-03-08,ISSUES,Active Issues,92.0,GREEN
DS_BEELINE_CONSO,Beeline Consolidated (FPA),FPA,2026-03-08,TIMELINESS,Timeliness,97.91,GREEN
DS_BEELINE_CONSO,Beeline Consolidated (FPA),FPA,2026-03-08,COMPLETENESS_KEY_PROPS,Completeness of Key Properties,94.67,GREEN
DS_BEELINE_CONSO,Beeline Consolidated (FPA),FPA,2026-03-08,PROFILING,Data Profiling,66.67,AMBER
DS_BEELINE_CONSO,Beeline Consolidated (FPA),FPA,2026-03-08,DEFINITIONS,Data Definitions,41.67,RED
DS_BEELINE_CONSO,Beeline Consolidated (FPA),FPA,2026-03-08,KEY_PROPERTIES,Key Properties,100.0,GREEN
DS_BEELINE_CONSO,Beeline Consolidated (FPA),FPA,2026-03-08,USAGE,Usage,20.0,RED
DS_BEELINE_CONSO,Beeline Consolidated (FPA),FPA,2026-03-08,FEEDBACK,User Feedback,65.7,AMBER
DS_BEELINE_CONSO,Beeline Consolidated (FPA),FPA,2026-03-09,OWNERSHIP,Data Ownership,0.0,RED
DS_BEELINE_CONSO,Beeline Consolidated (FPA),FPA,2026-03-09,SOURCE,Data Source,75.0,AMBER
DS_BEELINE_CONSO,Beeline Consolidated (FPA),FPA,2026-03-09,ISSUES,Active Issues,91.0,GREEN
DS_BEELINE_CONSO,Beeline Consolidated (FPA),FPA,2026-03-09,TIMELINESS,Timeliness,98.74,GREEN
DS_BEELINE_CONSO,Beeline Consolidated (FPA),FPA,2026-03-09,COMPLETENESS_KEY_PROPS,Completeness of Key Properties,95.03,GREEN
DS_BEELINE_CONSO,Beeline Consolidated (FPA),FPA,2026-03-09,PROFILING,Data Profiling,75.0,AMBER
DS_BEELINE_CONSO,Beeline Consolidated (FPA),FPA,2026-03-09,DEFINITIONS,Data Definitions,35.38,RED
DS_BEELINE_CONSO,Beeline Consolidated (FPA),FPA,2026-03-09,KEY_PROPERTIES,Key Properties,100.0,GREEN
DS_BEELINE_CONSO,Beeline Consolidated (FPA),FPA,2026-03-09,USAGE,Usage,21.67,RED
DS_BEELINE_CONSO,Beeline Consolidated (FPA),FPA,2026-03-09,FEEDBACK,User Feedback,84.62,GREEN
DS_BEELINE_CONSO,Beeline Consolidated (FPA),FPA,2026-03-10,OWNERSHIP,Data Ownership,0.0,RED
DS_BEELINE_CONSO,Beeline Consolidated (FPA),FPA,2026-03-10,SOURCE,Data Source,75.0,AMBER
DS_BEELINE_CONSO,Beeline Consolidated (FPA),FPA,2026-03-10,ISSUES,Active Issues,97.0,GREEN
DS_BEELINE_CONSO,Beeline Consolidated (FPA),FPA,2026-03-10,TIMELINESS,Timeliness,89.54,GREEN
DS_BEELINE_CONSO,Beeline Consolidated (FPA),FPA,2026-03-10,COMPLETENESS_KEY_PROPS,Completeness of Key Properties,95.83,GREEN
DS_BEELINE_CONSO,Beeline Consolidated (FPA),FPA,2026-03-10,PROFILING,Data Profiling,75.0,AMBER
DS_BEELINE_CONSO,Beeline Consolidated (FPA),FPA,2026-03-10,DEFINITIONS,Data Definitions,42.5,RED
DS_BEELINE_CONSO,Beeline Consolidated (FPA),FPA,2026-03-10,KEY_PROPERTIES,Key Properties,100.0,GREEN
DS_BEELINE_CONSO,Beeline Consolidated (FPA),FPA,2026-03-10,USAGE,Usage,13.33,RED
DS_BEELINE_CONSO,Beeline Consolidated (FPA),FPA,2026-03-10,FEEDBACK,User Feedback,78.84,AMBER
DS_BEELINE_CONSO,Beeline Consolidated (FPA),FPA,2026-03-11,OWNERSHIP,Data Ownership,0.0,RED
DS_BEELINE_CONSO,Beeline Consolidated (FPA),FPA,2026-03-11,SOURCE,Data Source,75.0,AMBER
DS_BEELINE_CONSO,Beeline Consolidated (FPA),FPA,2026-03-11,ISSUES,Active Issues,97.0,GREEN
DS_BEELINE_CONSO,Beeline Consolidated (FPA),FPA,2026-03-11,TIMELINESS,Timeliness,98.32,GREEN
DS_BEELINE_CONSO,Beeline Consolidated (FPA),FPA,2026-03-11,COMPLETENESS_KEY_PROPS,Completeness of Key Properties,93.44,GREEN
DS_BEELINE_CONSO,Beeline Consolidated (FPA),FPA,2026-03-11,PROFILING,Data Profiling,66.67,AMBER
DS_BEELINE_CONSO,Beeline Consolidated (FPA),FPA,2026-03-11,DEFINITIONS,Data Definitions,37.27,RED
DS_BEELINE_CONSO,Beeline Consolidated (FPA),FPA,2026-03-11,KEY_PROPERTIES,Key Properties,100.0,GREEN
DS_BEELINE_CONSO,Beeline Consolidated (FPA),FPA,2026-03-11,USAGE,Usage,36.67,RED
DS_BEELINE_CONSO,Beeline Consolidated (FPA),FPA,2026-03-11,FEEDBACK,User Feedback,89.4,GREEN
DS_BEELINE_CONSO,Beeline Consolidated (FPA),FPA,2026-03-12,OWNERSHIP,Data Ownership,0.0,RED
DS_BEELINE_CONSO,Beeline Consolidated (FPA),FPA,2026-03-12,SOURCE,Data Source,75.0,AMBER
DS_BEELINE_CONSO,Beeline Consolidated (FPA),FPA,2026-03-12,ISSUES,Active Issues,86.0,GREEN
DS_BEELINE_CONSO,Beeline Consolidated (FPA),FPA,2026-03-12,TIMELINESS,Timeliness,97.57,GREEN
DS_BEELINE_CONSO,Beeline Consolidated (FPA),FPA,2026-03-12,COMPLETENESS_KEY_PROPS,Completeness of Key Properties,95.17,GREEN
DS_BEELINE_CONSO,Beeline Consolidated (FPA),FPA,2026-03-12,PROFILING,Data Profiling,79.17,AMBER
DS_BEELINE_CONSO,Beeline Consolidated (FPA),FPA,2026-03-12,DEFINITIONS,Data Definitions,33.33,RED
DS_BEELINE_CONSO,Beeline Consolidated (FPA),FPA,2026-03-12,KEY_PROPERTIES,Key Properties,100.0,GREEN
DS_BEELINE_CONSO,Beeline Consolidated (FPA),FPA,2026-03-12,USAGE,Usage,6.67,RED
DS_BEELINE_CONSO,Beeline Consolidated (FPA),FPA,2026-03-12,FEEDBACK,User Feedback,85.47,GREEN
DS_BEELINE_CONSO,Beeline Consolidated (FPA),FPA,2026-03-13,OWNERSHIP,Data Ownership,0.0,RED
DS_BEELINE_CONSO,Beeline Consolidated (FPA),FPA,2026-03-13,SOURCE,Data Source,75.0,AMBER
DS_BEELINE_CONSO,Beeline Consolidated (FPA),FPA,2026-03-13,ISSUES,Active Issues,100.0,GREEN
DS_BEELINE_CONSO,Beeline Consolidated (FPA),FPA,2026-03-13,TIMELINESS,Timeliness,98.26,GREEN
DS_BEELINE_CONSO,Beeline Consolidated (FPA),FPA,2026-03-13,COMPLETENESS_KEY_PROPS,Completeness of Key Properties,93.62,GREEN
DS_BEELINE_CONSO,Beeline Consolidated (FPA),FPA,2026-03-13,PROFILING,Data Profiling,75.0,AMBER
DS_BEELINE_CONSO,Beeline Consolidated (FPA),FPA,2026-03-13,DEFINITIONS,Data Definitions,36.47,RED
DS_BEELINE_CONSO,Beeline Consolidated (FPA),FPA,2026-03-13,KEY_PROPERTIES,Key Properties,100.0,GREEN
DS_BEELINE_CONSO,Beeline Consolidated (FPA),FPA,2026-03-13,USAGE,Usage,1.67,RED
DS_BEELINE_CONSO,Beeline Consolidated (FPA),FPA,2026-03-13,FEEDBACK,User Feedback,89.62,GREEN
DS_BEELINE_CONSO,Beeline Consolidated (FPA),FPA,2026-03-14,OWNERSHIP,Data Ownership,0.0,RED
DS_BEELINE_CONSO,Beeline Consolidated (FPA),FPA,2026-03-14,SOURCE,Data Source,75.0,AMBER
DS_BEELINE_CONSO,Beeline Consolidated (FPA),FPA,2026-03-14,ISSUES,Active Issues,94.0,GREEN
DS_BEELINE_CONSO,Beeline Consolidated (FPA),FPA,2026-03-14,TIMELINESS,Timeliness,99.06,GREEN
DS_BEELINE_CONSO,Beeline Consolidated (FPA),FPA,2026-03-14,COMPLETENESS_KEY_PROPS,Completeness of Key Properties,95.47,GREEN
DS_BEELINE_CONSO,Beeline Consolidated (FPA),FPA,2026-03-14,PROFILING,Data Profiling,66.67,AMBER
DS_BEELINE_CONSO,Beeline Consolidated (FPA),FPA,2026-03-14,DEFINITIONS,Data Definitions,25.0,RED
DS_BEELINE_CONSO,Beeline Consolidated (FPA),FPA,2026-03-14,KEY_PROPERTIES,Key Properties,100.0,GREEN
DS_BEELINE_CONSO,Beeline Consolidated (FPA),FPA,2026-03-14,USAGE,Usage,16.67,RED
DS_BEELINE_CONSO,Beeline Consolidated (FPA),FPA,2026-03-14,FEEDBACK,User Feedback,68.67,AMBER
DS_BEELINE_CONSO,Beeline Consolidated (FPA),FPA,2026-03-15,OWNERSHIP,Data Ownership,0.0,RED
DS_BEELINE_CONSO,Beeline Consolidated (FPA),FPA,2026-03-15,SOURCE,Data Source,75.0,AMBER
DS_BEELINE_CONSO,Beeline Consolidated (FPA),FPA,2026-03-15,ISSUES,Active Issues,99.0,GREEN
DS_BEELINE_CONSO,Beeline Consolidated (FPA),FPA,2026-03-15,TIMELINESS,Timeliness,99.56,GREEN
DS_BEELINE_CONSO,Beeline Consolidated (FPA),FPA,2026-03-15,COMPLETENESS_KEY_PROPS,Completeness of Key Properties,94.61,GREEN
DS_BEELINE_CONSO,Beeline Consolidated (FPA),FPA,2026-03-15,PROFILING,Data Profiling,66.67,AMBER
DS_BEELINE_CONSO,Beeline Consolidated (FPA),FPA,2026-03-15,DEFINITIONS,Data Definitions,34.26,RED
DS_BEELINE_CONSO,Beeline Consolidated (FPA),FPA,2026-03-15,KEY_PROPERTIES,Key Properties,100.0,GREEN
DS_BEELINE_CONSO,Beeline Consolidated (FPA),FPA,2026-03-15,USAGE,Usage,8.33,RED
DS_BEELINE_CONSO,Beeline Consolidated (FPA),FPA,2026-03-15,FEEDBACK,User Feedback,73.02,AMBER
DS_BEELINE_CONSO,Beeline Consolidated (FPA),FPA,2026-03-16,OWNERSHIP,Data Ownership,0.0,RED
DS_BEELINE_CONSO,Beeline Consolidated (FPA),FPA,2026-03-16,SOURCE,Data Source,75.0,AMBER
DS_BEELINE_CONSO,Beeline Consolidated (FPA),FPA,2026-03-16,ISSUES,Active Issues,90.0,GREEN
DS_BEELINE_CONSO,Beeline Consolidated (FPA),FPA,2026-03-16,TIMELINESS,Timeliness,95.05,GREEN
DS_BEELINE_CONSO,Beeline Consolidated (FPA),FPA,2026-03-16,COMPLETENESS_KEY_PROPS,Completeness of Key Properties,97.07,GREEN
DS_BEELINE_CONSO,Beeline Consolidated (FPA),FPA,2026-03-16,PROFILING,Data Profiling,66.67,AMBER
DS_BEELINE_CONSO,Beeline Consolidated (FPA),FPA,2026-03-16,DEFINITIONS,Data Definitions,33.77,RED
DS_BEELINE_CONSO,Beeline Consolidated (FPA),FPA,2026-03-16,KEY_PROPERTIES,Key Properties,100.0,GREEN
DS_BEELINE_CONSO,Beeline Consolidated (FPA),FPA,2026-03-16,USAGE,Usage,40.0,RED
DS_BEELINE_CONSO,Beeline Consolidated (FPA),FPA,2026-03-16,FEEDBACK,User Feedback,76.39,AMBER
DS_BEELINE_CONSO,Beeline Consolidated (FPA),FPA,2026-03-17,OWNERSHIP,Data Ownership,0.0,RED
DS_BEELINE_CONSO,Beeline Consolidated (FPA),FPA,2026-03-17,SOURCE,Data Source,75.0,AMBER
DS_BEELINE_CONSO,Beeline Consolidated (FPA),FPA,2026-03-17,ISSUES,Active Issues,75.0,AMBER
DS_BEELINE_CONSO,Beeline Consolidated (FPA),FPA,2026-03-17,TIMELINESS,Timeliness,94.86,GREEN
DS_BEELINE_CONSO,Beeline Consolidated (FPA),FPA,2026-03-17,COMPLETENESS_KEY_PROPS,Completeness of Key Properties,96.7,GREEN
DS_BEELINE_CONSO,Beeline Consolidated (FPA),FPA,2026-03-17,PROFILING,Data Profiling,62.5,AMBER
DS_BEELINE_CONSO,Beeline Consolidated (FPA),FPA,2026-03-17,DEFINITIONS,Data Definitions,31.94,RED
DS_BEELINE_CONSO,Beeline Consolidated (FPA),FPA,2026-03-17,KEY_PROPERTIES,Key Properties,100.0,GREEN
DS_BEELINE_CONSO,Beeline Consolidated (FPA),FPA,2026-03-17,USAGE,Usage,21.67,RED
DS_BEELINE_CONSO,Beeline Consolidated (FPA),FPA,2026-03-17,FEEDBACK,User Feedback,81.89,GREEN
DS_BEELINE_CONSO,Beeline Consolidated (FPA),FPA,2026-03-18,OWNERSHIP,Data Ownership,0.0,RED
DS_BEELINE_CONSO,Beeline Consolidated (FPA),FPA,2026-03-18,SOURCE,Data Source,75.0,AMBER
DS_BEELINE_CONSO,Beeline Consolidated (FPA),FPA,2026-03-18,ISSUES,Active Issues,98.0,GREEN
DS_BEELINE_CONSO,Beeline Consolidated (FPA),FPA,2026-03-18,TIMELINESS,Timeliness,98.48,GREEN
DS_BEELINE_CONSO,Beeline Consolidated (FPA),FPA,2026-03-18,COMPLETENESS_KEY_PROPS,Completeness of Key Properties,95.51,GREEN
DS_BEELINE_CONSO,Beeline Consolidated (FPA),FPA,2026-03-18,PROFILING,Data Profiling,62.5,AMBER
DS_BEELINE_CONSO,Beeline Consolidated (FPA),FPA,2026-03-18,DEFINITIONS,Data Definitions,33.06,RED
DS_BEELINE_CONSO,Beeline Consolidated (FPA),FPA,2026-03-18,KEY_PROPERTIES,Key Properties,100.0,GREEN
DS_BEELINE_CONSO,Beeline Consolidated (FPA),FPA,2026-03-18,USAGE,Usage,25.0,RED
DS_BEELINE_CONSO,Beeline Consolidated (FPA),FPA,2026-03-18,FEEDBACK,User Feedback,76.86,AMBER
DS_BEELINE_CONSO,Beeline Consolidated (FPA),FPA,2026-03-19,OWNERSHIP,Data Ownership,0.0,RED
DS_BEELINE_CONSO,Beeline Consolidated (FPA),FPA,2026-03-19,SOURCE,Data Source,75.0,AMBER
DS_BEELINE_CONSO,Beeline Consolidated (FPA),FPA,2026-03-19,ISSUES,Active Issues,98.0,GREEN
DS_BEELINE_CONSO,Beeline Consolidated (FPA),FPA,2026-03-19,TIMELINESS,Timeliness,94.94,GREEN
DS_BEELINE_CONSO,Beeline Consolidated (FPA),FPA,2026-03-19,COMPLETENESS_KEY_PROPS,Completeness of Key Properties,93.31,GREEN
DS_BEELINE_CONSO,Beeline Consolidated (FPA),FPA,2026-03-19,PROFILING,Data Profiling,58.33,RED
DS_BEELINE_CONSO,Beeline Consolidated (FPA),FPA,2026-03-19,DEFINITIONS,Data Definitions,32.93,RED
DS_BEELINE_CONSO,Beeline Consolidated (FPA),FPA,2026-03-19,KEY_PROPERTIES,Key Properties,100.0,GREEN
DS_BEELINE_CONSO,Beeline Consolidated (FPA),FPA,2026-03-19,USAGE,Usage,13.33,RED
DS_BEELINE_CONSO,Beeline Consolidated (FPA),FPA,2026-03-19,FEEDBACK,User Feedback,85.8,GREEN
DS_BEELINE_CONSO,Beeline Consolidated (FPA),FPA,2026-03-20,OWNERSHIP,Data Ownership,0.0,RED
DS_BEELINE_CONSO,Beeline Consolidated (FPA),FPA,2026-03-20,SOURCE,Data Source,75.0,AMBER
DS_BEELINE_CONSO,Beeline Consolidated (FPA),FPA,2026-03-20,ISSUES,Active Issues,92.0,GREEN
DS_BEELINE_CONSO,Beeline Consolidated (FPA),FPA,2026-03-20,TIMELINESS,Timeliness,94.51,GREEN
DS_BEELINE_CONSO,Beeline Consolidated (FPA),FPA,2026-03-20,COMPLETENESS_KEY_PROPS,Completeness of Key Properties,95.19,GREEN
DS_BEELINE_CONSO,Beeline Consolidated (FPA),FPA,2026-03-20,PROFILING,Data Profiling,66.67,AMBER
DS_BEELINE_CONSO,Beeline Consolidated (FPA),FPA,2026-03-20,DEFINITIONS,Data Definitions,35.53,RED
DS_BEELINE_CONSO,Beeline Consolidated (FPA),FPA,2026-03-20,KEY_PROPERTIES,Key Properties,100.0,GREEN
DS_BEELINE_CONSO,Beeline Consolidated (FPA),FPA,2026-03-20,USAGE,Usage,6.67,RED
DS_BEELINE_CONSO,Beeline Consolidated (FPA),FPA,2026-03-20,FEEDBACK,User Feedback,86.71,GREEN
DS_BEELINE_CONSO,Beeline Consolidated (FPA),FPA,2026-03-21,OWNERSHIP,Data Ownership,0.0,RED
DS_BEELINE_CONSO,Beeline Consolidated (FPA),FPA,2026-03-21,SOURCE,Data Source,75.0,AMBER
DS_BEELINE_CONSO,Beeline Consolidated (FPA),FPA,2026-03-21,ISSUES,Active Issues,100.0,GREEN
DS_BEELINE_CONSO,Beeline Consolidated (FPA),FPA,2026-03-21,TIMELINESS,Timeliness,96.75,GREEN
DS_BEELINE_CONSO,Beeline Consolidated (FPA),FPA,2026-03-21,COMPLETENESS_KEY_PROPS,Completeness of Key Properties,95.84,GREEN
DS_BEELINE_CONSO,Beeline Consolidated (FPA),FPA,2026-03-21,PROFILING,Data Profiling,66.67,AMBER
DS_BEELINE_CONSO,Beeline Consolidated (FPA),FPA,2026-03-21,DEFINITIONS,Data Definitions,34.75,RED
DS_BEELINE_CONSO,Beeline Consolidated (FPA),FPA,2026-03-21,KEY_PROPERTIES,Key Properties,100.0,GREEN
DS_BEELINE_CONSO,Beeline Consolidated (FPA),FPA,2026-03-21,USAGE,Usage,31.67,RED
DS_BEELINE_CONSO,Beeline Consolidated (FPA),FPA,2026-03-21,FEEDBACK,User Feedback,64.42,AMBER
DS_BEELINE_CONSO,Beeline Consolidated (FPA),FPA,2026-03-22,OWNERSHIP,Data Ownership,0.0,RED
DS_BEELINE_CONSO,Beeline Consolidated (FPA),FPA,2026-03-22,SOURCE,Data Source,75.0,AMBER
DS_BEELINE_CONSO,Beeline Consolidated (FPA),FPA,2026-03-22,ISSUES,Active Issues,96.0,GREEN
DS_BEELINE_CONSO,Beeline Consolidated (FPA),FPA,2026-03-22,TIMELINESS,Timeliness,93.04,GREEN
DS_BEELINE_CONSO,Beeline Consolidated (FPA),FPA,2026-03-22,COMPLETENESS_KEY_PROPS,Completeness of Key Properties,96.73,GREEN
DS_BEELINE_CONSO,Beeline Consolidated (FPA),FPA,2026-03-22,PROFILING,Data Profiling,62.5,AMBER
DS_BEELINE_CONSO,Beeline Consolidated (FPA),FPA,2026-03-22,DEFINITIONS,Data Definitions,35.45,RED
DS_BEELINE_CONSO,Beeline Consolidated (FPA),FPA,2026-03-22,KEY_PROPERTIES,Key Properties,100.0,GREEN
DS_BEELINE_CONSO,Beeline Consolidated (FPA),FPA,2026-03-22,USAGE,Usage,20.0,RED
DS_BEELINE_CONSO,Beeline Consolidated (FPA),FPA,2026-03-22,FEEDBACK,User Feedback,64.58,AMBER
DS_BEELINE_CONSO,Beeline Consolidated (FPA),FPA,2026-03-23,OWNERSHIP,Data Ownership,0.0,RED
DS_BEELINE_CONSO,Beeline Consolidated (FPA),FPA,2026-03-23,SOURCE,Data Source,75.0,AMBER
DS_BEELINE_CONSO,Beeline Consolidated (FPA),FPA,2026-03-23,ISSUES,Active Issues,88.0,GREEN
DS_BEELINE_CONSO,Beeline Consolidated (FPA),FPA,2026-03-23,TIMELINESS,Timeliness,95.54,GREEN
DS_BEELINE_CONSO,Beeline Consolidated (FPA),FPA,2026-03-23,COMPLETENESS_KEY_PROPS,Completeness of Key Properties,94.27,GREEN
DS_BEELINE_CONSO,Beeline Consolidated (FPA),FPA,2026-03-23,PROFILING,Data Profiling,66.67,AMBER
DS_BEELINE_CONSO,Beeline Consolidated (FPA),FPA,2026-03-23,DEFINITIONS,Data Definitions,36.24,RED
DS_BEELINE_CONSO,Beeline Consolidated (FPA),FPA,2026-03-23,KEY_PROPERTIES,Key Properties,100.0,GREEN
DS_BEELINE_CONSO,Beeline Consolidated (FPA),FPA,2026-03-23,USAGE,Usage,23.33,RED
DS_BEELINE_CONSO,Beeline Consolidated (FPA),FPA,2026-03-23,FEEDBACK,User Feedback,82.65,GREEN
DS_BEELINE_CONSO,Beeline Consolidated (FPA),FPA,2026-03-24,OWNERSHIP,Data Ownership,0.0,RED
DS_BEELINE_CONSO,Beeline Consolidated (FPA),FPA,2026-03-24,SOURCE,Data Source,75.0,AMBER
DS_BEELINE_CONSO,Beeline Consolidated (FPA),FPA,2026-03-24,ISSUES,Active Issues,65.0,AMBER
DS_BEELINE_CONSO,Beeline Consolidated (FPA),FPA,2026-03-24,TIMELINESS,Timeliness,96.56,GREEN
DS_BEELINE_CONSO,Beeline Consolidated (FPA),FPA,2026-03-24,COMPLETENESS_KEY_PROPS,Completeness of Key Properties,96.11,GREEN
DS_BEELINE_CONSO,Beeline Consolidated (FPA),FPA,2026-03-24,PROFILING,Data Profiling,62.5,AMBER
DS_BEELINE_CONSO,Beeline Consolidated (FPA),FPA,2026-03-24,DEFINITIONS,Data Definitions,37.76,RED
DS_BEELINE_CONSO,Beeline Consolidated (FPA),FPA,2026-03-24,KEY_PROPERTIES,Key Properties,100.0,GREEN
DS_BEELINE_CONSO,Beeline Consolidated (FPA),FPA,2026-03-24,USAGE,Usage,20.0,RED
DS_BEELINE_CONSO,Beeline Consolidated (FPA),FPA,2026-03-24,FEEDBACK,User Feedback,77.95,AMBER
DS_BEELINE_CONSO,Beeline Consolidated (FPA),FPA,2026-03-25,OWNERSHIP,Data Ownership,0.0,RED
DS_BEELINE_CONSO,Beeline Consolidated (FPA),FPA,2026-03-25,SOURCE,Data Source,75.0,AMBER
DS_BEELINE_CONSO,Beeline Consolidated (FPA),FPA,2026-03-25,ISSUES,Active Issues,96.0,GREEN
DS_BEELINE_CONSO,Beeline Consolidated (FPA),FPA,2026-03-25,TIMELINESS,Timeliness,89.39,GREEN
DS_BEELINE_CONSO,Beeline Consolidated (FPA),FPA,2026-03-25,COMPLETENESS_KEY_PROPS,Completeness of Key Properties,97.36,GREEN
DS_BEELINE_CONSO,Beeline Consolidated (FPA),FPA,2026-03-25,PROFILING,Data Profiling,66.67,AMBER
DS_BEELINE_CONSO,Beeline Consolidated (FPA),FPA,2026-03-25,DEFINITIONS,Data Definitions,34.38,RED
DS_BEELINE_CONSO,Beeline Consolidated (FPA),FPA,2026-03-25,KEY_PROPERTIES,Key Properties,100.0,GREEN
DS_BEELINE_CONSO,Beeline Consolidated (FPA),FPA,2026-03-25,USAGE,Usage,3.33,RED
DS_BEELINE_CONSO,Beeline Consolidated (FPA),FPA,2026-03-25,FEEDBACK,User Feedback,94.09,GREEN
DS_BEELINE_CONSO,Beeline Consolidated (FPA),FPA,2026-03-26,OWNERSHIP,Data Ownership,0.0,RED
DS_BEELINE_CONSO,Beeline Consolidated (FPA),FPA,2026-03-26,SOURCE,Data Source,75.0,AMBER
DS_BEELINE_CONSO,Beeline Consolidated (FPA),FPA,2026-03-26,ISSUES,Active Issues,91.0,GREEN
DS_BEELINE_CONSO,Beeline Consolidated (FPA),FPA,2026-03-26,TIMELINESS,Timeliness,95.12,GREEN
DS_BEELINE_CONSO,Beeline Consolidated (FPA),FPA,2026-03-26,COMPLETENESS_KEY_PROPS,Completeness of Key Properties,96.88,GREEN
DS_BEELINE_CONSO,Beeline Consolidated (FPA),FPA,2026-03-26,PROFILING,Data Profiling,50.0,RED
DS_BEELINE_CONSO,Beeline Consolidated (FPA),FPA,2026-03-26,DEFINITIONS,Data Definitions,33.8,RED
DS_BEELINE_CONSO,Beeline Consolidated (FPA),FPA,2026-03-26,KEY_PROPERTIES,Key Properties,100.0,GREEN
DS_BEELINE_CONSO,Beeline Consolidated (FPA),FPA,2026-03-26,USAGE,Usage,0.0,RED
DS_BEELINE_CONSO,Beeline Consolidated (FPA),FPA,2026-03-26,FEEDBACK,User Feedback,77.54,AMBER
DS_BEELINE_CONSO,Beeline Consolidated (FPA),FPA,2026-03-27,OWNERSHIP,Data Ownership,0.0,RED
DS_BEELINE_CONSO,Beeline Consolidated (FPA),FPA,2026-03-27,SOURCE,Data Source,75.0,AMBER
DS_BEELINE_CONSO,Beeline Consolidated (FPA),FPA,2026-03-27,ISSUES,Active Issues,84.0,GREEN
DS_BEELINE_CONSO,Beeline Consolidated (FPA),FPA,2026-03-27,TIMELINESS,Timeliness,98.36,GREEN
DS_BEELINE_CONSO,Beeline Consolidated (FPA),FPA,2026-03-27,COMPLETENESS_KEY_PROPS,Completeness of Key Properties,95.3,GREEN
DS_BEELINE_CONSO,Beeline Consolidated (FPA),FPA,2026-03-27,PROFILING,Data Profiling,70.83,AMBER
DS_BEELINE_CONSO,Beeline Consolidated (FPA),FPA,2026-03-27,DEFINITIONS,Data Definitions,38.46,RED
DS_BEELINE_CONSO,Beeline Consolidated (FPA),FPA,2026-03-27,KEY_PROPERTIES,Key Properties,100.0,GREEN
DS_BEELINE_CONSO,Beeline Consolidated (FPA),FPA,2026-03-27,USAGE,Usage,26.67,RED
DS_BEELINE_CONSO,Beeline Consolidated (FPA),FPA,2026-03-27,FEEDBACK,User Feedback,93.25,GREEN
DS_BEELINE_CONSO,Beeline Consolidated (FPA),FPA,2026-03-28,OWNERSHIP,Data Ownership,0.0,RED
DS_BEELINE_CONSO,Beeline Consolidated (FPA),FPA,2026-03-28,SOURCE,Data Source,75.0,AMBER
DS_BEELINE_CONSO,Beeline Consolidated (FPA),FPA,2026-03-28,ISSUES,Active Issues,88.0,GREEN
DS_BEELINE_CONSO,Beeline Consolidated (FPA),FPA,2026-03-28,TIMELINESS,Timeliness,97.42,GREEN
DS_BEELINE_CONSO,Beeline Consolidated (FPA),FPA,2026-03-28,COMPLETENESS_KEY_PROPS,Completeness of Key Properties,94.65,GREEN
DS_BEELINE_CONSO,Beeline Consolidated (FPA),FPA,2026-03-28,PROFILING,Data Profiling,66.67,AMBER
DS_BEELINE_CONSO,Beeline Consolidated (FPA),FPA,2026-03-28,DEFINITIONS,Data Definitions,35.61,RED
DS_BEELINE_CONSO,Beeline Consolidated (FPA),FPA,2026-03-28,KEY_PROPERTIES,Key Properties,100.0,GREEN
DS_BEELINE_CONSO,Beeline Consolidated (FPA),FPA,2026-03-28,USAGE,Usage,25.0,RED
DS_BEELINE_CONSO,Beeline Consolidated (FPA),FPA,2026-03-28,FEEDBACK,User Feedback,79.2,AMBER
DS_BEELINE_CONSO,Beeline Consolidated (FPA),FPA,2026-03-29,OWNERSHIP,Data Ownership,0.0,RED
DS_BEELINE_CONSO,Beeline Consolidated (FPA),FPA,2026-03-29,SOURCE,Data Source,75.0,AMBER
DS_BEELINE_CONSO,Beeline Consolidated (FPA),FPA,2026-03-29,ISSUES,Active Issues,93.0,GREEN
DS_BEELINE_CONSO,Beeline Consolidated (FPA),FPA,2026-03-29,TIMELINESS,Timeliness,98.31,GREEN
DS_BEELINE_CONSO,Beeline Consolidated (FPA),FPA,2026-03-29,COMPLETENESS_KEY_PROPS,Completeness of Key Properties,96.25,GREEN
DS_BEELINE_CONSO,Beeline Consolidated (FPA),FPA,2026-03-29,PROFILING,Data Profiling,62.5,AMBER
DS_BEELINE_CONSO,Beeline Consolidated (FPA),FPA,2026-03-29,DEFINITIONS,Data Definitions,32.54,RED
DS_BEELINE_CONSO,Beeline Consolidated (FPA),FPA,2026-03-29,KEY_PROPERTIES,Key Properties,100.0,GREEN
DS_BEELINE_CONSO,Beeline Consolidated (FPA),FPA,2026-03-29,USAGE,Usage,8.33,RED
DS_BEELINE_CONSO,Beeline Consolidated (FPA),FPA,2026-03-29,FEEDBACK,User Feedback,74.65,AMBER
DS_BEELINE_CONSO,Beeline Consolidated (FPA),FPA,2026-03-30,OWNERSHIP,Data Ownership,0.0,RED
DS_BEELINE_CONSO,Beeline Consolidated (FPA),FPA,2026-03-30,SOURCE,Data Source,75.0,AMBER
DS_BEELINE_CONSO,Beeline Consolidated (FPA),FPA,2026-03-30,ISSUES,Active Issues,92.0,GREEN
DS_BEELINE_CONSO,Beeline Consolidated (FPA),FPA,2026-03-30,TIMELINESS,Timeliness,94.06,GREEN
DS_BEELINE_CONSO,Beeline Consolidated (FPA),FPA,2026-03-30,COMPLETENESS_KEY_PROPS,Completeness of Key Properties,97.45,GREEN
DS_BEELINE_CONSO,Beeline Consolidated (FPA),FPA,2026-03-30,PROFILING,Data Profiling,66.67,AMBER
DS_BEELINE_CONSO,Beeline Consolidated (FPA),FPA,2026-03-30,DEFINITIONS,Data Definitions,35.29,RED
DS_BEELINE_CONSO,Beeline Consolidated (FPA),FPA,2026-03-30,KEY_PROPERTIES,Key Properties,100.0,GREEN
DS_BEELINE_CONSO,Beeline Consolidated (FPA),FPA,2026-03-30,USAGE,Usage,1.67,RED
DS_BEELINE_CONSO,Beeline Consolidated (FPA),FPA,2026-03-30,FEEDBACK,User Feedback,69.11,AMBER
DS_BEELINE_CONSO,Beeline Consolidated (FPA),FPA,2026-03-31,OWNERSHIP,Data Ownership,0.0,RED
DS_BEELINE_CONSO,Beeline Consolidated (FPA),FPA,2026-03-31,SOURCE,Data Source,75.0,AMBER
DS_BEELINE_CONSO,Beeline Consolidated (FPA),FPA,2026-03-31,ISSUES,Active Issues,83.0,GREEN
DS_BEELINE_CONSO,Beeline Consolidated (FPA),FPA,2026-03-31,TIMELINESS,Timeliness,93.11,GREEN
DS_BEELINE_CONSO,Beeline Consolidated (FPA),FPA,2026-03-31,COMPLETENESS_KEY_PROPS,Completeness of Key Properties,95.24,GREEN
DS_BEELINE_CONSO,Beeline Consolidated (FPA),FPA,2026-03-31,PROFILING,Data Profiling,62.5,AMBER
DS_BEELINE_CONSO,Beeline Consolidated (FPA),FPA,2026-03-31,DEFINITIONS,Data Definitions,31.43,RED
DS_BEELINE_CONSO,Beeline Consolidated (FPA),FPA,2026-03-31,KEY_PROPERTIES,Key Properties,100.0,GREEN
DS_BEELINE_CONSO,Beeline Consolidated (FPA),FPA,2026-03-31,USAGE,Usage,18.33,RED
DS_BEELINE_CONSO,Beeline Consolidated (FPA),FPA,2026-03-31,FEEDBACK,User Feedback,79.48,AMBER
DS_BEELINE_CONSO,Beeline Consolidated (FPA),FPA,2026-04-01,OWNERSHIP,Data Ownership,0.0,RED
DS_BEELINE_CONSO,Beeline Consolidated (FPA),FPA,2026-04-01,SOURCE,Data Source,75.0,AMBER
DS_BEELINE_CONSO,Beeline Consolidated (FPA),FPA,2026-04-01,ISSUES,Active Issues,94.0,GREEN
DS_BEELINE_CONSO,Beeline Consolidated (FPA),FPA,2026-04-01,TIMELINESS,Timeliness,92.35,GREEN
DS_BEELINE_CONSO,Beeline Consolidated (FPA),FPA,2026-04-01,COMPLETENESS_KEY_PROPS,Completeness of Key Properties,94.14,GREEN
DS_BEELINE_CONSO,Beeline Consolidated (FPA),FPA,2026-04-01,PROFILING,Data Profiling,58.33,RED
DS_BEELINE_CONSO,Beeline Consolidated (FPA),FPA,2026-04-01,DEFINITIONS,Data Definitions,39.71,RED
DS_BEELINE_CONSO,Beeline Consolidated (FPA),FPA,2026-04-01,KEY_PROPERTIES,Key Properties,100.0,GREEN
DS_BEELINE_CONSO,Beeline Consolidated (FPA),FPA,2026-04-01,USAGE,Usage,3.33,RED
DS_BEELINE_CONSO,Beeline Consolidated (FPA),FPA,2026-04-01,FEEDBACK,User Feedback,71.49,AMBER
DS_BEELINE_CONSO,Beeline Consolidated (FPA),FPA,2026-04-02,OWNERSHIP,Data Ownership,0.0,RED
DS_BEELINE_CONSO,Beeline Consolidated (FPA),FPA,2026-04-02,SOURCE,Data Source,75.0,AMBER
DS_BEELINE_CONSO,Beeline Consolidated (FPA),FPA,2026-04-02,ISSUES,Active Issues,96.0,GREEN
DS_BEELINE_CONSO,Beeline Consolidated (FPA),FPA,2026-04-02,TIMELINESS,Timeliness,91.09,GREEN
DS_BEELINE_CONSO,Beeline Consolidated (FPA),FPA,2026-04-02,COMPLETENESS_KEY_PROPS,Completeness of Key Properties,96.89,GREEN
DS_BEELINE_CONSO,Beeline Consolidated (FPA),FPA,2026-04-02,PROFILING,Data Profiling,58.33,RED
DS_BEELINE_CONSO,Beeline Consolidated (FPA),FPA,2026-04-02,DEFINITIONS,Data Definitions,33.33,RED
DS_BEELINE_CONSO,Beeline Consolidated (FPA),FPA,2026-04-02,KEY_PROPERTIES,Key Properties,100.0,GREEN
DS_BEELINE_CONSO,Beeline Consolidated (FPA),FPA,2026-04-02,USAGE,Usage,13.33,RED
DS_BEELINE_CONSO,Beeline Consolidated (FPA),FPA,2026-04-02,FEEDBACK,User Feedback,77.57,AMBER
DS_BEELINE_CONSO,Beeline Consolidated (FPA),FPA,2026-04-03,OWNERSHIP,Data Ownership,0.0,RED
DS_BEELINE_CONSO,Beeline Consolidated (FPA),FPA,2026-04-03,SOURCE,Data Source,75.0,AMBER
DS_BEELINE_CONSO,Beeline Consolidated (FPA),FPA,2026-04-03,ISSUES,Active Issues,96.0,GREEN
DS_BEELINE_CONSO,Beeline Consolidated (FPA),FPA,2026-04-03,TIMELINESS,Timeliness,98.05,GREEN
DS_BEELINE_CONSO,Beeline Consolidated (FPA),FPA,2026-04-03,COMPLETENESS_KEY_PROPS,Completeness of Key Properties,95.58,GREEN
DS_BEELINE_CONSO,Beeline Consolidated (FPA),FPA,2026-04-03,PROFILING,Data Profiling,58.33,RED
DS_BEELINE_CONSO,Beeline Consolidated (FPA),FPA,2026-04-03,DEFINITIONS,Data Definitions,30.82,RED
DS_BEELINE_CONSO,Beeline Consolidated (FPA),FPA,2026-04-03,KEY_PROPERTIES,Key Properties,100.0,GREEN
DS_BEELINE_CONSO,Beeline Consolidated (FPA),FPA,2026-04-03,USAGE,Usage,15.0,RED
DS_BEELINE_CONSO,Beeline Consolidated (FPA),FPA,2026-04-03,FEEDBACK,User Feedback,78.22,AMBER
DS_BEELINE_CONSO,Beeline Consolidated (FPA),FPA,2026-04-04,OWNERSHIP,Data Ownership,0.0,RED
DS_BEELINE_CONSO,Beeline Consolidated (FPA),FPA,2026-04-04,SOURCE,Data Source,75.0,AMBER
DS_BEELINE_CONSO,Beeline Consolidated (FPA),FPA,2026-04-04,ISSUES,Active Issues,96.0,GREEN
DS_BEELINE_CONSO,Beeline Consolidated (FPA),FPA,2026-04-04,TIMELINESS,Timeliness,93.99,GREEN
DS_BEELINE_CONSO,Beeline Consolidated (FPA),FPA,2026-04-04,COMPLETENESS_KEY_PROPS,Completeness of Key Properties,95.44,GREEN
DS_BEELINE_CONSO,Beeline Consolidated (FPA),FPA,2026-04-04,PROFILING,Data Profiling,66.67,AMBER
DS_BEELINE_CONSO,Beeline Consolidated (FPA),FPA,2026-04-04,DEFINITIONS,Data Definitions,35.37,RED
DS_BEELINE_CONSO,Beeline Consolidated (FPA),FPA,2026-04-04,KEY_PROPERTIES,Key Properties,100.0,GREEN
DS_BEELINE_CONSO,Beeline Consolidated (FPA),FPA,2026-04-04,USAGE,Usage,10.0,RED
DS_BEELINE_CONSO,Beeline Consolidated (FPA),FPA,2026-04-04,FEEDBACK,User Feedback,65.25,AMBER
DS_BEELINE_CONSO,Beeline Consolidated (FPA),FPA,2026-04-05,OWNERSHIP,Data Ownership,0.0,RED
DS_BEELINE_CONSO,Beeline Consolidated (FPA),FPA,2026-04-05,SOURCE,Data Source,75.0,AMBER
DS_BEELINE_CONSO,Beeline Consolidated (FPA),FPA,2026-04-05,ISSUES,Active Issues,86.0,GREEN
DS_BEELINE_CONSO,Beeline Consolidated (FPA),FPA,2026-04-05,TIMELINESS,Timeliness,98.15,GREEN
DS_BEELINE_CONSO,Beeline Consolidated (FPA),FPA,2026-04-05,COMPLETENESS_KEY_PROPS,Completeness of Key Properties,95.09,GREEN
DS_BEELINE_CONSO,Beeline Consolidated (FPA),FPA,2026-04-05,PROFILING,Data Profiling,62.5,AMBER
DS_BEELINE_CONSO,Beeline Consolidated (FPA),FPA,2026-04-05,DEFINITIONS,Data Definitions,33.75,RED
DS_BEELINE_CONSO,Beeline Consolidated (FPA),FPA,2026-04-05,KEY_PROPERTIES,Key Properties,100.0,GREEN
DS_BEELINE_CONSO,Beeline Consolidated (FPA),FPA,2026-04-05,USAGE,Usage,8.33,RED
DS_BEELINE_CONSO,Beeline Consolidated (FPA),FPA,2026-04-05,FEEDBACK,User Feedback,76.6,AMBER
DS_BEELINE_CONSO,Beeline Consolidated (FPA),FPA,2026-04-06,OWNERSHIP,Data Ownership,0.0,RED
DS_BEELINE_CONSO,Beeline Consolidated (FPA),FPA,2026-04-06,SOURCE,Data Source,75.0,AMBER
DS_BEELINE_CONSO,Beeline Consolidated (FPA),FPA,2026-04-06,ISSUES,Active Issues,79.0,AMBER
DS_BEELINE_CONSO,Beeline Consolidated (FPA),FPA,2026-04-06,TIMELINESS,Timeliness,98.28,GREEN
DS_BEELINE_CONSO,Beeline Consolidated (FPA),FPA,2026-04-06,COMPLETENESS_KEY_PROPS,Completeness of Key Properties,93.02,GREEN
DS_BEELINE_CONSO,Beeline Consolidated (FPA),FPA,2026-04-06,PROFILING,Data Profiling,62.5,AMBER
DS_BEELINE_CONSO,Beeline Consolidated (FPA),FPA,2026-04-06,DEFINITIONS,Data Definitions,35.09,RED
DS_BEELINE_CONSO,Beeline Consolidated (FPA),FPA,2026-04-06,KEY_PROPERTIES,Key Properties,100.0,GREEN
DS_BEELINE_CONSO,Beeline Consolidated (FPA),FPA,2026-04-06,USAGE,Usage,8.33,RED
DS_BEELINE_CONSO,Beeline Consolidated (FPA),FPA,2026-04-06,FEEDBACK,User Feedback,63.87,AMBER
DS_BEELINE_CONSO,Beeline Consolidated (FPA),FPA,2026-04-07,OWNERSHIP,Data Ownership,0.0,RED
DS_BEELINE_CONSO,Beeline Consolidated (FPA),FPA,2026-04-07,SOURCE,Data Source,75.0,AMBER
DS_BEELINE_CONSO,Beeline Consolidated (FPA),FPA,2026-04-07,ISSUES,Active Issues,96.0,GREEN
DS_BEELINE_CONSO,Beeline Consolidated (FPA),FPA,2026-04-07,TIMELINESS,Timeliness,97.14,GREEN
DS_BEELINE_CONSO,Beeline Consolidated (FPA),FPA,2026-04-07,COMPLETENESS_KEY_PROPS,Completeness of Key Properties,97.87,GREEN
DS_BEELINE_CONSO,Beeline Consolidated (FPA),FPA,2026-04-07,PROFILING,Data Profiling,58.33,RED
DS_BEELINE_CONSO,Beeline Consolidated (FPA),FPA,2026-04-07,DEFINITIONS,Data Definitions,34.55,RED
DS_BEELINE_CONSO,Beeline Consolidated (FPA),FPA,2026-04-07,KEY_PROPERTIES,Key Properties,100.0,GREEN
DS_BEELINE_CONSO,Beeline Consolidated (FPA),FPA,2026-04-07,USAGE,Usage,11.67,RED
DS_BEELINE_CONSO,Beeline Consolidated (FPA),FPA,2026-04-07,FEEDBACK,User Feedback,72.85,AMBER
DS_BEELINE_CONSO,Beeline Consolidated (FPA),FPA,2026-04-08,OWNERSHIP,Data Ownership,0.0,RED
DS_BEELINE_CONSO,Beeline Consolidated (FPA),FPA,2026-04-08,SOURCE,Data Source,75.0,AMBER
DS_BEELINE_CONSO,Beeline Consolidated (FPA),FPA,2026-04-08,ISSUES,Active Issues,92.0,GREEN
DS_BEELINE_CONSO,Beeline Consolidated (FPA),FPA,2026-04-08,TIMELINESS,Timeliness,96.2,GREEN
DS_BEELINE_CONSO,Beeline Consolidated (FPA),FPA,2026-04-08,COMPLETENESS_KEY_PROPS,Completeness of Key Properties,94.72,GREEN
DS_BEELINE_CONSO,Beeline Consolidated (FPA),FPA,2026-04-08,PROFILING,Data Profiling,62.5,AMBER
DS_BEELINE_CONSO,Beeline Consolidated (FPA),FPA,2026-04-08,DEFINITIONS,Data Definitions,32.89,RED
DS_BEELINE_CONSO,Beeline Consolidated (FPA),FPA,2026-04-08,KEY_PROPERTIES,Key Properties,100.0,GREEN
DS_BEELINE_CONSO,Beeline Consolidated (FPA),FPA,2026-04-08,USAGE,Usage,26.67,RED
DS_BEELINE_CONSO,Beeline Consolidated (FPA),FPA,2026-04-08,FEEDBACK,User Feedback,78.35,AMBER
DS_BEELINE_CONSO,Beeline Consolidated (FPA),FPA,2026-04-09,OWNERSHIP,Data Ownership,0.0,RED
DS_BEELINE_CONSO,Beeline Consolidated (FPA),FPA,2026-04-09,SOURCE,Data Source,75.0,AMBER
DS_BEELINE_CONSO,Beeline Consolidated (FPA),FPA,2026-04-09,ISSUES,Active Issues,93.0,GREEN
DS_BEELINE_CONSO,Beeline Consolidated (FPA),FPA,2026-04-09,TIMELINESS,Timeliness,97.45,GREEN
DS_BEELINE_CONSO,Beeline Consolidated (FPA),FPA,2026-04-09,COMPLETENESS_KEY_PROPS,Completeness of Key Properties,96.03,GREEN
DS_BEELINE_CONSO,Beeline Consolidated (FPA),FPA,2026-04-09,PROFILING,Data Profiling,75.0,AMBER
DS_BEELINE_CONSO,Beeline Consolidated (FPA),FPA,2026-04-09,DEFINITIONS,Data Definitions,34.06,RED
DS_BEELINE_CONSO,Beeline Consolidated (FPA),FPA,2026-04-09,KEY_PROPERTIES,Key Properties,100.0,GREEN
DS_BEELINE_CONSO,Beeline Consolidated (FPA),FPA,2026-04-09,USAGE,Usage,25.0,RED
DS_BEELINE_CONSO,Beeline Consolidated (FPA),FPA,2026-04-09,FEEDBACK,User Feedback,77.09,AMBER
DS_BEELINE_CONSO,Beeline Consolidated (FPA),FPA,2026-04-10,OWNERSHIP,Data Ownership,0.0,RED
DS_BEELINE_CONSO,Beeline Consolidated (FPA),FPA,2026-04-10,SOURCE,Data Source,75.0,AMBER
DS_BEELINE_CONSO,Beeline Consolidated (FPA),FPA,2026-04-10,ISSUES,Active Issues,93.0,GREEN
DS_BEELINE_CONSO,Beeline Consolidated (FPA),FPA,2026-04-10,TIMELINESS,Timeliness,90.18,GREEN
DS_BEELINE_CONSO,Beeline Consolidated (FPA),FPA,2026-04-10,COMPLETENESS_KEY_PROPS,Completeness of Key Properties,93.02,GREEN
DS_BEELINE_CONSO,Beeline Consolidated (FPA),FPA,2026-04-10,PROFILING,Data Profiling,66.67,AMBER
DS_BEELINE_CONSO,Beeline Consolidated (FPA),FPA,2026-04-10,DEFINITIONS,Data Definitions,39.81,RED
DS_BEELINE_CONSO,Beeline Consolidated (FPA),FPA,2026-04-10,KEY_PROPERTIES,Key Properties,100.0,GREEN
DS_BEELINE_CONSO,Beeline Consolidated (FPA),FPA,2026-04-10,USAGE,Usage,0.0,RED
DS_BEELINE_CONSO,Beeline Consolidated (FPA),FPA,2026-04-10,FEEDBACK,User Feedback,71.13,AMBER
DS_BEELINE_CONSO,Beeline Consolidated (FPA),FPA,2026-04-11,OWNERSHIP,Data Ownership,0.0,RED
DS_BEELINE_CONSO,Beeline Consolidated (FPA),FPA,2026-04-11,SOURCE,Data Source,75.0,AMBER
DS_BEELINE_CONSO,Beeline Consolidated (FPA),FPA,2026-04-11,ISSUES,Active Issues,90.0,GREEN
DS_BEELINE_CONSO,Beeline Consolidated (FPA),FPA,2026-04-11,TIMELINESS,Timeliness,94.02,GREEN
DS_BEELINE_CONSO,Beeline Consolidated (FPA),FPA,2026-04-11,COMPLETENESS_KEY_PROPS,Completeness of Key Properties,94.34,GREEN
DS_BEELINE_CONSO,Beeline Consolidated (FPA),FPA,2026-04-11,PROFILING,Data Profiling,66.67,AMBER
DS_BEELINE_CONSO,Beeline Consolidated (FPA),FPA,2026-04-11,DEFINITIONS,Data Definitions,36.32,RED
DS_BEELINE_CONSO,Beeline Consolidated (FPA),FPA,2026-04-11,KEY_PROPERTIES,Key Properties,100.0,GREEN
DS_BEELINE_CONSO,Beeline Consolidated (FPA),FPA,2026-04-11,USAGE,Usage,11.67,RED
DS_BEELINE_CONSO,Beeline Consolidated (FPA),FPA,2026-04-11,FEEDBACK,User Feedback,77.25,AMBER
DS_BEELINE_CONSO,Beeline Consolidated (FPA),FPA,2026-04-12,OWNERSHIP,Data Ownership,0.0,RED
DS_BEELINE_CONSO,Beeline Consolidated (FPA),FPA,2026-04-12,SOURCE,Data Source,75.0,AMBER
DS_BEELINE_CONSO,Beeline Consolidated (FPA),FPA,2026-04-12,ISSUES,Active Issues,80.0,GREEN
DS_BEELINE_CONSO,Beeline Consolidated (FPA),FPA,2026-04-12,TIMELINESS,Timeliness,95.65,GREEN
DS_BEELINE_CONSO,Beeline Consolidated (FPA),FPA,2026-04-12,COMPLETENESS_KEY_PROPS,Completeness of Key Properties,94.01,GREEN
DS_BEELINE_CONSO,Beeline Consolidated (FPA),FPA,2026-04-12,PROFILING,Data Profiling,70.83,AMBER
DS_BEELINE_CONSO,Beeline Consolidated (FPA),FPA,2026-04-12,DEFINITIONS,Data Definitions,29.21,RED
DS_BEELINE_CONSO,Beeline Consolidated (FPA),FPA,2026-04-12,KEY_PROPERTIES,Key Properties,100.0,GREEN
DS_BEELINE_CONSO,Beeline Consolidated (FPA),FPA,2026-04-12,USAGE,Usage,0.0,RED
DS_BEELINE_CONSO,Beeline Consolidated (FPA),FPA,2026-04-12,FEEDBACK,User Feedback,77.69,AMBER
DS_BEELINE_CONSO,Beeline Consolidated (FPA),FPA,2026-04-13,OWNERSHIP,Data Ownership,0.0,RED
DS_BEELINE_CONSO,Beeline Consolidated (FPA),FPA,2026-04-13,SOURCE,Data Source,75.0,AMBER
DS_BEELINE_CONSO,Beeline Consolidated (FPA),FPA,2026-04-13,ISSUES,Active Issues,99.0,GREEN
DS_BEELINE_CONSO,Beeline Consolidated (FPA),FPA,2026-04-13,TIMELINESS,Timeliness,100.0,GREEN
DS_BEELINE_CONSO,Beeline Consolidated (FPA),FPA,2026-04-13,COMPLETENESS_KEY_PROPS,Completeness of Key Properties,95.36,GREEN
DS_BEELINE_CONSO,Beeline Consolidated (FPA),FPA,2026-04-13,PROFILING,Data Profiling,58.33,RED
DS_BEELINE_CONSO,Beeline Consolidated (FPA),FPA,2026-04-13,DEFINITIONS,Data Definitions,34.09,RED
DS_BEELINE_CONSO,Beeline Consolidated (FPA),FPA,2026-04-13,KEY_PROPERTIES,Key Properties,100.0,GREEN
DS_BEELINE_CONSO,Beeline Consolidated (FPA),FPA,2026-04-13,USAGE,Usage,8.33,RED
DS_BEELINE_CONSO,Beeline Consolidated (FPA),FPA,2026-04-13,FEEDBACK,User Feedback,65.39,AMBER
DS_BEELINE_CONSO,Beeline Consolidated (FPA),FPA,2026-04-14,OWNERSHIP,Data Ownership,0.0,RED
DS_BEELINE_CONSO,Beeline Consolidated (FPA),FPA,2026-04-14,SOURCE,Data Source,75.0,AMBER
DS_BEELINE_CONSO,Beeline Consolidated (FPA),FPA,2026-04-14,ISSUES,Active Issues,85.0,GREEN
DS_BEELINE_CONSO,Beeline Consolidated (FPA),FPA,2026-04-14,TIMELINESS,Timeliness,92.86,GREEN
DS_BEELINE_CONSO,Beeline Consolidated (FPA),FPA,2026-04-14,COMPLETENESS_KEY_PROPS,Completeness of Key Properties,92.92,GREEN
DS_BEELINE_CONSO,Beeline Consolidated (FPA),FPA,2026-04-14,PROFILING,Data Profiling,66.67,AMBER
DS_BEELINE_CONSO,Beeline Consolidated (FPA),FPA,2026-04-14,DEFINITIONS,Data Definitions,30.36,RED
DS_BEELINE_CONSO,Beeline Consolidated (FPA),FPA,2026-04-14,KEY_PROPERTIES,Key Properties,100.0,GREEN
DS_BEELINE_CONSO,Beeline Consolidated (FPA),FPA,2026-04-14,USAGE,Usage,16.67,RED
DS_BEELINE_CONSO,Beeline Consolidated (FPA),FPA,2026-04-14,FEEDBACK,User Feedback,68.85,AMBER
DS_BEELINE_CONSO,Beeline Consolidated (FPA),FPA,2026-04-15,OWNERSHIP,Data Ownership,0.0,RED
DS_BEELINE_CONSO,Beeline Consolidated (FPA),FPA,2026-04-15,SOURCE,Data Source,75.0,AMBER
DS_BEELINE_CONSO,Beeline Consolidated (FPA),FPA,2026-04-15,ISSUES,Active Issues,80.0,GREEN
DS_BEELINE_CONSO,Beeline Consolidated (FPA),FPA,2026-04-15,TIMELINESS,Timeliness,88.65,GREEN
DS_BEELINE_CONSO,Beeline Consolidated (FPA),FPA,2026-04-15,COMPLETENESS_KEY_PROPS,Completeness of Key Properties,95.73,GREEN
DS_BEELINE_CONSO,Beeline Consolidated (FPA),FPA,2026-04-15,PROFILING,Data Profiling,62.5,AMBER
DS_BEELINE_CONSO,Beeline Consolidated (FPA),FPA,2026-04-15,DEFINITIONS,Data Definitions,35.29,RED
DS_BEELINE_CONSO,Beeline Consolidated (FPA),FPA,2026-04-15,KEY_PROPERTIES,Key Properties,100.0,GREEN
DS_BEELINE_CONSO,Beeline Consolidated (FPA),FPA,2026-04-15,USAGE,Usage,13.33,RED
DS_BEELINE_CONSO,Beeline Consolidated (FPA),FPA,2026-04-15,FEEDBACK,User Feedback,75.7,AMBER
DS_BEELINE_CONSO,Beeline Consolidated (FPA),FPA,2026-04-16,OWNERSHIP,Data Ownership,0.0,RED
DS_BEELINE_CONSO,Beeline Consolidated (FPA),FPA,2026-04-16,SOURCE,Data Source,75.0,AMBER
DS_BEELINE_CONSO,Beeline Consolidated (FPA),FPA,2026-04-16,ISSUES,Active Issues,86.0,GREEN
DS_BEELINE_CONSO,Beeline Consolidated (FPA),FPA,2026-04-16,TIMELINESS,Timeliness,89.74,GREEN
DS_BEELINE_CONSO,Beeline Consolidated (FPA),FPA,2026-04-16,COMPLETENESS_KEY_PROPS,Completeness of Key Properties,93.43,GREEN
DS_BEELINE_CONSO,Beeline Consolidated (FPA),FPA,2026-04-16,PROFILING,Data Profiling,70.83,AMBER
DS_BEELINE_CONSO,Beeline Consolidated (FPA),FPA,2026-04-16,DEFINITIONS,Data Definitions,26.32,RED
DS_BEELINE_CONSO,Beeline Consolidated (FPA),FPA,2026-04-16,KEY_PROPERTIES,Key Properties,100.0,GREEN
DS_BEELINE_CONSO,Beeline Consolidated (FPA),FPA,2026-04-16,USAGE,Usage,6.67,RED
DS_BEELINE_CONSO,Beeline Consolidated (FPA),FPA,2026-04-16,FEEDBACK,User Feedback,78.83,AMBER
DS_BEELINE_CONSO,Beeline Consolidated (FPA),FPA,2026-04-17,OWNERSHIP,Data Ownership,0.0,RED
DS_BEELINE_CONSO,Beeline Consolidated (FPA),FPA,2026-04-17,SOURCE,Data Source,75.0,AMBER
DS_BEELINE_CONSO,Beeline Consolidated (FPA),FPA,2026-04-17,ISSUES,Active Issues,96.0,GREEN
DS_BEELINE_CONSO,Beeline Consolidated (FPA),FPA,2026-04-17,TIMELINESS,Timeliness,92.92,GREEN
DS_BEELINE_CONSO,Beeline Consolidated (FPA),FPA,2026-04-17,COMPLETENESS_KEY_PROPS,Completeness of Key Properties,90.98,GREEN
DS_BEELINE_CONSO,Beeline Consolidated (FPA),FPA,2026-04-17,PROFILING,Data Profiling,58.33,RED
DS_BEELINE_CONSO,Beeline Consolidated (FPA),FPA,2026-04-17,DEFINITIONS,Data Definitions,32.85,RED
DS_BEELINE_CONSO,Beeline Consolidated (FPA),FPA,2026-04-17,KEY_PROPERTIES,Key Properties,100.0,GREEN
DS_BEELINE_CONSO,Beeline Consolidated (FPA),FPA,2026-04-17,USAGE,Usage,26.67,RED
DS_BEELINE_CONSO,Beeline Consolidated (FPA),FPA,2026-04-17,FEEDBACK,User Feedback,71.65,AMBER
DS_BEELINE_CONSO,Beeline Consolidated (FPA),FPA,2026-04-18,OWNERSHIP,Data Ownership,0.0,RED
DS_BEELINE_CONSO,Beeline Consolidated (FPA),FPA,2026-04-18,SOURCE,Data Source,75.0,AMBER
DS_BEELINE_CONSO,Beeline Consolidated (FPA),FPA,2026-04-18,ISSUES,Active Issues,97.0,GREEN
DS_BEELINE_CONSO,Beeline Consolidated (FPA),FPA,2026-04-18,TIMELINESS,Timeliness,97.78,GREEN
DS_BEELINE_CONSO,Beeline Consolidated (FPA),FPA,2026-04-18,COMPLETENESS_KEY_PROPS,Completeness of Key Properties,94.94,GREEN
DS_BEELINE_CONSO,Beeline Consolidated (FPA),FPA,2026-04-18,PROFILING,Data Profiling,62.5,AMBER
DS_BEELINE_CONSO,Beeline Consolidated (FPA),FPA,2026-04-18,DEFINITIONS,Data Definitions,37.1,RED
DS_BEELINE_CONSO,Beeline Consolidated (FPA),FPA,2026-04-18,KEY_PROPERTIES,Key Properties,100.0,GREEN
DS_BEELINE_CONSO,Beeline Consolidated (FPA),FPA,2026-04-18,USAGE,Usage,6.67,RED
DS_BEELINE_CONSO,Beeline Consolidated (FPA),FPA,2026-04-18,FEEDBACK,User Feedback,75.46,AMBER
DS_BEELINE_CONSO,Beeline Consolidated (FPA),FPA,2026-04-19,OWNERSHIP,Data Ownership,0.0,RED
DS_BEELINE_CONSO,Beeline Consolidated (FPA),FPA,2026-04-19,SOURCE,Data Source,75.0,AMBER
DS_BEELINE_CONSO,Beeline Consolidated (FPA),FPA,2026-04-19,ISSUES,Active Issues,90.0,GREEN
DS_BEELINE_CONSO,Beeline Consolidated (FPA),FPA,2026-04-19,TIMELINESS,Timeliness,94.08,GREEN
DS_BEELINE_CONSO,Beeline Consolidated (FPA),FPA,2026-04-19,COMPLETENESS_KEY_PROPS,Completeness of Key Properties,93.31,GREEN
DS_BEELINE_CONSO,Beeline Consolidated (FPA),FPA,2026-04-19,PROFILING,Data Profiling,58.33,RED
DS_BEELINE_CONSO,Beeline Consolidated (FPA),FPA,2026-04-19,DEFINITIONS,Data Definitions,33.33,RED
DS_BEELINE_CONSO,Beeline Consolidated (FPA),FPA,2026-04-19,KEY_PROPERTIES,Key Properties,100.0,GREEN
DS_BEELINE_CONSO,Beeline Consolidated (FPA),FPA,2026-04-19,USAGE,Usage,26.67,RED
DS_BEELINE_CONSO,Beeline Consolidated (FPA),FPA,2026-04-19,FEEDBACK,User Feedback,81.29,GREEN
DS_BEELINE_CONSO,Beeline Consolidated (FPA),FPA,2026-04-20,OWNERSHIP,Data Ownership,0.0,RED
DS_BEELINE_CONSO,Beeline Consolidated (FPA),FPA,2026-04-20,SOURCE,Data Source,75.0,AMBER
DS_BEELINE_CONSO,Beeline Consolidated (FPA),FPA,2026-04-20,ISSUES,Active Issues,87.0,GREEN
DS_BEELINE_CONSO,Beeline Consolidated (FPA),FPA,2026-04-20,TIMELINESS,Timeliness,93.45,GREEN
DS_BEELINE_CONSO,Beeline Consolidated (FPA),FPA,2026-04-20,COMPLETENESS_KEY_PROPS,Completeness of Key Properties,95.92,GREEN
DS_BEELINE_CONSO,Beeline Consolidated (FPA),FPA,2026-04-20,PROFILING,Data Profiling,66.67,AMBER
DS_BEELINE_CONSO,Beeline Consolidated (FPA),FPA,2026-04-20,DEFINITIONS,Data Definitions,35.51,RED
DS_BEELINE_CONSO,Beeline Consolidated (FPA),FPA,2026-04-20,KEY_PROPERTIES,Key Properties,100.0,GREEN
DS_BEELINE_CONSO,Beeline Consolidated (FPA),FPA,2026-04-20,USAGE,Usage,28.33,RED
DS_BEELINE_CONSO,Beeline Consolidated (FPA),FPA,2026-04-20,FEEDBACK,User Feedback,54.17,RED
DS_BEELINE_CONSO,Beeline Consolidated (FPA),FPA,2026-04-21,OWNERSHIP,Data Ownership,0.0,RED
DS_BEELINE_CONSO,Beeline Consolidated (FPA),FPA,2026-04-21,SOURCE,Data Source,75.0,AMBER
DS_BEELINE_CONSO,Beeline Consolidated (FPA),FPA,2026-04-21,ISSUES,Active Issues,91.0,GREEN
DS_BEELINE_CONSO,Beeline Consolidated (FPA),FPA,2026-04-21,TIMELINESS,Timeliness,94.94,GREEN
DS_BEELINE_CONSO,Beeline Consolidated (FPA),FPA,2026-04-21,COMPLETENESS_KEY_PROPS,Completeness of Key Properties,93.93,GREEN
DS_BEELINE_CONSO,Beeline Consolidated (FPA),FPA,2026-04-21,PROFILING,Data Profiling,50.0,RED
DS_BEELINE_CONSO,Beeline Consolidated (FPA),FPA,2026-04-21,DEFINITIONS,Data Definitions,32.08,RED
DS_BEELINE_CONSO,Beeline Consolidated (FPA),FPA,2026-04-21,KEY_PROPERTIES,Key Properties,100.0,GREEN
DS_BEELINE_CONSO,Beeline Consolidated (FPA),FPA,2026-04-21,USAGE,Usage,5.0,RED
DS_BEELINE_CONSO,Beeline Consolidated (FPA),FPA,2026-04-21,FEEDBACK,User Feedback,76.5,AMBER
DS_BEELINE_CONSO,Beeline Consolidated (FPA),FPA,2026-04-22,OWNERSHIP,Data Ownership,0.0,RED
DS_BEELINE_CONSO,Beeline Consolidated (FPA),FPA,2026-04-22,SOURCE,Data Source,75.0,AMBER
DS_BEELINE_CONSO,Beeline Consolidated (FPA),FPA,2026-04-22,ISSUES,Active Issues,82.0,GREEN
DS_BEELINE_CONSO,Beeline Consolidated (FPA),FPA,2026-04-22,TIMELINESS,Timeliness,93.08,GREEN
DS_BEELINE_CONSO,Beeline Consolidated (FPA),FPA,2026-04-22,COMPLETENESS_KEY_PROPS,Completeness of Key Properties,92.04,GREEN
DS_BEELINE_CONSO,Beeline Consolidated (FPA),FPA,2026-04-22,PROFILING,Data Profiling,70.83,AMBER
DS_BEELINE_CONSO,Beeline Consolidated (FPA),FPA,2026-04-22,DEFINITIONS,Data Definitions,37.42,RED
DS_BEELINE_CONSO,Beeline Consolidated (FPA),FPA,2026-04-22,KEY_PROPERTIES,Key Properties,100.0,GREEN
DS_BEELINE_CONSO,Beeline Consolidated (FPA),FPA,2026-04-22,USAGE,Usage,16.67,RED
DS_BEELINE_CONSO,Beeline Consolidated (FPA),FPA,2026-04-22,FEEDBACK,User Feedback,88.46,GREEN
DS_BEELINE_CONSO,Beeline Consolidated (FPA),FPA,2026-04-23,OWNERSHIP,Data Ownership,0.0,RED
DS_BEELINE_CONSO,Beeline Consolidated (FPA),FPA,2026-04-23,SOURCE,Data Source,75.0,AMBER
DS_BEELINE_CONSO,Beeline Consolidated (FPA),FPA,2026-04-23,ISSUES,Active Issues,84.0,GREEN
DS_BEELINE_CONSO,Beeline Consolidated (FPA),FPA,2026-04-23,TIMELINESS,Timeliness,94.7,GREEN
DS_BEELINE_CONSO,Beeline Consolidated (FPA),FPA,2026-04-23,COMPLETENESS_KEY_PROPS,Completeness of Key Properties,97.2,GREEN
DS_BEELINE_CONSO,Beeline Consolidated (FPA),FPA,2026-04-23,PROFILING,Data Profiling,75.0,AMBER
DS_BEELINE_CONSO,Beeline Consolidated (FPA),FPA,2026-04-23,DEFINITIONS,Data Definitions,32.56,RED
DS_BEELINE_CONSO,Beeline Consolidated (FPA),FPA,2026-04-23,KEY_PROPERTIES,Key Properties,100.0,GREEN
DS_BEELINE_CONSO,Beeline Consolidated (FPA),FPA,2026-04-23,USAGE,Usage,35.0,RED
DS_BEELINE_CONSO,Beeline Consolidated (FPA),FPA,2026-04-23,FEEDBACK,User Feedback,79.62,AMBER
DS_BEELINE_CONSO,Beeline Consolidated (FPA),FPA,2026-04-24,OWNERSHIP,Data Ownership,0.0,RED
DS_BEELINE_CONSO,Beeline Consolidated (FPA),FPA,2026-04-24,SOURCE,Data Source,75.0,AMBER
DS_BEELINE_CONSO,Beeline Consolidated (FPA),FPA,2026-04-24,ISSUES,Active Issues,91.0,GREEN
DS_BEELINE_CONSO,Beeline Consolidated (FPA),FPA,2026-04-24,TIMELINESS,Timeliness,97.55,GREEN
DS_BEELINE_CONSO,Beeline Consolidated (FPA),FPA,2026-04-24,COMPLETENESS_KEY_PROPS,Completeness of Key Properties,97.19,GREEN
DS_BEELINE_CONSO,Beeline Consolidated (FPA),FPA,2026-04-24,PROFILING,Data Profiling,62.5,AMBER
DS_BEELINE_CONSO,Beeline Consolidated (FPA),FPA,2026-04-24,DEFINITIONS,Data Definitions,31.63,RED
DS_BEELINE_CONSO,Beeline Consolidated (FPA),FPA,2026-04-24,KEY_PROPERTIES,Key Properties,100.0,GREEN
DS_BEELINE_CONSO,Beeline Consolidated (FPA),FPA,2026-04-24,USAGE,Usage,26.67,RED
DS_BEELINE_CONSO,Beeline Consolidated (FPA),FPA,2026-04-24,FEEDBACK,User Feedback,71.88,AMBER
DS_BEELINE_CONSO,Beeline Consolidated (FPA),FPA,2026-04-25,OWNERSHIP,Data Ownership,0.0,RED
DS_BEELINE_CONSO,Beeline Consolidated (FPA),FPA,2026-04-25,SOURCE,Data Source,75.0,AMBER
DS_BEELINE_CONSO,Beeline Consolidated (FPA),FPA,2026-04-25,ISSUES,Active Issues,84.0,GREEN
DS_BEELINE_CONSO,Beeline Consolidated (FPA),FPA,2026-04-25,TIMELINESS,Timeliness,94.87,GREEN
DS_BEELINE_CONSO,Beeline Consolidated (FPA),FPA,2026-04-25,COMPLETENESS_KEY_PROPS,Completeness of Key Properties,91.9,GREEN
DS_BEELINE_CONSO,Beeline Consolidated (FPA),FPA,2026-04-25,PROFILING,Data Profiling,58.33,RED
DS_BEELINE_CONSO,Beeline Consolidated (FPA),FPA,2026-04-25,DEFINITIONS,Data Definitions,32.97,RED
DS_BEELINE_CONSO,Beeline Consolidated (FPA),FPA,2026-04-25,KEY_PROPERTIES,Key Properties,100.0,GREEN
DS_BEELINE_CONSO,Beeline Consolidated (FPA),FPA,2026-04-25,USAGE,Usage,18.33,RED
DS_BEELINE_CONSO,Beeline Consolidated (FPA),FPA,2026-04-25,FEEDBACK,User Feedback,69.03,AMBER
DS_BEELINE_CONSO,Beeline Consolidated (FPA),FPA,2026-04-26,OWNERSHIP,Data Ownership,0.0,RED
DS_BEELINE_CONSO,Beeline Consolidated (FPA),FPA,2026-04-26,SOURCE,Data Source,75.0,AMBER
DS_BEELINE_CONSO,Beeline Consolidated (FPA),FPA,2026-04-26,ISSUES,Active Issues,87.0,GREEN
DS_BEELINE_CONSO,Beeline Consolidated (FPA),FPA,2026-04-26,TIMELINESS,Timeliness,92.83,GREEN
DS_BEELINE_CONSO,Beeline Consolidated (FPA),FPA,2026-04-26,COMPLETENESS_KEY_PROPS,Completeness of Key Properties,93.94,GREEN
DS_BEELINE_CONSO,Beeline Consolidated (FPA),FPA,2026-04-26,PROFILING,Data Profiling,66.67,AMBER
DS_BEELINE_CONSO,Beeline Consolidated (FPA),FPA,2026-04-26,DEFINITIONS,Data Definitions,34.31,RED
DS_BEELINE_CONSO,Beeline Consolidated (FPA),FPA,2026-04-26,KEY_PROPERTIES,Key Properties,100.0,GREEN
DS_BEELINE_CONSO,Beeline Consolidated (FPA),FPA,2026-04-26,USAGE,Usage,28.33,RED
DS_BEELINE_CONSO,Beeline Consolidated (FPA),FPA,2026-04-26,FEEDBACK,User Feedback,76.32,AMBER
DS_BEELINE_CONSO,Beeline Consolidated (FPA),FPA,2026-04-27,OWNERSHIP,Data Ownership,0.0,RED
DS_BEELINE_CONSO,Beeline Consolidated (FPA),FPA,2026-04-27,SOURCE,Data Source,75.0,AMBER
DS_BEELINE_CONSO,Beeline Consolidated (FPA),FPA,2026-04-27,ISSUES,Active Issues,93.0,GREEN
DS_BEELINE_CONSO,Beeline Consolidated (FPA),FPA,2026-04-27,TIMELINESS,Timeliness,97.8,GREEN
DS_BEELINE_CONSO,Beeline Consolidated (FPA),FPA,2026-04-27,COMPLETENESS_KEY_PROPS,Completeness of Key Properties,92.64,GREEN
DS_BEELINE_CONSO,Beeline Consolidated (FPA),FPA,2026-04-27,PROFILING,Data Profiling,66.67,AMBER
DS_BEELINE_CONSO,Beeline Consolidated (FPA),FPA,2026-04-27,DEFINITIONS,Data Definitions,32.93,RED
DS_BEELINE_CONSO,Beeline Consolidated (FPA),FPA,2026-04-27,KEY_PROPERTIES,Key Properties,100.0,GREEN
DS_BEELINE_CONSO,Beeline Consolidated (FPA),FPA,2026-04-27,USAGE,Usage,30.0,RED
DS_BEELINE_CONSO,Beeline Consolidated (FPA),FPA,2026-04-27,FEEDBACK,User Feedback,75.16,AMBER
DS_BEELINE_CONSO,Beeline Consolidated (FPA),FPA,2026-04-28,OWNERSHIP,Data Ownership,0.0,RED
DS_BEELINE_CONSO,Beeline Consolidated (FPA),FPA,2026-04-28,SOURCE,Data Source,75.0,AMBER
DS_BEELINE_CONSO,Beeline Consolidated (FPA),FPA,2026-04-28,ISSUES,Active Issues,100.0,GREEN
DS_BEELINE_CONSO,Beeline Consolidated (FPA),FPA,2026-04-28,TIMELINESS,Timeliness,96.45,GREEN
DS_BEELINE_CONSO,Beeline Consolidated (FPA),FPA,2026-04-28,COMPLETENESS_KEY_PROPS,Completeness of Key Properties,97.27,GREEN
DS_BEELINE_CONSO,Beeline Consolidated (FPA),FPA,2026-04-28,PROFILING,Data Profiling,54.17,RED
DS_BEELINE_CONSO,Beeline Consolidated (FPA),FPA,2026-04-28,DEFINITIONS,Data Definitions,42.5,RED
DS_BEELINE_CONSO,Beeline Consolidated (FPA),FPA,2026-04-28,KEY_PROPERTIES,Key Properties,100.0,GREEN
DS_BEELINE_CONSO,Beeline Consolidated (FPA),FPA,2026-04-28,USAGE,Usage,3.33,RED
DS_BEELINE_CONSO,Beeline Consolidated (FPA),FPA,2026-04-28,FEEDBACK,User Feedback,70.97,AMBER
DS_BEELINE_CONSO,Beeline Consolidated (FPA),FPA,2026-04-29,OWNERSHIP,Data Ownership,0.0,RED
DS_BEELINE_CONSO,Beeline Consolidated (FPA),FPA,2026-04-29,SOURCE,Data Source,75.0,AMBER
DS_BEELINE_CONSO,Beeline Consolidated (FPA),FPA,2026-04-29,ISSUES,Active Issues,100.0,GREEN
DS_BEELINE_CONSO,Beeline Consolidated (FPA),FPA,2026-04-29,TIMELINESS,Timeliness,96.02,GREEN
DS_BEELINE_CONSO,Beeline Consolidated (FPA),FPA,2026-04-29,COMPLETENESS_KEY_PROPS,Completeness of Key Properties,97.85,GREEN
DS_BEELINE_CONSO,Beeline Consolidated (FPA),FPA,2026-04-29,PROFILING,Data Profiling,79.17,AMBER
DS_BEELINE_CONSO,Beeline Consolidated (FPA),FPA,2026-04-29,DEFINITIONS,Data Definitions,31.91,RED
DS_BEELINE_CONSO,Beeline Consolidated (FPA),FPA,2026-04-29,KEY_PROPERTIES,Key Properties,100.0,GREEN
DS_BEELINE_CONSO,Beeline Consolidated (FPA),FPA,2026-04-29,USAGE,Usage,26.67,RED
DS_BEELINE_CONSO,Beeline Consolidated (FPA),FPA,2026-04-29,FEEDBACK,User Feedback,80.74,GREEN
DS_BEELINE_CONSO,Beeline Consolidated (FPA),FPA,2026-04-30,OWNERSHIP,Data Ownership,0.0,RED
DS_BEELINE_CONSO,Beeline Consolidated (FPA),FPA,2026-04-30,SOURCE,Data Source,75.0,AMBER
DS_BEELINE_CONSO,Beeline Consolidated (FPA),FPA,2026-04-30,ISSUES,Active Issues,80.0,GREEN
DS_BEELINE_CONSO,Beeline Consolidated (FPA),FPA,2026-04-30,TIMELINESS,Timeliness,92.32,GREEN
DS_BEELINE_CONSO,Beeline Consolidated (FPA),FPA,2026-04-30,COMPLETENESS_KEY_PROPS,Completeness of Key Properties,94.52,GREEN
DS_BEELINE_CONSO,Beeline Consolidated (FPA),FPA,2026-04-30,PROFILING,Data Profiling,79.17,AMBER
DS_BEELINE_CONSO,Beeline Consolidated (FPA),FPA,2026-04-30,DEFINITIONS,Data Definitions,34.21,RED
DS_BEELINE_CONSO,Beeline Consolidated (FPA),FPA,2026-04-30,KEY_PROPERTIES,Key Properties,100.0,GREEN
DS_BEELINE_CONSO,Beeline Consolidated (FPA),FPA,2026-04-30,USAGE,Usage,3.33,RED
DS_BEELINE_CONSO,Beeline Consolidated (FPA),FPA,2026-04-30,FEEDBACK,User Feedback,88.77,GREEN
DS_BEELINE_CONSO,Beeline Consolidated (FPA),FPA,2026-05-01,OWNERSHIP,Data Ownership,0.0,RED
DS_BEELINE_CONSO,Beeline Consolidated (FPA),FPA,2026-05-01,SOURCE,Data Source,75.0,AMBER
DS_BEELINE_CONSO,Beeline Consolidated (FPA),FPA,2026-05-01,ISSUES,Active Issues,94.0,GREEN
DS_BEELINE_CONSO,Beeline Consolidated (FPA),FPA,2026-05-01,TIMELINESS,Timeliness,94.97,GREEN
DS_BEELINE_CONSO,Beeline Consolidated (FPA),FPA,2026-05-01,COMPLETENESS_KEY_PROPS,Completeness of Key Properties,98.18,GREEN
DS_BEELINE_CONSO,Beeline Consolidated (FPA),FPA,2026-05-01,PROFILING,Data Profiling,75.0,AMBER
DS_BEELINE_CONSO,Beeline Consolidated (FPA),FPA,2026-05-01,DEFINITIONS,Data Definitions,35.87,RED
DS_BEELINE_CONSO,Beeline Consolidated (FPA),FPA,2026-05-01,KEY_PROPERTIES,Key Properties,100.0,GREEN
DS_BEELINE_CONSO,Beeline Consolidated (FPA),FPA,2026-05-01,USAGE,Usage,10.0,RED
DS_BEELINE_CONSO,Beeline Consolidated (FPA),FPA,2026-05-01,FEEDBACK,User Feedback,84.0,GREEN
DS_BEELINE_CONSO,Beeline Consolidated (FPA),FPA,2026-05-02,OWNERSHIP,Data Ownership,0.0,RED
DS_BEELINE_CONSO,Beeline Consolidated (FPA),FPA,2026-05-02,SOURCE,Data Source,75.0,AMBER
DS_BEELINE_CONSO,Beeline Consolidated (FPA),FPA,2026-05-02,ISSUES,Active Issues,96.0,GREEN
DS_BEELINE_CONSO,Beeline Consolidated (FPA),FPA,2026-05-02,TIMELINESS,Timeliness,100.0,GREEN
DS_BEELINE_CONSO,Beeline Consolidated (FPA),FPA,2026-05-02,COMPLETENESS_KEY_PROPS,Completeness of Key Properties,95.53,GREEN
DS_BEELINE_CONSO,Beeline Consolidated (FPA),FPA,2026-05-02,PROFILING,Data Profiling,62.5,AMBER
DS_BEELINE_CONSO,Beeline Consolidated (FPA),FPA,2026-05-02,DEFINITIONS,Data Definitions,34.78,RED
DS_BEELINE_CONSO,Beeline Consolidated (FPA),FPA,2026-05-02,KEY_PROPERTIES,Key Properties,100.0,GREEN
DS_BEELINE_CONSO,Beeline Consolidated (FPA),FPA,2026-05-02,USAGE,Usage,13.33,RED
DS_BEELINE_CONSO,Beeline Consolidated (FPA),FPA,2026-05-02,FEEDBACK,User Feedback,73.11,AMBER
DS_BEELINE_CONSO,Beeline Consolidated (FPA),FPA,2026-05-03,OWNERSHIP,Data Ownership,0.0,RED
DS_BEELINE_CONSO,Beeline Consolidated (FPA),FPA,2026-05-03,SOURCE,Data Source,75.0,AMBER
DS_BEELINE_CONSO,Beeline Consolidated (FPA),FPA,2026-05-03,ISSUES,Active Issues,89.0,GREEN
DS_BEELINE_CONSO,Beeline Consolidated (FPA),FPA,2026-05-03,TIMELINESS,Timeliness,89.6,GREEN
DS_BEELINE_CONSO,Beeline Consolidated (FPA),FPA,2026-05-03,COMPLETENESS_KEY_PROPS,Completeness of Key Properties,94.8,GREEN
DS_BEELINE_CONSO,Beeline Consolidated (FPA),FPA,2026-05-03,PROFILING,Data Profiling,58.33,RED
DS_BEELINE_CONSO,Beeline Consolidated (FPA),FPA,2026-05-03,DEFINITIONS,Data Definitions,29.55,RED
DS_BEELINE_CONSO,Beeline Consolidated (FPA),FPA,2026-05-03,KEY_PROPERTIES,Key Properties,100.0,GREEN
DS_BEELINE_CONSO,Beeline Consolidated (FPA),FPA,2026-05-03,USAGE,Usage,8.33,RED
DS_BEELINE_CONSO,Beeline Consolidated (FPA),FPA,2026-05-03,FEEDBACK,User Feedback,62.56,AMBER
DS_BEELINE_CONSO,Beeline Consolidated (FPA),FPA,2026-05-04,OWNERSHIP,Data Ownership,0.0,RED
DS_BEELINE_CONSO,Beeline Consolidated (FPA),FPA,2026-05-04,SOURCE,Data Source,75.0,AMBER
DS_BEELINE_CONSO,Beeline Consolidated (FPA),FPA,2026-05-04,ISSUES,Active Issues,91.0,GREEN
DS_BEELINE_CONSO,Beeline Consolidated (FPA),FPA,2026-05-04,TIMELINESS,Timeliness,94.74,GREEN
DS_BEELINE_CONSO,Beeline Consolidated (FPA),FPA,2026-05-04,COMPLETENESS_KEY_PROPS,Completeness of Key Properties,94.14,GREEN
DS_BEELINE_CONSO,Beeline Consolidated (FPA),FPA,2026-05-04,PROFILING,Data Profiling,70.83,AMBER
DS_BEELINE_CONSO,Beeline Consolidated (FPA),FPA,2026-05-04,DEFINITIONS,Data Definitions,35.37,RED
DS_BEELINE_CONSO,Beeline Consolidated (FPA),FPA,2026-05-04,KEY_PROPERTIES,Key Properties,100.0,GREEN
DS_BEELINE_CONSO,Beeline Consolidated (FPA),FPA,2026-05-04,USAGE,Usage,10.0,RED
DS_BEELINE_CONSO,Beeline Consolidated (FPA),FPA,2026-05-04,FEEDBACK,User Feedback,73.24,AMBER
DS_BEELINE_CONSO,Beeline Consolidated (FPA),FPA,2026-05-05,OWNERSHIP,Data Ownership,0.0,RED
DS_BEELINE_CONSO,Beeline Consolidated (FPA),FPA,2026-05-05,SOURCE,Data Source,75.0,AMBER
DS_BEELINE_CONSO,Beeline Consolidated (FPA),FPA,2026-05-05,ISSUES,Active Issues,98.0,GREEN
DS_BEELINE_CONSO,Beeline Consolidated (FPA),FPA,2026-05-05,TIMELINESS,Timeliness,95.55,GREEN
DS_BEELINE_CONSO,Beeline Consolidated (FPA),FPA,2026-05-05,COMPLETENESS_KEY_PROPS,Completeness of Key Properties,95.17,GREEN
DS_BEELINE_CONSO,Beeline Consolidated (FPA),FPA,2026-05-05,PROFILING,Data Profiling,75.0,AMBER
DS_BEELINE_CONSO,Beeline Consolidated (FPA),FPA,2026-05-05,DEFINITIONS,Data Definitions,35.0,RED
DS_BEELINE_CONSO,Beeline Consolidated (FPA),FPA,2026-05-05,KEY_PROPERTIES,Key Properties,100.0,GREEN
DS_BEELINE_CONSO,Beeline Consolidated (FPA),FPA,2026-05-05,USAGE,Usage,25.0,RED
DS_BEELINE_CONSO,Beeline Consolidated (FPA),FPA,2026-05-05,FEEDBACK,User Feedback,71.11,AMBER
DS_BEELINE_CONSO,Beeline Consolidated (FPA),FPA,2026-05-06,OWNERSHIP,Data Ownership,0.0,RED
DS_BEELINE_CONSO,Beeline Consolidated (FPA),FPA,2026-05-06,SOURCE,Data Source,75.0,AMBER
DS_BEELINE_CONSO,Beeline Consolidated (FPA),FPA,2026-05-06,ISSUES,Active Issues,83.0,GREEN
DS_BEELINE_CONSO,Beeline Consolidated (FPA),FPA,2026-05-06,TIMELINESS,Timeliness,93.18,GREEN
DS_BEELINE_CONSO,Beeline Consolidated (FPA),FPA,2026-05-06,COMPLETENESS_KEY_PROPS,Completeness of Key Properties,97.2,GREEN
DS_BEELINE_CONSO,Beeline Consolidated (FPA),FPA,2026-05-06,PROFILING,Data Profiling,62.5,AMBER
DS_BEELINE_CONSO,Beeline Consolidated (FPA),FPA,2026-05-06,DEFINITIONS,Data Definitions,23.73,RED
DS_BEELINE_CONSO,Beeline Consolidated (FPA),FPA,2026-05-06,KEY_PROPERTIES,Key Properties,100.0,GREEN
DS_BEELINE_CONSO,Beeline Consolidated (FPA),FPA,2026-05-06,USAGE,Usage,18.33,RED
DS_BEELINE_CONSO,Beeline Consolidated (FPA),FPA,2026-05-06,FEEDBACK,User Feedback,83.3,GREEN
DS_BEELINE_WORKER,Beeline WBD Worker (FPA),FPA,2026-02-05,OWNERSHIP,Data Ownership,0.0,RED
DS_BEELINE_WORKER,Beeline WBD Worker (FPA),FPA,2026-02-05,SOURCE,Data Source,75.0,AMBER
DS_BEELINE_WORKER,Beeline WBD Worker (FPA),FPA,2026-02-05,ISSUES,Active Issues,99.0,GREEN
DS_BEELINE_WORKER,Beeline WBD Worker (FPA),FPA,2026-02-05,TIMELINESS,Timeliness,93.16,GREEN
DS_BEELINE_WORKER,Beeline WBD Worker (FPA),FPA,2026-02-05,COMPLETENESS_KEY_PROPS,Completeness of Key Properties,0.0,RED
DS_BEELINE_WORKER,Beeline WBD Worker (FPA),FPA,2026-02-05,PROFILING,Data Profiling,62.5,AMBER
DS_BEELINE_WORKER,Beeline WBD Worker (FPA),FPA,2026-02-05,DEFINITIONS,Data Definitions,35.77,RED
DS_BEELINE_WORKER,Beeline WBD Worker (FPA),FPA,2026-02-05,KEY_PROPERTIES,Key Properties,66.67,AMBER
DS_BEELINE_WORKER,Beeline WBD Worker (FPA),FPA,2026-02-05,USAGE,Usage,50.0,RED
DS_BEELINE_WORKER,Beeline WBD Worker (FPA),FPA,2026-02-05,FEEDBACK,User Feedback,86.41,GREEN
DS_BEELINE_WORKER,Beeline WBD Worker (FPA),FPA,2026-02-06,OWNERSHIP,Data Ownership,0.0,RED
DS_BEELINE_WORKER,Beeline WBD Worker (FPA),FPA,2026-02-06,SOURCE,Data Source,75.0,AMBER
DS_BEELINE_WORKER,Beeline WBD Worker (FPA),FPA,2026-02-06,ISSUES,Active Issues,93.0,GREEN
DS_BEELINE_WORKER,Beeline WBD Worker (FPA),FPA,2026-02-06,TIMELINESS,Timeliness,98.11,GREEN
DS_BEELINE_WORKER,Beeline WBD Worker (FPA),FPA,2026-02-06,COMPLETENESS_KEY_PROPS,Completeness of Key Properties,0.0,RED
DS_BEELINE_WORKER,Beeline WBD Worker (FPA),FPA,2026-02-06,PROFILING,Data Profiling,75.0,AMBER
DS_BEELINE_WORKER,Beeline WBD Worker (FPA),FPA,2026-02-06,DEFINITIONS,Data Definitions,34.58,RED
DS_BEELINE_WORKER,Beeline WBD Worker (FPA),FPA,2026-02-06,KEY_PROPERTIES,Key Properties,66.67,AMBER
DS_BEELINE_WORKER,Beeline WBD Worker (FPA),FPA,2026-02-06,USAGE,Usage,58.33,RED
DS_BEELINE_WORKER,Beeline WBD Worker (FPA),FPA,2026-02-06,FEEDBACK,User Feedback,73.9,AMBER
DS_BEELINE_WORKER,Beeline WBD Worker (FPA),FPA,2026-02-07,OWNERSHIP,Data Ownership,0.0,RED
DS_BEELINE_WORKER,Beeline WBD Worker (FPA),FPA,2026-02-07,SOURCE,Data Source,75.0,AMBER
DS_BEELINE_WORKER,Beeline WBD Worker (FPA),FPA,2026-02-07,ISSUES,Active Issues,95.0,GREEN
DS_BEELINE_WORKER,Beeline WBD Worker (FPA),FPA,2026-02-07,TIMELINESS,Timeliness,92.17,GREEN
DS_BEELINE_WORKER,Beeline WBD Worker (FPA),FPA,2026-02-07,COMPLETENESS_KEY_PROPS,Completeness of Key Properties,0.0,RED
DS_BEELINE_WORKER,Beeline WBD Worker (FPA),FPA,2026-02-07,PROFILING,Data Profiling,58.33,RED
DS_BEELINE_WORKER,Beeline WBD Worker (FPA),FPA,2026-02-07,DEFINITIONS,Data Definitions,35.05,RED
DS_BEELINE_WORKER,Beeline WBD Worker (FPA),FPA,2026-02-07,KEY_PROPERTIES,Key Properties,66.67,AMBER
DS_BEELINE_WORKER,Beeline WBD Worker (FPA),FPA,2026-02-07,USAGE,Usage,60.0,AMBER
DS_BEELINE_WORKER,Beeline WBD Worker (FPA),FPA,2026-02-07,FEEDBACK,User Feedback,80.43,GREEN
DS_BEELINE_WORKER,Beeline WBD Worker (FPA),FPA,2026-02-08,OWNERSHIP,Data Ownership,0.0,RED
DS_BEELINE_WORKER,Beeline WBD Worker (FPA),FPA,2026-02-08,SOURCE,Data Source,75.0,AMBER
DS_BEELINE_WORKER,Beeline WBD Worker (FPA),FPA,2026-02-08,ISSUES,Active Issues,97.0,GREEN
DS_BEELINE_WORKER,Beeline WBD Worker (FPA),FPA,2026-02-08,TIMELINESS,Timeliness,99.43,GREEN
DS_BEELINE_WORKER,Beeline WBD Worker (FPA),FPA,2026-02-08,COMPLETENESS_KEY_PROPS,Completeness of Key Properties,0.0,RED
DS_BEELINE_WORKER,Beeline WBD Worker (FPA),FPA,2026-02-08,PROFILING,Data Profiling,66.67,AMBER
DS_BEELINE_WORKER,Beeline WBD Worker (FPA),FPA,2026-02-08,DEFINITIONS,Data Definitions,32.65,RED
DS_BEELINE_WORKER,Beeline WBD Worker (FPA),FPA,2026-02-08,KEY_PROPERTIES,Key Properties,66.67,AMBER
DS_BEELINE_WORKER,Beeline WBD Worker (FPA),FPA,2026-02-08,USAGE,Usage,66.67,AMBER
DS_BEELINE_WORKER,Beeline WBD Worker (FPA),FPA,2026-02-08,FEEDBACK,User Feedback,84.49,GREEN
DS_BEELINE_WORKER,Beeline WBD Worker (FPA),FPA,2026-02-09,OWNERSHIP,Data Ownership,0.0,RED
DS_BEELINE_WORKER,Beeline WBD Worker (FPA),FPA,2026-02-09,SOURCE,Data Source,75.0,AMBER
DS_BEELINE_WORKER,Beeline WBD Worker (FPA),FPA,2026-02-09,ISSUES,Active Issues,98.0,GREEN
DS_BEELINE_WORKER,Beeline WBD Worker (FPA),FPA,2026-02-09,TIMELINESS,Timeliness,95.93,GREEN
DS_BEELINE_WORKER,Beeline WBD Worker (FPA),FPA,2026-02-09,COMPLETENESS_KEY_PROPS,Completeness of Key Properties,0.0,RED
DS_BEELINE_WORKER,Beeline WBD Worker (FPA),FPA,2026-02-09,PROFILING,Data Profiling,70.83,AMBER
DS_BEELINE_WORKER,Beeline WBD Worker (FPA),FPA,2026-02-09,DEFINITIONS,Data Definitions,34.94,RED
DS_BEELINE_WORKER,Beeline WBD Worker (FPA),FPA,2026-02-09,KEY_PROPERTIES,Key Properties,66.67,AMBER
DS_BEELINE_WORKER,Beeline WBD Worker (FPA),FPA,2026-02-09,USAGE,Usage,55.0,RED
DS_BEELINE_WORKER,Beeline WBD Worker (FPA),FPA,2026-02-09,FEEDBACK,User Feedback,70.93,AMBER
DS_BEELINE_WORKER,Beeline WBD Worker (FPA),FPA,2026-02-10,OWNERSHIP,Data Ownership,0.0,RED
DS_BEELINE_WORKER,Beeline WBD Worker (FPA),FPA,2026-02-10,SOURCE,Data Source,75.0,AMBER
DS_BEELINE_WORKER,Beeline WBD Worker (FPA),FPA,2026-02-10,ISSUES,Active Issues,91.0,GREEN
DS_BEELINE_WORKER,Beeline WBD Worker (FPA),FPA,2026-02-10,TIMELINESS,Timeliness,94.55,GREEN
DS_BEELINE_WORKER,Beeline WBD Worker (FPA),FPA,2026-02-10,COMPLETENESS_KEY_PROPS,Completeness of Key Properties,0.0,RED
DS_BEELINE_WORKER,Beeline WBD Worker (FPA),FPA,2026-02-10,PROFILING,Data Profiling,83.33,GREEN
DS_BEELINE_WORKER,Beeline WBD Worker (FPA),FPA,2026-02-10,DEFINITIONS,Data Definitions,25.49,RED
DS_BEELINE_WORKER,Beeline WBD Worker (FPA),FPA,2026-02-10,KEY_PROPERTIES,Key Properties,66.67,AMBER
DS_BEELINE_WORKER,Beeline WBD Worker (FPA),FPA,2026-02-10,USAGE,Usage,41.67,RED
DS_BEELINE_WORKER,Beeline WBD Worker (FPA),FPA,2026-02-10,FEEDBACK,User Feedback,86.2,GREEN
DS_BEELINE_WORKER,Beeline WBD Worker (FPA),FPA,2026-02-11,OWNERSHIP,Data Ownership,0.0,RED
DS_BEELINE_WORKER,Beeline WBD Worker (FPA),FPA,2026-02-11,SOURCE,Data Source,75.0,AMBER
DS_BEELINE_WORKER,Beeline WBD Worker (FPA),FPA,2026-02-11,ISSUES,Active Issues,88.0,GREEN
DS_BEELINE_WORKER,Beeline WBD Worker (FPA),FPA,2026-02-11,TIMELINESS,Timeliness,95.76,GREEN
DS_BEELINE_WORKER,Beeline WBD Worker (FPA),FPA,2026-02-11,COMPLETENESS_KEY_PROPS,Completeness of Key Properties,0.0,RED
DS_BEELINE_WORKER,Beeline WBD Worker (FPA),FPA,2026-02-11,PROFILING,Data Profiling,79.17,AMBER
DS_BEELINE_WORKER,Beeline WBD Worker (FPA),FPA,2026-02-11,DEFINITIONS,Data Definitions,34.94,RED
DS_BEELINE_WORKER,Beeline WBD Worker (FPA),FPA,2026-02-11,KEY_PROPERTIES,Key Properties,66.67,AMBER
DS_BEELINE_WORKER,Beeline WBD Worker (FPA),FPA,2026-02-11,USAGE,Usage,48.33,RED
DS_BEELINE_WORKER,Beeline WBD Worker (FPA),FPA,2026-02-11,FEEDBACK,User Feedback,83.57,GREEN
DS_BEELINE_WORKER,Beeline WBD Worker (FPA),FPA,2026-02-12,OWNERSHIP,Data Ownership,0.0,RED
DS_BEELINE_WORKER,Beeline WBD Worker (FPA),FPA,2026-02-12,SOURCE,Data Source,75.0,AMBER
DS_BEELINE_WORKER,Beeline WBD Worker (FPA),FPA,2026-02-12,ISSUES,Active Issues,95.0,GREEN
DS_BEELINE_WORKER,Beeline WBD Worker (FPA),FPA,2026-02-12,TIMELINESS,Timeliness,99.22,GREEN
DS_BEELINE_WORKER,Beeline WBD Worker (FPA),FPA,2026-02-12,COMPLETENESS_KEY_PROPS,Completeness of Key Properties,0.0,RED
DS_BEELINE_WORKER,Beeline WBD Worker (FPA),FPA,2026-02-12,PROFILING,Data Profiling,75.0,AMBER
DS_BEELINE_WORKER,Beeline WBD Worker (FPA),FPA,2026-02-12,DEFINITIONS,Data Definitions,36.56,RED
DS_BEELINE_WORKER,Beeline WBD Worker (FPA),FPA,2026-02-12,KEY_PROPERTIES,Key Properties,66.67,AMBER
DS_BEELINE_WORKER,Beeline WBD Worker (FPA),FPA,2026-02-12,USAGE,Usage,58.33,RED
DS_BEELINE_WORKER,Beeline WBD Worker (FPA),FPA,2026-02-12,FEEDBACK,User Feedback,76.66,AMBER
DS_BEELINE_WORKER,Beeline WBD Worker (FPA),FPA,2026-02-13,OWNERSHIP,Data Ownership,0.0,RED
DS_BEELINE_WORKER,Beeline WBD Worker (FPA),FPA,2026-02-13,SOURCE,Data Source,75.0,AMBER
DS_BEELINE_WORKER,Beeline WBD Worker (FPA),FPA,2026-02-13,ISSUES,Active Issues,96.0,GREEN
DS_BEELINE_WORKER,Beeline WBD Worker (FPA),FPA,2026-02-13,TIMELINESS,Timeliness,86.91,GREEN
DS_BEELINE_WORKER,Beeline WBD Worker (FPA),FPA,2026-02-13,COMPLETENESS_KEY_PROPS,Completeness of Key Properties,0.0,RED
DS_BEELINE_WORKER,Beeline WBD Worker (FPA),FPA,2026-02-13,PROFILING,Data Profiling,62.5,AMBER
DS_BEELINE_WORKER,Beeline WBD Worker (FPA),FPA,2026-02-13,DEFINITIONS,Data Definitions,40.26,RED
DS_BEELINE_WORKER,Beeline WBD Worker (FPA),FPA,2026-02-13,KEY_PROPERTIES,Key Properties,66.67,AMBER
DS_BEELINE_WORKER,Beeline WBD Worker (FPA),FPA,2026-02-13,USAGE,Usage,50.0,RED
DS_BEELINE_WORKER,Beeline WBD Worker (FPA),FPA,2026-02-13,FEEDBACK,User Feedback,83.11,GREEN
DS_BEELINE_WORKER,Beeline WBD Worker (FPA),FPA,2026-02-14,OWNERSHIP,Data Ownership,0.0,RED
DS_BEELINE_WORKER,Beeline WBD Worker (FPA),FPA,2026-02-14,SOURCE,Data Source,75.0,AMBER
DS_BEELINE_WORKER,Beeline WBD Worker (FPA),FPA,2026-02-14,ISSUES,Active Issues,97.0,GREEN
DS_BEELINE_WORKER,Beeline WBD Worker (FPA),FPA,2026-02-14,TIMELINESS,Timeliness,90.56,GREEN
DS_BEELINE_WORKER,Beeline WBD Worker (FPA),FPA,2026-02-14,COMPLETENESS_KEY_PROPS,Completeness of Key Properties,0.0,RED
DS_BEELINE_WORKER,Beeline WBD Worker (FPA),FPA,2026-02-14,PROFILING,Data Profiling,66.67,AMBER
DS_BEELINE_WORKER,Beeline WBD Worker (FPA),FPA,2026-02-14,DEFINITIONS,Data Definitions,32.84,RED
DS_BEELINE_WORKER,Beeline WBD Worker (FPA),FPA,2026-02-14,KEY_PROPERTIES,Key Properties,66.67,AMBER
DS_BEELINE_WORKER,Beeline WBD Worker (FPA),FPA,2026-02-14,USAGE,Usage,76.67,AMBER
DS_BEELINE_WORKER,Beeline WBD Worker (FPA),FPA,2026-02-14,FEEDBACK,User Feedback,80.83,GREEN
DS_BEELINE_WORKER,Beeline WBD Worker (FPA),FPA,2026-02-15,OWNERSHIP,Data Ownership,0.0,RED
DS_BEELINE_WORKER,Beeline WBD Worker (FPA),FPA,2026-02-15,SOURCE,Data Source,75.0,AMBER
DS_BEELINE_WORKER,Beeline WBD Worker (FPA),FPA,2026-02-15,ISSUES,Active Issues,97.0,GREEN
DS_BEELINE_WORKER,Beeline WBD Worker (FPA),FPA,2026-02-15,TIMELINESS,Timeliness,95.13,GREEN
DS_BEELINE_WORKER,Beeline WBD Worker (FPA),FPA,2026-02-15,COMPLETENESS_KEY_PROPS,Completeness of Key Properties,0.0,RED
DS_BEELINE_WORKER,Beeline WBD Worker (FPA),FPA,2026-02-15,PROFILING,Data Profiling,62.5,AMBER
DS_BEELINE_WORKER,Beeline WBD Worker (FPA),FPA,2026-02-15,DEFINITIONS,Data Definitions,30.19,RED
DS_BEELINE_WORKER,Beeline WBD Worker (FPA),FPA,2026-02-15,KEY_PROPERTIES,Key Properties,66.67,AMBER
DS_BEELINE_WORKER,Beeline WBD Worker (FPA),FPA,2026-02-15,USAGE,Usage,50.0,RED
DS_BEELINE_WORKER,Beeline WBD Worker (FPA),FPA,2026-02-15,FEEDBACK,User Feedback,70.56,AMBER
DS_BEELINE_WORKER,Beeline WBD Worker (FPA),FPA,2026-02-16,OWNERSHIP,Data Ownership,0.0,RED
DS_BEELINE_WORKER,Beeline WBD Worker (FPA),FPA,2026-02-16,SOURCE,Data Source,75.0,AMBER
DS_BEELINE_WORKER,Beeline WBD Worker (FPA),FPA,2026-02-16,ISSUES,Active Issues,92.0,GREEN
DS_BEELINE_WORKER,Beeline WBD Worker (FPA),FPA,2026-02-16,TIMELINESS,Timeliness,91.72,GREEN
DS_BEELINE_WORKER,Beeline WBD Worker (FPA),FPA,2026-02-16,COMPLETENESS_KEY_PROPS,Completeness of Key Properties,0.0,RED
DS_BEELINE_WORKER,Beeline WBD Worker (FPA),FPA,2026-02-16,PROFILING,Data Profiling,66.67,AMBER
DS_BEELINE_WORKER,Beeline WBD Worker (FPA),FPA,2026-02-16,DEFINITIONS,Data Definitions,31.15,RED
DS_BEELINE_WORKER,Beeline WBD Worker (FPA),FPA,2026-02-16,KEY_PROPERTIES,Key Properties,66.67,AMBER
DS_BEELINE_WORKER,Beeline WBD Worker (FPA),FPA,2026-02-16,USAGE,Usage,71.67,AMBER
DS_BEELINE_WORKER,Beeline WBD Worker (FPA),FPA,2026-02-16,FEEDBACK,User Feedback,75.87,AMBER
DS_BEELINE_WORKER,Beeline WBD Worker (FPA),FPA,2026-02-17,OWNERSHIP,Data Ownership,0.0,RED
DS_BEELINE_WORKER,Beeline WBD Worker (FPA),FPA,2026-02-17,SOURCE,Data Source,75.0,AMBER
DS_BEELINE_WORKER,Beeline WBD Worker (FPA),FPA,2026-02-17,ISSUES,Active Issues,80.0,GREEN
DS_BEELINE_WORKER,Beeline WBD Worker (FPA),FPA,2026-02-17,TIMELINESS,Timeliness,97.8,GREEN
DS_BEELINE_WORKER,Beeline WBD Worker (FPA),FPA,2026-02-17,COMPLETENESS_KEY_PROPS,Completeness of Key Properties,0.0,RED
DS_BEELINE_WORKER,Beeline WBD Worker (FPA),FPA,2026-02-17,PROFILING,Data Profiling,79.17,AMBER
DS_BEELINE_WORKER,Beeline WBD Worker (FPA),FPA,2026-02-17,DEFINITIONS,Data Definitions,34.62,RED
DS_BEELINE_WORKER,Beeline WBD Worker (FPA),FPA,2026-02-17,KEY_PROPERTIES,Key Properties,66.67,AMBER
DS_BEELINE_WORKER,Beeline WBD Worker (FPA),FPA,2026-02-17,USAGE,Usage,53.33,RED
DS_BEELINE_WORKER,Beeline WBD Worker (FPA),FPA,2026-02-17,FEEDBACK,User Feedback,88.64,GREEN
DS_BEELINE_WORKER,Beeline WBD Worker (FPA),FPA,2026-02-18,OWNERSHIP,Data Ownership,0.0,RED
DS_BEELINE_WORKER,Beeline WBD Worker (FPA),FPA,2026-02-18,SOURCE,Data Source,75.0,AMBER
DS_BEELINE_WORKER,Beeline WBD Worker (FPA),FPA,2026-02-18,ISSUES,Active Issues,90.0,GREEN
DS_BEELINE_WORKER,Beeline WBD Worker (FPA),FPA,2026-02-18,TIMELINESS,Timeliness,97.63,GREEN
DS_BEELINE_WORKER,Beeline WBD Worker (FPA),FPA,2026-02-18,COMPLETENESS_KEY_PROPS,Completeness of Key Properties,0.0,RED
DS_BEELINE_WORKER,Beeline WBD Worker (FPA),FPA,2026-02-18,PROFILING,Data Profiling,79.17,AMBER
DS_BEELINE_WORKER,Beeline WBD Worker (FPA),FPA,2026-02-18,DEFINITIONS,Data Definitions,31.91,RED
DS_BEELINE_WORKER,Beeline WBD Worker (FPA),FPA,2026-02-18,KEY_PROPERTIES,Key Properties,66.67,AMBER
DS_BEELINE_WORKER,Beeline WBD Worker (FPA),FPA,2026-02-18,USAGE,Usage,51.67,RED
DS_BEELINE_WORKER,Beeline WBD Worker (FPA),FPA,2026-02-18,FEEDBACK,User Feedback,87.91,GREEN
DS_BEELINE_WORKER,Beeline WBD Worker (FPA),FPA,2026-02-19,OWNERSHIP,Data Ownership,0.0,RED
DS_BEELINE_WORKER,Beeline WBD Worker (FPA),FPA,2026-02-19,SOURCE,Data Source,75.0,AMBER
DS_BEELINE_WORKER,Beeline WBD Worker (FPA),FPA,2026-02-19,ISSUES,Active Issues,87.0,GREEN
DS_BEELINE_WORKER,Beeline WBD Worker (FPA),FPA,2026-02-19,TIMELINESS,Timeliness,95.98,GREEN
DS_BEELINE_WORKER,Beeline WBD Worker (FPA),FPA,2026-02-19,COMPLETENESS_KEY_PROPS,Completeness of Key Properties,0.0,RED
DS_BEELINE_WORKER,Beeline WBD Worker (FPA),FPA,2026-02-19,PROFILING,Data Profiling,70.83,AMBER
DS_BEELINE_WORKER,Beeline WBD Worker (FPA),FPA,2026-02-19,DEFINITIONS,Data Definitions,33.67,RED
DS_BEELINE_WORKER,Beeline WBD Worker (FPA),FPA,2026-02-19,KEY_PROPERTIES,Key Properties,66.67,AMBER
DS_BEELINE_WORKER,Beeline WBD Worker (FPA),FPA,2026-02-19,USAGE,Usage,38.33,RED
DS_BEELINE_WORKER,Beeline WBD Worker (FPA),FPA,2026-02-19,FEEDBACK,User Feedback,75.85,AMBER
DS_BEELINE_WORKER,Beeline WBD Worker (FPA),FPA,2026-02-20,OWNERSHIP,Data Ownership,0.0,RED
DS_BEELINE_WORKER,Beeline WBD Worker (FPA),FPA,2026-02-20,SOURCE,Data Source,75.0,AMBER
DS_BEELINE_WORKER,Beeline WBD Worker (FPA),FPA,2026-02-20,ISSUES,Active Issues,88.0,GREEN
DS_BEELINE_WORKER,Beeline WBD Worker (FPA),FPA,2026-02-20,TIMELINESS,Timeliness,99.74,GREEN
DS_BEELINE_WORKER,Beeline WBD Worker (FPA),FPA,2026-02-20,COMPLETENESS_KEY_PROPS,Completeness of Key Properties,0.0,RED
DS_BEELINE_WORKER,Beeline WBD Worker (FPA),FPA,2026-02-20,PROFILING,Data Profiling,83.33,GREEN
DS_BEELINE_WORKER,Beeline WBD Worker (FPA),FPA,2026-02-20,DEFINITIONS,Data Definitions,34.92,RED
DS_BEELINE_WORKER,Beeline WBD Worker (FPA),FPA,2026-02-20,KEY_PROPERTIES,Key Properties,66.67,AMBER
DS_BEELINE_WORKER,Beeline WBD Worker (FPA),FPA,2026-02-20,USAGE,Usage,68.33,AMBER
DS_BEELINE_WORKER,Beeline WBD Worker (FPA),FPA,2026-02-20,FEEDBACK,User Feedback,64.01,AMBER
DS_BEELINE_WORKER,Beeline WBD Worker (FPA),FPA,2026-02-21,OWNERSHIP,Data Ownership,0.0,RED
DS_BEELINE_WORKER,Beeline WBD Worker (FPA),FPA,2026-02-21,SOURCE,Data Source,75.0,AMBER
DS_BEELINE_WORKER,Beeline WBD Worker (FPA),FPA,2026-02-21,ISSUES,Active Issues,97.0,GREEN
DS_BEELINE_WORKER,Beeline WBD Worker (FPA),FPA,2026-02-21,TIMELINESS,Timeliness,94.07,GREEN
DS_BEELINE_WORKER,Beeline WBD Worker (FPA),FPA,2026-02-21,COMPLETENESS_KEY_PROPS,Completeness of Key Properties,0.0,RED
DS_BEELINE_WORKER,Beeline WBD Worker (FPA),FPA,2026-02-21,PROFILING,Data Profiling,70.83,AMBER
DS_BEELINE_WORKER,Beeline WBD Worker (FPA),FPA,2026-02-21,DEFINITIONS,Data Definitions,36.67,RED
DS_BEELINE_WORKER,Beeline WBD Worker (FPA),FPA,2026-02-21,KEY_PROPERTIES,Key Properties,66.67,AMBER
DS_BEELINE_WORKER,Beeline WBD Worker (FPA),FPA,2026-02-21,USAGE,Usage,56.67,RED
DS_BEELINE_WORKER,Beeline WBD Worker (FPA),FPA,2026-02-21,FEEDBACK,User Feedback,61.64,AMBER
DS_BEELINE_WORKER,Beeline WBD Worker (FPA),FPA,2026-02-22,OWNERSHIP,Data Ownership,0.0,RED
DS_BEELINE_WORKER,Beeline WBD Worker (FPA),FPA,2026-02-22,SOURCE,Data Source,75.0,AMBER
DS_BEELINE_WORKER,Beeline WBD Worker (FPA),FPA,2026-02-22,ISSUES,Active Issues,98.0,GREEN
DS_BEELINE_WORKER,Beeline WBD Worker (FPA),FPA,2026-02-22,TIMELINESS,Timeliness,98.39,GREEN
DS_BEELINE_WORKER,Beeline WBD Worker (FPA),FPA,2026-02-22,COMPLETENESS_KEY_PROPS,Completeness of Key Properties,0.0,RED
DS_BEELINE_WORKER,Beeline WBD Worker (FPA),FPA,2026-02-22,PROFILING,Data Profiling,66.67,AMBER
DS_BEELINE_WORKER,Beeline WBD Worker (FPA),FPA,2026-02-22,DEFINITIONS,Data Definitions,37.88,RED
DS_BEELINE_WORKER,Beeline WBD Worker (FPA),FPA,2026-02-22,KEY_PROPERTIES,Key Properties,66.67,AMBER
DS_BEELINE_WORKER,Beeline WBD Worker (FPA),FPA,2026-02-22,USAGE,Usage,35.0,RED
DS_BEELINE_WORKER,Beeline WBD Worker (FPA),FPA,2026-02-22,FEEDBACK,User Feedback,89.69,GREEN
DS_BEELINE_WORKER,Beeline WBD Worker (FPA),FPA,2026-02-23,OWNERSHIP,Data Ownership,0.0,RED
DS_BEELINE_WORKER,Beeline WBD Worker (FPA),FPA,2026-02-23,SOURCE,Data Source,75.0,AMBER
DS_BEELINE_WORKER,Beeline WBD Worker (FPA),FPA,2026-02-23,ISSUES,Active Issues,89.0,GREEN
DS_BEELINE_WORKER,Beeline WBD Worker (FPA),FPA,2026-02-23,TIMELINESS,Timeliness,98.11,GREEN
DS_BEELINE_WORKER,Beeline WBD Worker (FPA),FPA,2026-02-23,COMPLETENESS_KEY_PROPS,Completeness of Key Properties,0.0,RED
DS_BEELINE_WORKER,Beeline WBD Worker (FPA),FPA,2026-02-23,PROFILING,Data Profiling,66.67,AMBER
DS_BEELINE_WORKER,Beeline WBD Worker (FPA),FPA,2026-02-23,DEFINITIONS,Data Definitions,37.43,RED
DS_BEELINE_WORKER,Beeline WBD Worker (FPA),FPA,2026-02-23,KEY_PROPERTIES,Key Properties,66.67,AMBER
DS_BEELINE_WORKER,Beeline WBD Worker (FPA),FPA,2026-02-23,USAGE,Usage,66.67,AMBER
DS_BEELINE_WORKER,Beeline WBD Worker (FPA),FPA,2026-02-23,FEEDBACK,User Feedback,78.48,AMBER
DS_BEELINE_WORKER,Beeline WBD Worker (FPA),FPA,2026-02-24,OWNERSHIP,Data Ownership,0.0,RED
DS_BEELINE_WORKER,Beeline WBD Worker (FPA),FPA,2026-02-24,SOURCE,Data Source,75.0,AMBER
DS_BEELINE_WORKER,Beeline WBD Worker (FPA),FPA,2026-02-24,ISSUES,Active Issues,90.0,GREEN
DS_BEELINE_WORKER,Beeline WBD Worker (FPA),FPA,2026-02-24,TIMELINESS,Timeliness,99.74,GREEN
DS_BEELINE_WORKER,Beeline WBD Worker (FPA),FPA,2026-02-24,COMPLETENESS_KEY_PROPS,Completeness of Key Properties,0.0,RED
DS_BEELINE_WORKER,Beeline WBD Worker (FPA),FPA,2026-02-24,PROFILING,Data Profiling,70.83,AMBER
DS_BEELINE_WORKER,Beeline WBD Worker (FPA),FPA,2026-02-24,DEFINITIONS,Data Definitions,36.14,RED
DS_BEELINE_WORKER,Beeline WBD Worker (FPA),FPA,2026-02-24,KEY_PROPERTIES,Key Properties,66.67,AMBER
DS_BEELINE_WORKER,Beeline WBD Worker (FPA),FPA,2026-02-24,USAGE,Usage,66.67,AMBER
DS_BEELINE_WORKER,Beeline WBD Worker (FPA),FPA,2026-02-24,FEEDBACK,User Feedback,64.02,AMBER
DS_BEELINE_WORKER,Beeline WBD Worker (FPA),FPA,2026-02-25,OWNERSHIP,Data Ownership,0.0,RED
DS_BEELINE_WORKER,Beeline WBD Worker (FPA),FPA,2026-02-25,SOURCE,Data Source,75.0,AMBER
DS_BEELINE_WORKER,Beeline WBD Worker (FPA),FPA,2026-02-25,ISSUES,Active Issues,94.0,GREEN
DS_BEELINE_WORKER,Beeline WBD Worker (FPA),FPA,2026-02-25,TIMELINESS,Timeliness,100.0,GREEN
DS_BEELINE_WORKER,Beeline WBD Worker (FPA),FPA,2026-02-25,COMPLETENESS_KEY_PROPS,Completeness of Key Properties,0.0,RED
DS_BEELINE_WORKER,Beeline WBD Worker (FPA),FPA,2026-02-25,PROFILING,Data Profiling,75.0,AMBER
DS_BEELINE_WORKER,Beeline WBD Worker (FPA),FPA,2026-02-25,DEFINITIONS,Data Definitions,35.65,RED
DS_BEELINE_WORKER,Beeline WBD Worker (FPA),FPA,2026-02-25,KEY_PROPERTIES,Key Properties,66.67,AMBER
DS_BEELINE_WORKER,Beeline WBD Worker (FPA),FPA,2026-02-25,USAGE,Usage,71.67,AMBER
DS_BEELINE_WORKER,Beeline WBD Worker (FPA),FPA,2026-02-25,FEEDBACK,User Feedback,80.26,GREEN
DS_BEELINE_WORKER,Beeline WBD Worker (FPA),FPA,2026-02-26,OWNERSHIP,Data Ownership,0.0,RED
DS_BEELINE_WORKER,Beeline WBD Worker (FPA),FPA,2026-02-26,SOURCE,Data Source,75.0,AMBER
DS_BEELINE_WORKER,Beeline WBD Worker (FPA),FPA,2026-02-26,ISSUES,Active Issues,94.0,GREEN
DS_BEELINE_WORKER,Beeline WBD Worker (FPA),FPA,2026-02-26,TIMELINESS,Timeliness,90.31,GREEN
DS_BEELINE_WORKER,Beeline WBD Worker (FPA),FPA,2026-02-26,COMPLETENESS_KEY_PROPS,Completeness of Key Properties,0.0,RED
DS_BEELINE_WORKER,Beeline WBD Worker (FPA),FPA,2026-02-26,PROFILING,Data Profiling,70.83,AMBER
DS_BEELINE_WORKER,Beeline WBD Worker (FPA),FPA,2026-02-26,DEFINITIONS,Data Definitions,34.55,RED
DS_BEELINE_WORKER,Beeline WBD Worker (FPA),FPA,2026-02-26,KEY_PROPERTIES,Key Properties,66.67,AMBER
DS_BEELINE_WORKER,Beeline WBD Worker (FPA),FPA,2026-02-26,USAGE,Usage,65.0,AMBER
DS_BEELINE_WORKER,Beeline WBD Worker (FPA),FPA,2026-02-26,FEEDBACK,User Feedback,79.54,AMBER
DS_BEELINE_WORKER,Beeline WBD Worker (FPA),FPA,2026-02-27,OWNERSHIP,Data Ownership,0.0,RED
DS_BEELINE_WORKER,Beeline WBD Worker (FPA),FPA,2026-02-27,SOURCE,Data Source,75.0,AMBER
DS_BEELINE_WORKER,Beeline WBD Worker (FPA),FPA,2026-02-27,ISSUES,Active Issues,97.0,GREEN
DS_BEELINE_WORKER,Beeline WBD Worker (FPA),FPA,2026-02-27,TIMELINESS,Timeliness,97.16,GREEN
DS_BEELINE_WORKER,Beeline WBD Worker (FPA),FPA,2026-02-27,COMPLETENESS_KEY_PROPS,Completeness of Key Properties,0.0,RED
DS_BEELINE_WORKER,Beeline WBD Worker (FPA),FPA,2026-02-27,PROFILING,Data Profiling,70.83,AMBER
DS_BEELINE_WORKER,Beeline WBD Worker (FPA),FPA,2026-02-27,DEFINITIONS,Data Definitions,32.14,RED
DS_BEELINE_WORKER,Beeline WBD Worker (FPA),FPA,2026-02-27,KEY_PROPERTIES,Key Properties,66.67,AMBER
DS_BEELINE_WORKER,Beeline WBD Worker (FPA),FPA,2026-02-27,USAGE,Usage,70.0,AMBER
DS_BEELINE_WORKER,Beeline WBD Worker (FPA),FPA,2026-02-27,FEEDBACK,User Feedback,71.22,AMBER
DS_BEELINE_WORKER,Beeline WBD Worker (FPA),FPA,2026-02-28,OWNERSHIP,Data Ownership,0.0,RED
DS_BEELINE_WORKER,Beeline WBD Worker (FPA),FPA,2026-02-28,SOURCE,Data Source,75.0,AMBER
DS_BEELINE_WORKER,Beeline WBD Worker (FPA),FPA,2026-02-28,ISSUES,Active Issues,97.0,GREEN
DS_BEELINE_WORKER,Beeline WBD Worker (FPA),FPA,2026-02-28,TIMELINESS,Timeliness,97.9,GREEN
DS_BEELINE_WORKER,Beeline WBD Worker (FPA),FPA,2026-02-28,COMPLETENESS_KEY_PROPS,Completeness of Key Properties,0.0,RED
DS_BEELINE_WORKER,Beeline WBD Worker (FPA),FPA,2026-02-28,PROFILING,Data Profiling,75.0,AMBER
DS_BEELINE_WORKER,Beeline WBD Worker (FPA),FPA,2026-02-28,DEFINITIONS,Data Definitions,32.1,RED
DS_BEELINE_WORKER,Beeline WBD Worker (FPA),FPA,2026-02-28,KEY_PROPERTIES,Key Properties,66.67,AMBER
DS_BEELINE_WORKER,Beeline WBD Worker (FPA),FPA,2026-02-28,USAGE,Usage,53.33,RED
DS_BEELINE_WORKER,Beeline WBD Worker (FPA),FPA,2026-02-28,FEEDBACK,User Feedback,79.75,AMBER
DS_BEELINE_WORKER,Beeline WBD Worker (FPA),FPA,2026-03-01,OWNERSHIP,Data Ownership,0.0,RED
DS_BEELINE_WORKER,Beeline WBD Worker (FPA),FPA,2026-03-01,SOURCE,Data Source,75.0,AMBER
DS_BEELINE_WORKER,Beeline WBD Worker (FPA),FPA,2026-03-01,ISSUES,Active Issues,96.0,GREEN
DS_BEELINE_WORKER,Beeline WBD Worker (FPA),FPA,2026-03-01,TIMELINESS,Timeliness,93.95,GREEN
DS_BEELINE_WORKER,Beeline WBD Worker (FPA),FPA,2026-03-01,COMPLETENESS_KEY_PROPS,Completeness of Key Properties,0.0,RED
DS_BEELINE_WORKER,Beeline WBD Worker (FPA),FPA,2026-03-01,PROFILING,Data Profiling,83.33,GREEN
DS_BEELINE_WORKER,Beeline WBD Worker (FPA),FPA,2026-03-01,DEFINITIONS,Data Definitions,33.8,RED
DS_BEELINE_WORKER,Beeline WBD Worker (FPA),FPA,2026-03-01,KEY_PROPERTIES,Key Properties,66.67,AMBER
DS_BEELINE_WORKER,Beeline WBD Worker (FPA),FPA,2026-03-01,USAGE,Usage,68.33,AMBER
DS_BEELINE_WORKER,Beeline WBD Worker (FPA),FPA,2026-03-01,FEEDBACK,User Feedback,72.5,AMBER
DS_BEELINE_WORKER,Beeline WBD Worker (FPA),FPA,2026-03-02,OWNERSHIP,Data Ownership,0.0,RED
DS_BEELINE_WORKER,Beeline WBD Worker (FPA),FPA,2026-03-02,SOURCE,Data Source,75.0,AMBER
DS_BEELINE_WORKER,Beeline WBD Worker (FPA),FPA,2026-03-02,ISSUES,Active Issues,80.0,GREEN
DS_BEELINE_WORKER,Beeline WBD Worker (FPA),FPA,2026-03-02,TIMELINESS,Timeliness,96.78,GREEN
DS_BEELINE_WORKER,Beeline WBD Worker (FPA),FPA,2026-03-02,COMPLETENESS_KEY_PROPS,Completeness of Key Properties,0.0,RED
DS_BEELINE_WORKER,Beeline WBD Worker (FPA),FPA,2026-03-02,PROFILING,Data Profiling,62.5,AMBER
DS_BEELINE_WORKER,Beeline WBD Worker (FPA),FPA,2026-03-02,DEFINITIONS,Data Definitions,40.91,RED
DS_BEELINE_WORKER,Beeline WBD Worker (FPA),FPA,2026-03-02,KEY_PROPERTIES,Key Properties,66.67,AMBER
DS_BEELINE_WORKER,Beeline WBD Worker (FPA),FPA,2026-03-02,USAGE,Usage,53.33,RED
DS_BEELINE_WORKER,Beeline WBD Worker (FPA),FPA,2026-03-02,FEEDBACK,User Feedback,85.74,GREEN
DS_BEELINE_WORKER,Beeline WBD Worker (FPA),FPA,2026-03-03,OWNERSHIP,Data Ownership,0.0,RED
DS_BEELINE_WORKER,Beeline WBD Worker (FPA),FPA,2026-03-03,SOURCE,Data Source,75.0,AMBER
DS_BEELINE_WORKER,Beeline WBD Worker (FPA),FPA,2026-03-03,ISSUES,Active Issues,97.0,GREEN
DS_BEELINE_WORKER,Beeline WBD Worker (FPA),FPA,2026-03-03,TIMELINESS,Timeliness,97.71,GREEN
DS_BEELINE_WORKER,Beeline WBD Worker (FPA),FPA,2026-03-03,COMPLETENESS_KEY_PROPS,Completeness of Key Properties,0.0,RED
DS_BEELINE_WORKER,Beeline WBD Worker (FPA),FPA,2026-03-03,PROFILING,Data Profiling,83.33,GREEN
DS_BEELINE_WORKER,Beeline WBD Worker (FPA),FPA,2026-03-03,DEFINITIONS,Data Definitions,33.17,RED
DS_BEELINE_WORKER,Beeline WBD Worker (FPA),FPA,2026-03-03,KEY_PROPERTIES,Key Properties,66.67,AMBER
DS_BEELINE_WORKER,Beeline WBD Worker (FPA),FPA,2026-03-03,USAGE,Usage,60.0,AMBER
DS_BEELINE_WORKER,Beeline WBD Worker (FPA),FPA,2026-03-03,FEEDBACK,User Feedback,68.15,AMBER
DS_BEELINE_WORKER,Beeline WBD Worker (FPA),FPA,2026-03-04,OWNERSHIP,Data Ownership,0.0,RED
DS_BEELINE_WORKER,Beeline WBD Worker (FPA),FPA,2026-03-04,SOURCE,Data Source,75.0,AMBER
DS_BEELINE_WORKER,Beeline WBD Worker (FPA),FPA,2026-03-04,ISSUES,Active Issues,88.0,GREEN
DS_BEELINE_WORKER,Beeline WBD Worker (FPA),FPA,2026-03-04,TIMELINESS,Timeliness,91.43,GREEN
DS_BEELINE_WORKER,Beeline WBD Worker (FPA),FPA,2026-03-04,COMPLETENESS_KEY_PROPS,Completeness of Key Properties,0.0,RED
DS_BEELINE_WORKER,Beeline WBD Worker (FPA),FPA,2026-03-04,PROFILING,Data Profiling,66.67,AMBER
DS_BEELINE_WORKER,Beeline WBD Worker (FPA),FPA,2026-03-04,DEFINITIONS,Data Definitions,31.09,RED
DS_BEELINE_WORKER,Beeline WBD Worker (FPA),FPA,2026-03-04,KEY_PROPERTIES,Key Properties,66.67,AMBER
DS_BEELINE_WORKER,Beeline WBD Worker (FPA),FPA,2026-03-04,USAGE,Usage,41.67,RED
DS_BEELINE_WORKER,Beeline WBD Worker (FPA),FPA,2026-03-04,FEEDBACK,User Feedback,68.27,AMBER
DS_BEELINE_WORKER,Beeline WBD Worker (FPA),FPA,2026-03-05,OWNERSHIP,Data Ownership,0.0,RED
DS_BEELINE_WORKER,Beeline WBD Worker (FPA),FPA,2026-03-05,SOURCE,Data Source,75.0,AMBER
DS_BEELINE_WORKER,Beeline WBD Worker (FPA),FPA,2026-03-05,ISSUES,Active Issues,83.0,GREEN
DS_BEELINE_WORKER,Beeline WBD Worker (FPA),FPA,2026-03-05,TIMELINESS,Timeliness,98.51,GREEN
DS_BEELINE_WORKER,Beeline WBD Worker (FPA),FPA,2026-03-05,COMPLETENESS_KEY_PROPS,Completeness of Key Properties,0.0,RED
DS_BEELINE_WORKER,Beeline WBD Worker (FPA),FPA,2026-03-05,PROFILING,Data Profiling,70.83,AMBER
DS_BEELINE_WORKER,Beeline WBD Worker (FPA),FPA,2026-03-05,DEFINITIONS,Data Definitions,34.55,RED
DS_BEELINE_WORKER,Beeline WBD Worker (FPA),FPA,2026-03-05,KEY_PROPERTIES,Key Properties,66.67,AMBER
DS_BEELINE_WORKER,Beeline WBD Worker (FPA),FPA,2026-03-05,USAGE,Usage,53.33,RED
DS_BEELINE_WORKER,Beeline WBD Worker (FPA),FPA,2026-03-05,FEEDBACK,User Feedback,71.74,AMBER
DS_BEELINE_WORKER,Beeline WBD Worker (FPA),FPA,2026-03-06,OWNERSHIP,Data Ownership,0.0,RED
DS_BEELINE_WORKER,Beeline WBD Worker (FPA),FPA,2026-03-06,SOURCE,Data Source,75.0,AMBER
DS_BEELINE_WORKER,Beeline WBD Worker (FPA),FPA,2026-03-06,ISSUES,Active Issues,86.0,GREEN
DS_BEELINE_WORKER,Beeline WBD Worker (FPA),FPA,2026-03-06,TIMELINESS,Timeliness,96.69,GREEN
DS_BEELINE_WORKER,Beeline WBD Worker (FPA),FPA,2026-03-06,COMPLETENESS_KEY_PROPS,Completeness of Key Properties,0.0,RED
DS_BEELINE_WORKER,Beeline WBD Worker (FPA),FPA,2026-03-06,PROFILING,Data Profiling,62.5,AMBER
DS_BEELINE_WORKER,Beeline WBD Worker (FPA),FPA,2026-03-06,DEFINITIONS,Data Definitions,39.33,RED
DS_BEELINE_WORKER,Beeline WBD Worker (FPA),FPA,2026-03-06,KEY_PROPERTIES,Key Properties,66.67,AMBER
DS_BEELINE_WORKER,Beeline WBD Worker (FPA),FPA,2026-03-06,USAGE,Usage,63.33,AMBER
DS_BEELINE_WORKER,Beeline WBD Worker (FPA),FPA,2026-03-06,FEEDBACK,User Feedback,81.49,GREEN
DS_BEELINE_WORKER,Beeline WBD Worker (FPA),FPA,2026-03-07,OWNERSHIP,Data Ownership,0.0,RED
DS_BEELINE_WORKER,Beeline WBD Worker (FPA),FPA,2026-03-07,SOURCE,Data Source,75.0,AMBER
DS_BEELINE_WORKER,Beeline WBD Worker (FPA),FPA,2026-03-07,ISSUES,Active Issues,96.0,GREEN
DS_BEELINE_WORKER,Beeline WBD Worker (FPA),FPA,2026-03-07,TIMELINESS,Timeliness,100.0,GREEN
DS_BEELINE_WORKER,Beeline WBD Worker (FPA),FPA,2026-03-07,COMPLETENESS_KEY_PROPS,Completeness of Key Properties,0.0,RED
DS_BEELINE_WORKER,Beeline WBD Worker (FPA),FPA,2026-03-07,PROFILING,Data Profiling,70.83,AMBER
DS_BEELINE_WORKER,Beeline WBD Worker (FPA),FPA,2026-03-07,DEFINITIONS,Data Definitions,32.75,RED
DS_BEELINE_WORKER,Beeline WBD Worker (FPA),FPA,2026-03-07,KEY_PROPERTIES,Key Properties,66.67,AMBER
DS_BEELINE_WORKER,Beeline WBD Worker (FPA),FPA,2026-03-07,USAGE,Usage,43.33,RED
DS_BEELINE_WORKER,Beeline WBD Worker (FPA),FPA,2026-03-07,FEEDBACK,User Feedback,89.88,GREEN
DS_BEELINE_WORKER,Beeline WBD Worker (FPA),FPA,2026-03-08,OWNERSHIP,Data Ownership,0.0,RED
DS_BEELINE_WORKER,Beeline WBD Worker (FPA),FPA,2026-03-08,SOURCE,Data Source,75.0,AMBER
DS_BEELINE_WORKER,Beeline WBD Worker (FPA),FPA,2026-03-08,ISSUES,Active Issues,91.0,GREEN
DS_BEELINE_WORKER,Beeline WBD Worker (FPA),FPA,2026-03-08,TIMELINESS,Timeliness,95.9,GREEN
DS_BEELINE_WORKER,Beeline WBD Worker (FPA),FPA,2026-03-08,COMPLETENESS_KEY_PROPS,Completeness of Key Properties,0.0,RED
DS_BEELINE_WORKER,Beeline WBD Worker (FPA),FPA,2026-03-08,PROFILING,Data Profiling,75.0,AMBER
DS_BEELINE_WORKER,Beeline WBD Worker (FPA),FPA,2026-03-08,DEFINITIONS,Data Definitions,36.84,RED
DS_BEELINE_WORKER,Beeline WBD Worker (FPA),FPA,2026-03-08,KEY_PROPERTIES,Key Properties,66.67,AMBER
DS_BEELINE_WORKER,Beeline WBD Worker (FPA),FPA,2026-03-08,USAGE,Usage,58.33,RED
DS_BEELINE_WORKER,Beeline WBD Worker (FPA),FPA,2026-03-08,FEEDBACK,User Feedback,67.98,AMBER
DS_BEELINE_WORKER,Beeline WBD Worker (FPA),FPA,2026-03-09,OWNERSHIP,Data Ownership,0.0,RED
DS_BEELINE_WORKER,Beeline WBD Worker (FPA),FPA,2026-03-09,SOURCE,Data Source,75.0,AMBER
DS_BEELINE_WORKER,Beeline WBD Worker (FPA),FPA,2026-03-09,ISSUES,Active Issues,96.0,GREEN
DS_BEELINE_WORKER,Beeline WBD Worker (FPA),FPA,2026-03-09,TIMELINESS,Timeliness,94.71,GREEN
DS_BEELINE_WORKER,Beeline WBD Worker (FPA),FPA,2026-03-09,COMPLETENESS_KEY_PROPS,Completeness of Key Properties,0.0,RED
DS_BEELINE_WORKER,Beeline WBD Worker (FPA),FPA,2026-03-09,PROFILING,Data Profiling,79.17,AMBER
DS_BEELINE_WORKER,Beeline WBD Worker (FPA),FPA,2026-03-09,DEFINITIONS,Data Definitions,37.13,RED
DS_BEELINE_WORKER,Beeline WBD Worker (FPA),FPA,2026-03-09,KEY_PROPERTIES,Key Properties,66.67,AMBER
DS_BEELINE_WORKER,Beeline WBD Worker (FPA),FPA,2026-03-09,USAGE,Usage,18.33,RED
DS_BEELINE_WORKER,Beeline WBD Worker (FPA),FPA,2026-03-09,FEEDBACK,User Feedback,81.32,GREEN
DS_BEELINE_WORKER,Beeline WBD Worker (FPA),FPA,2026-03-10,OWNERSHIP,Data Ownership,0.0,RED
DS_BEELINE_WORKER,Beeline WBD Worker (FPA),FPA,2026-03-10,SOURCE,Data Source,75.0,AMBER
DS_BEELINE_WORKER,Beeline WBD Worker (FPA),FPA,2026-03-10,ISSUES,Active Issues,84.0,GREEN
DS_BEELINE_WORKER,Beeline WBD Worker (FPA),FPA,2026-03-10,TIMELINESS,Timeliness,97.35,GREEN
DS_BEELINE_WORKER,Beeline WBD Worker (FPA),FPA,2026-03-10,COMPLETENESS_KEY_PROPS,Completeness of Key Properties,0.0,RED
DS_BEELINE_WORKER,Beeline WBD Worker (FPA),FPA,2026-03-10,PROFILING,Data Profiling,62.5,AMBER
DS_BEELINE_WORKER,Beeline WBD Worker (FPA),FPA,2026-03-10,DEFINITIONS,Data Definitions,33.93,RED
DS_BEELINE_WORKER,Beeline WBD Worker (FPA),FPA,2026-03-10,KEY_PROPERTIES,Key Properties,66.67,AMBER
DS_BEELINE_WORKER,Beeline WBD Worker (FPA),FPA,2026-03-10,USAGE,Usage,50.0,RED
DS_BEELINE_WORKER,Beeline WBD Worker (FPA),FPA,2026-03-10,FEEDBACK,User Feedback,75.44,AMBER
DS_BEELINE_WORKER,Beeline WBD Worker (FPA),FPA,2026-03-11,OWNERSHIP,Data Ownership,0.0,RED
DS_BEELINE_WORKER,Beeline WBD Worker (FPA),FPA,2026-03-11,SOURCE,Data Source,75.0,AMBER
DS_BEELINE_WORKER,Beeline WBD Worker (FPA),FPA,2026-03-11,ISSUES,Active Issues,96.0,GREEN
DS_BEELINE_WORKER,Beeline WBD Worker (FPA),FPA,2026-03-11,TIMELINESS,Timeliness,95.79,GREEN
DS_BEELINE_WORKER,Beeline WBD Worker (FPA),FPA,2026-03-11,COMPLETENESS_KEY_PROPS,Completeness of Key Properties,0.0,RED
DS_BEELINE_WORKER,Beeline WBD Worker (FPA),FPA,2026-03-11,PROFILING,Data Profiling,75.0,AMBER
DS_BEELINE_WORKER,Beeline WBD Worker (FPA),FPA,2026-03-11,DEFINITIONS,Data Definitions,33.33,RED
DS_BEELINE_WORKER,Beeline WBD Worker (FPA),FPA,2026-03-11,KEY_PROPERTIES,Key Properties,66.67,AMBER
DS_BEELINE_WORKER,Beeline WBD Worker (FPA),FPA,2026-03-11,USAGE,Usage,46.67,RED
DS_BEELINE_WORKER,Beeline WBD Worker (FPA),FPA,2026-03-11,FEEDBACK,User Feedback,80.81,GREEN
DS_BEELINE_WORKER,Beeline WBD Worker (FPA),FPA,2026-03-12,OWNERSHIP,Data Ownership,0.0,RED
DS_BEELINE_WORKER,Beeline WBD Worker (FPA),FPA,2026-03-12,SOURCE,Data Source,75.0,AMBER
DS_BEELINE_WORKER,Beeline WBD Worker (FPA),FPA,2026-03-12,ISSUES,Active Issues,94.0,GREEN
DS_BEELINE_WORKER,Beeline WBD Worker (FPA),FPA,2026-03-12,TIMELINESS,Timeliness,100.0,GREEN
DS_BEELINE_WORKER,Beeline WBD Worker (FPA),FPA,2026-03-12,COMPLETENESS_KEY_PROPS,Completeness of Key Properties,0.0,RED
DS_BEELINE_WORKER,Beeline WBD Worker (FPA),FPA,2026-03-12,PROFILING,Data Profiling,70.83,AMBER
DS_BEELINE_WORKER,Beeline WBD Worker (FPA),FPA,2026-03-12,DEFINITIONS,Data Definitions,38.89,RED
DS_BEELINE_WORKER,Beeline WBD Worker (FPA),FPA,2026-03-12,KEY_PROPERTIES,Key Properties,66.67,AMBER
DS_BEELINE_WORKER,Beeline WBD Worker (FPA),FPA,2026-03-12,USAGE,Usage,55.0,RED
DS_BEELINE_WORKER,Beeline WBD Worker (FPA),FPA,2026-03-12,FEEDBACK,User Feedback,81.81,GREEN
DS_BEELINE_WORKER,Beeline WBD Worker (FPA),FPA,2026-03-13,OWNERSHIP,Data Ownership,0.0,RED
DS_BEELINE_WORKER,Beeline WBD Worker (FPA),FPA,2026-03-13,SOURCE,Data Source,75.0,AMBER
DS_BEELINE_WORKER,Beeline WBD Worker (FPA),FPA,2026-03-13,ISSUES,Active Issues,75.0,AMBER
DS_BEELINE_WORKER,Beeline WBD Worker (FPA),FPA,2026-03-13,TIMELINESS,Timeliness,93.71,GREEN
DS_BEELINE_WORKER,Beeline WBD Worker (FPA),FPA,2026-03-13,COMPLETENESS_KEY_PROPS,Completeness of Key Properties,0.0,RED
DS_BEELINE_WORKER,Beeline WBD Worker (FPA),FPA,2026-03-13,PROFILING,Data Profiling,66.67,AMBER
DS_BEELINE_WORKER,Beeline WBD Worker (FPA),FPA,2026-03-13,DEFINITIONS,Data Definitions,31.25,RED
DS_BEELINE_WORKER,Beeline WBD Worker (FPA),FPA,2026-03-13,KEY_PROPERTIES,Key Properties,66.67,AMBER
DS_BEELINE_WORKER,Beeline WBD Worker (FPA),FPA,2026-03-13,USAGE,Usage,63.33,AMBER
DS_BEELINE_WORKER,Beeline WBD Worker (FPA),FPA,2026-03-13,FEEDBACK,User Feedback,72.22,AMBER
DS_BEELINE_WORKER,Beeline WBD Worker (FPA),FPA,2026-03-14,OWNERSHIP,Data Ownership,0.0,RED
DS_BEELINE_WORKER,Beeline WBD Worker (FPA),FPA,2026-03-14,SOURCE,Data Source,75.0,AMBER
DS_BEELINE_WORKER,Beeline WBD Worker (FPA),FPA,2026-03-14,ISSUES,Active Issues,95.0,GREEN
DS_BEELINE_WORKER,Beeline WBD Worker (FPA),FPA,2026-03-14,TIMELINESS,Timeliness,93.05,GREEN
DS_BEELINE_WORKER,Beeline WBD Worker (FPA),FPA,2026-03-14,COMPLETENESS_KEY_PROPS,Completeness of Key Properties,0.0,RED
DS_BEELINE_WORKER,Beeline WBD Worker (FPA),FPA,2026-03-14,PROFILING,Data Profiling,62.5,AMBER
DS_BEELINE_WORKER,Beeline WBD Worker (FPA),FPA,2026-03-14,DEFINITIONS,Data Definitions,34.21,RED
DS_BEELINE_WORKER,Beeline WBD Worker (FPA),FPA,2026-03-14,KEY_PROPERTIES,Key Properties,66.67,AMBER
DS_BEELINE_WORKER,Beeline WBD Worker (FPA),FPA,2026-03-14,USAGE,Usage,56.67,RED
DS_BEELINE_WORKER,Beeline WBD Worker (FPA),FPA,2026-03-14,FEEDBACK,User Feedback,80.77,GREEN
DS_BEELINE_WORKER,Beeline WBD Worker (FPA),FPA,2026-03-15,OWNERSHIP,Data Ownership,0.0,RED
DS_BEELINE_WORKER,Beeline WBD Worker (FPA),FPA,2026-03-15,SOURCE,Data Source,75.0,AMBER
DS_BEELINE_WORKER,Beeline WBD Worker (FPA),FPA,2026-03-15,ISSUES,Active Issues,96.0,GREEN
DS_BEELINE_WORKER,Beeline WBD Worker (FPA),FPA,2026-03-15,TIMELINESS,Timeliness,91.84,GREEN
DS_BEELINE_WORKER,Beeline WBD Worker (FPA),FPA,2026-03-15,COMPLETENESS_KEY_PROPS,Completeness of Key Properties,0.0,RED
DS_BEELINE_WORKER,Beeline WBD Worker (FPA),FPA,2026-03-15,PROFILING,Data Profiling,62.5,AMBER
DS_BEELINE_WORKER,Beeline WBD Worker (FPA),FPA,2026-03-15,DEFINITIONS,Data Definitions,33.99,RED
DS_BEELINE_WORKER,Beeline WBD Worker (FPA),FPA,2026-03-15,KEY_PROPERTIES,Key Properties,66.67,AMBER
DS_BEELINE_WORKER,Beeline WBD Worker (FPA),FPA,2026-03-15,USAGE,Usage,48.33,RED
DS_BEELINE_WORKER,Beeline WBD Worker (FPA),FPA,2026-03-15,FEEDBACK,User Feedback,84.74,GREEN
DS_BEELINE_WORKER,Beeline WBD Worker (FPA),FPA,2026-03-16,OWNERSHIP,Data Ownership,0.0,RED
DS_BEELINE_WORKER,Beeline WBD Worker (FPA),FPA,2026-03-16,SOURCE,Data Source,75.0,AMBER
DS_BEELINE_WORKER,Beeline WBD Worker (FPA),FPA,2026-03-16,ISSUES,Active Issues,97.0,GREEN
DS_BEELINE_WORKER,Beeline WBD Worker (FPA),FPA,2026-03-16,TIMELINESS,Timeliness,96.45,GREEN
DS_BEELINE_WORKER,Beeline WBD Worker (FPA),FPA,2026-03-16,COMPLETENESS_KEY_PROPS,Completeness of Key Properties,0.0,RED
DS_BEELINE_WORKER,Beeline WBD Worker (FPA),FPA,2026-03-16,PROFILING,Data Profiling,66.67,AMBER
DS_BEELINE_WORKER,Beeline WBD Worker (FPA),FPA,2026-03-16,DEFINITIONS,Data Definitions,32.76,RED
DS_BEELINE_WORKER,Beeline WBD Worker (FPA),FPA,2026-03-16,KEY_PROPERTIES,Key Properties,66.67,AMBER
DS_BEELINE_WORKER,Beeline WBD Worker (FPA),FPA,2026-03-16,USAGE,Usage,45.0,RED
DS_BEELINE_WORKER,Beeline WBD Worker (FPA),FPA,2026-03-16,FEEDBACK,User Feedback,77.8,AMBER
DS_BEELINE_WORKER,Beeline WBD Worker (FPA),FPA,2026-03-17,OWNERSHIP,Data Ownership,0.0,RED
DS_BEELINE_WORKER,Beeline WBD Worker (FPA),FPA,2026-03-17,SOURCE,Data Source,75.0,AMBER
DS_BEELINE_WORKER,Beeline WBD Worker (FPA),FPA,2026-03-17,ISSUES,Active Issues,98.0,GREEN
DS_BEELINE_WORKER,Beeline WBD Worker (FPA),FPA,2026-03-17,TIMELINESS,Timeliness,92.99,GREEN
DS_BEELINE_WORKER,Beeline WBD Worker (FPA),FPA,2026-03-17,COMPLETENESS_KEY_PROPS,Completeness of Key Properties,0.0,RED
DS_BEELINE_WORKER,Beeline WBD Worker (FPA),FPA,2026-03-17,PROFILING,Data Profiling,66.67,AMBER
DS_BEELINE_WORKER,Beeline WBD Worker (FPA),FPA,2026-03-17,DEFINITIONS,Data Definitions,34.56,RED
DS_BEELINE_WORKER,Beeline WBD Worker (FPA),FPA,2026-03-17,KEY_PROPERTIES,Key Properties,66.67,AMBER
DS_BEELINE_WORKER,Beeline WBD Worker (FPA),FPA,2026-03-17,USAGE,Usage,46.67,RED
DS_BEELINE_WORKER,Beeline WBD Worker (FPA),FPA,2026-03-17,FEEDBACK,User Feedback,71.66,AMBER
DS_BEELINE_WORKER,Beeline WBD Worker (FPA),FPA,2026-03-18,OWNERSHIP,Data Ownership,0.0,RED
DS_BEELINE_WORKER,Beeline WBD Worker (FPA),FPA,2026-03-18,SOURCE,Data Source,75.0,AMBER
DS_BEELINE_WORKER,Beeline WBD Worker (FPA),FPA,2026-03-18,ISSUES,Active Issues,89.0,GREEN
DS_BEELINE_WORKER,Beeline WBD Worker (FPA),FPA,2026-03-18,TIMELINESS,Timeliness,98.47,GREEN
DS_BEELINE_WORKER,Beeline WBD Worker (FPA),FPA,2026-03-18,COMPLETENESS_KEY_PROPS,Completeness of Key Properties,0.0,RED
DS_BEELINE_WORKER,Beeline WBD Worker (FPA),FPA,2026-03-18,PROFILING,Data Profiling,70.83,AMBER
DS_BEELINE_WORKER,Beeline WBD Worker (FPA),FPA,2026-03-18,DEFINITIONS,Data Definitions,41.3,RED
DS_BEELINE_WORKER,Beeline WBD Worker (FPA),FPA,2026-03-18,KEY_PROPERTIES,Key Properties,66.67,AMBER
DS_BEELINE_WORKER,Beeline WBD Worker (FPA),FPA,2026-03-18,USAGE,Usage,53.33,RED
DS_BEELINE_WORKER,Beeline WBD Worker (FPA),FPA,2026-03-18,FEEDBACK,User Feedback,81.87,GREEN
DS_BEELINE_WORKER,Beeline WBD Worker (FPA),FPA,2026-03-19,OWNERSHIP,Data Ownership,0.0,RED
DS_BEELINE_WORKER,Beeline WBD Worker (FPA),FPA,2026-03-19,SOURCE,Data Source,75.0,AMBER
DS_BEELINE_WORKER,Beeline WBD Worker (FPA),FPA,2026-03-19,ISSUES,Active Issues,62.0,AMBER
DS_BEELINE_WORKER,Beeline WBD Worker (FPA),FPA,2026-03-19,TIMELINESS,Timeliness,94.11,GREEN
DS_BEELINE_WORKER,Beeline WBD Worker (FPA),FPA,2026-03-19,COMPLETENESS_KEY_PROPS,Completeness of Key Properties,0.0,RED
DS_BEELINE_WORKER,Beeline WBD Worker (FPA),FPA,2026-03-19,PROFILING,Data Profiling,62.5,AMBER
DS_BEELINE_WORKER,Beeline WBD Worker (FPA),FPA,2026-03-19,DEFINITIONS,Data Definitions,36.15,RED
DS_BEELINE_WORKER,Beeline WBD Worker (FPA),FPA,2026-03-19,KEY_PROPERTIES,Key Properties,66.67,AMBER
DS_BEELINE_WORKER,Beeline WBD Worker (FPA),FPA,2026-03-19,USAGE,Usage,65.0,AMBER
DS_BEELINE_WORKER,Beeline WBD Worker (FPA),FPA,2026-03-19,FEEDBACK,User Feedback,72.24,AMBER
DS_BEELINE_WORKER,Beeline WBD Worker (FPA),FPA,2026-03-20,OWNERSHIP,Data Ownership,0.0,RED
DS_BEELINE_WORKER,Beeline WBD Worker (FPA),FPA,2026-03-20,SOURCE,Data Source,75.0,AMBER
DS_BEELINE_WORKER,Beeline WBD Worker (FPA),FPA,2026-03-20,ISSUES,Active Issues,86.0,GREEN
DS_BEELINE_WORKER,Beeline WBD Worker (FPA),FPA,2026-03-20,TIMELINESS,Timeliness,95.85,GREEN
DS_BEELINE_WORKER,Beeline WBD Worker (FPA),FPA,2026-03-20,COMPLETENESS_KEY_PROPS,Completeness of Key Properties,0.0,RED
DS_BEELINE_WORKER,Beeline WBD Worker (FPA),FPA,2026-03-20,PROFILING,Data Profiling,58.33,RED
DS_BEELINE_WORKER,Beeline WBD Worker (FPA),FPA,2026-03-20,DEFINITIONS,Data Definitions,37.5,RED
DS_BEELINE_WORKER,Beeline WBD Worker (FPA),FPA,2026-03-20,KEY_PROPERTIES,Key Properties,66.67,AMBER
DS_BEELINE_WORKER,Beeline WBD Worker (FPA),FPA,2026-03-20,USAGE,Usage,50.0,RED
DS_BEELINE_WORKER,Beeline WBD Worker (FPA),FPA,2026-03-20,FEEDBACK,User Feedback,81.02,GREEN
DS_BEELINE_WORKER,Beeline WBD Worker (FPA),FPA,2026-03-21,OWNERSHIP,Data Ownership,0.0,RED
DS_BEELINE_WORKER,Beeline WBD Worker (FPA),FPA,2026-03-21,SOURCE,Data Source,75.0,AMBER
DS_BEELINE_WORKER,Beeline WBD Worker (FPA),FPA,2026-03-21,ISSUES,Active Issues,85.0,GREEN
DS_BEELINE_WORKER,Beeline WBD Worker (FPA),FPA,2026-03-21,TIMELINESS,Timeliness,89.94,GREEN
DS_BEELINE_WORKER,Beeline WBD Worker (FPA),FPA,2026-03-21,COMPLETENESS_KEY_PROPS,Completeness of Key Properties,0.0,RED
DS_BEELINE_WORKER,Beeline WBD Worker (FPA),FPA,2026-03-21,PROFILING,Data Profiling,50.0,RED
DS_BEELINE_WORKER,Beeline WBD Worker (FPA),FPA,2026-03-21,DEFINITIONS,Data Definitions,17.5,RED
DS_BEELINE_WORKER,Beeline WBD Worker (FPA),FPA,2026-03-21,KEY_PROPERTIES,Key Properties,66.67,AMBER
DS_BEELINE_WORKER,Beeline WBD Worker (FPA),FPA,2026-03-21,USAGE,Usage,78.33,AMBER
DS_BEELINE_WORKER,Beeline WBD Worker (FPA),FPA,2026-03-21,FEEDBACK,User Feedback,70.71,AMBER
DS_BEELINE_WORKER,Beeline WBD Worker (FPA),FPA,2026-03-22,OWNERSHIP,Data Ownership,0.0,RED
DS_BEELINE_WORKER,Beeline WBD Worker (FPA),FPA,2026-03-22,SOURCE,Data Source,75.0,AMBER
DS_BEELINE_WORKER,Beeline WBD Worker (FPA),FPA,2026-03-22,ISSUES,Active Issues,94.0,GREEN
DS_BEELINE_WORKER,Beeline WBD Worker (FPA),FPA,2026-03-22,TIMELINESS,Timeliness,96.23,GREEN
DS_BEELINE_WORKER,Beeline WBD Worker (FPA),FPA,2026-03-22,COMPLETENESS_KEY_PROPS,Completeness of Key Properties,0.0,RED
DS_BEELINE_WORKER,Beeline WBD Worker (FPA),FPA,2026-03-22,PROFILING,Data Profiling,75.0,AMBER
DS_BEELINE_WORKER,Beeline WBD Worker (FPA),FPA,2026-03-22,DEFINITIONS,Data Definitions,31.28,RED
DS_BEELINE_WORKER,Beeline WBD Worker (FPA),FPA,2026-03-22,KEY_PROPERTIES,Key Properties,66.67,AMBER
DS_BEELINE_WORKER,Beeline WBD Worker (FPA),FPA,2026-03-22,USAGE,Usage,53.33,RED
DS_BEELINE_WORKER,Beeline WBD Worker (FPA),FPA,2026-03-22,FEEDBACK,User Feedback,81.32,GREEN
DS_BEELINE_WORKER,Beeline WBD Worker (FPA),FPA,2026-03-23,OWNERSHIP,Data Ownership,0.0,RED
DS_BEELINE_WORKER,Beeline WBD Worker (FPA),FPA,2026-03-23,SOURCE,Data Source,75.0,AMBER
DS_BEELINE_WORKER,Beeline WBD Worker (FPA),FPA,2026-03-23,ISSUES,Active Issues,98.0,GREEN
DS_BEELINE_WORKER,Beeline WBD Worker (FPA),FPA,2026-03-23,TIMELINESS,Timeliness,96.94,GREEN
DS_BEELINE_WORKER,Beeline WBD Worker (FPA),FPA,2026-03-23,COMPLETENESS_KEY_PROPS,Completeness of Key Properties,0.0,RED
DS_BEELINE_WORKER,Beeline WBD Worker (FPA),FPA,2026-03-23,PROFILING,Data Profiling,62.5,AMBER
DS_BEELINE_WORKER,Beeline WBD Worker (FPA),FPA,2026-03-23,DEFINITIONS,Data Definitions,34.23,RED
DS_BEELINE_WORKER,Beeline WBD Worker (FPA),FPA,2026-03-23,KEY_PROPERTIES,Key Properties,66.67,AMBER
DS_BEELINE_WORKER,Beeline WBD Worker (FPA),FPA,2026-03-23,USAGE,Usage,51.67,RED
DS_BEELINE_WORKER,Beeline WBD Worker (FPA),FPA,2026-03-23,FEEDBACK,User Feedback,67.41,AMBER
DS_BEELINE_WORKER,Beeline WBD Worker (FPA),FPA,2026-03-24,OWNERSHIP,Data Ownership,0.0,RED
DS_BEELINE_WORKER,Beeline WBD Worker (FPA),FPA,2026-03-24,SOURCE,Data Source,75.0,AMBER
DS_BEELINE_WORKER,Beeline WBD Worker (FPA),FPA,2026-03-24,ISSUES,Active Issues,87.0,GREEN
DS_BEELINE_WORKER,Beeline WBD Worker (FPA),FPA,2026-03-24,TIMELINESS,Timeliness,97.97,GREEN
DS_BEELINE_WORKER,Beeline WBD Worker (FPA),FPA,2026-03-24,COMPLETENESS_KEY_PROPS,Completeness of Key Properties,0.0,RED
DS_BEELINE_WORKER,Beeline WBD Worker (FPA),FPA,2026-03-24,PROFILING,Data Profiling,62.5,AMBER
DS_BEELINE_WORKER,Beeline WBD Worker (FPA),FPA,2026-03-24,DEFINITIONS,Data Definitions,36.15,RED
DS_BEELINE_WORKER,Beeline WBD Worker (FPA),FPA,2026-03-24,KEY_PROPERTIES,Key Properties,66.67,AMBER
DS_BEELINE_WORKER,Beeline WBD Worker (FPA),FPA,2026-03-24,USAGE,Usage,61.67,AMBER
DS_BEELINE_WORKER,Beeline WBD Worker (FPA),FPA,2026-03-24,FEEDBACK,User Feedback,76.4,AMBER
DS_BEELINE_WORKER,Beeline WBD Worker (FPA),FPA,2026-03-25,OWNERSHIP,Data Ownership,0.0,RED
DS_BEELINE_WORKER,Beeline WBD Worker (FPA),FPA,2026-03-25,SOURCE,Data Source,75.0,AMBER
DS_BEELINE_WORKER,Beeline WBD Worker (FPA),FPA,2026-03-25,ISSUES,Active Issues,72.0,AMBER
DS_BEELINE_WORKER,Beeline WBD Worker (FPA),FPA,2026-03-25,TIMELINESS,Timeliness,97.74,GREEN
DS_BEELINE_WORKER,Beeline WBD Worker (FPA),FPA,2026-03-25,COMPLETENESS_KEY_PROPS,Completeness of Key Properties,0.0,RED
DS_BEELINE_WORKER,Beeline WBD Worker (FPA),FPA,2026-03-25,PROFILING,Data Profiling,58.33,RED
DS_BEELINE_WORKER,Beeline WBD Worker (FPA),FPA,2026-03-25,DEFINITIONS,Data Definitions,36.36,RED
DS_BEELINE_WORKER,Beeline WBD Worker (FPA),FPA,2026-03-25,KEY_PROPERTIES,Key Properties,66.67,AMBER
DS_BEELINE_WORKER,Beeline WBD Worker (FPA),FPA,2026-03-25,USAGE,Usage,51.67,RED
DS_BEELINE_WORKER,Beeline WBD Worker (FPA),FPA,2026-03-25,FEEDBACK,User Feedback,72.31,AMBER
DS_BEELINE_WORKER,Beeline WBD Worker (FPA),FPA,2026-03-26,OWNERSHIP,Data Ownership,0.0,RED
DS_BEELINE_WORKER,Beeline WBD Worker (FPA),FPA,2026-03-26,SOURCE,Data Source,75.0,AMBER
DS_BEELINE_WORKER,Beeline WBD Worker (FPA),FPA,2026-03-26,ISSUES,Active Issues,77.0,AMBER
DS_BEELINE_WORKER,Beeline WBD Worker (FPA),FPA,2026-03-26,TIMELINESS,Timeliness,94.65,GREEN
DS_BEELINE_WORKER,Beeline WBD Worker (FPA),FPA,2026-03-26,COMPLETENESS_KEY_PROPS,Completeness of Key Properties,0.0,RED
DS_BEELINE_WORKER,Beeline WBD Worker (FPA),FPA,2026-03-26,PROFILING,Data Profiling,70.83,AMBER
DS_BEELINE_WORKER,Beeline WBD Worker (FPA),FPA,2026-03-26,DEFINITIONS,Data Definitions,33.09,RED
DS_BEELINE_WORKER,Beeline WBD Worker (FPA),FPA,2026-03-26,KEY_PROPERTIES,Key Properties,66.67,AMBER
DS_BEELINE_WORKER,Beeline WBD Worker (FPA),FPA,2026-03-26,USAGE,Usage,50.0,RED
DS_BEELINE_WORKER,Beeline WBD Worker (FPA),FPA,2026-03-26,FEEDBACK,User Feedback,71.98,AMBER
DS_BEELINE_WORKER,Beeline WBD Worker (FPA),FPA,2026-03-27,OWNERSHIP,Data Ownership,0.0,RED
DS_BEELINE_WORKER,Beeline WBD Worker (FPA),FPA,2026-03-27,SOURCE,Data Source,75.0,AMBER
DS_BEELINE_WORKER,Beeline WBD Worker (FPA),FPA,2026-03-27,ISSUES,Active Issues,61.0,AMBER
DS_BEELINE_WORKER,Beeline WBD Worker (FPA),FPA,2026-03-27,TIMELINESS,Timeliness,89.04,GREEN
DS_BEELINE_WORKER,Beeline WBD Worker (FPA),FPA,2026-03-27,COMPLETENESS_KEY_PROPS,Completeness of Key Properties,0.0,RED
DS_BEELINE_WORKER,Beeline WBD Worker (FPA),FPA,2026-03-27,PROFILING,Data Profiling,58.33,RED
DS_BEELINE_WORKER,Beeline WBD Worker (FPA),FPA,2026-03-27,DEFINITIONS,Data Definitions,38.55,RED
DS_BEELINE_WORKER,Beeline WBD Worker (FPA),FPA,2026-03-27,KEY_PROPERTIES,Key Properties,66.67,AMBER
DS_BEELINE_WORKER,Beeline WBD Worker (FPA),FPA,2026-03-27,USAGE,Usage,68.33,AMBER
DS_BEELINE_WORKER,Beeline WBD Worker (FPA),FPA,2026-03-27,FEEDBACK,User Feedback,71.96,AMBER
DS_BEELINE_WORKER,Beeline WBD Worker (FPA),FPA,2026-03-28,OWNERSHIP,Data Ownership,0.0,RED
DS_BEELINE_WORKER,Beeline WBD Worker (FPA),FPA,2026-03-28,SOURCE,Data Source,75.0,AMBER
DS_BEELINE_WORKER,Beeline WBD Worker (FPA),FPA,2026-03-28,ISSUES,Active Issues,99.0,GREEN
DS_BEELINE_WORKER,Beeline WBD Worker (FPA),FPA,2026-03-28,TIMELINESS,Timeliness,89.17,GREEN
DS_BEELINE_WORKER,Beeline WBD Worker (FPA),FPA,2026-03-28,COMPLETENESS_KEY_PROPS,Completeness of Key Properties,0.0,RED
DS_BEELINE_WORKER,Beeline WBD Worker (FPA),FPA,2026-03-28,PROFILING,Data Profiling,62.5,AMBER
DS_BEELINE_WORKER,Beeline WBD Worker (FPA),FPA,2026-03-28,DEFINITIONS,Data Definitions,35.26,RED
DS_BEELINE_WORKER,Beeline WBD Worker (FPA),FPA,2026-03-28,KEY_PROPERTIES,Key Properties,66.67,AMBER
DS_BEELINE_WORKER,Beeline WBD Worker (FPA),FPA,2026-03-28,USAGE,Usage,43.33,RED
DS_BEELINE_WORKER,Beeline WBD Worker (FPA),FPA,2026-03-28,FEEDBACK,User Feedback,74.62,AMBER
DS_BEELINE_WORKER,Beeline WBD Worker (FPA),FPA,2026-03-29,OWNERSHIP,Data Ownership,0.0,RED
DS_BEELINE_WORKER,Beeline WBD Worker (FPA),FPA,2026-03-29,SOURCE,Data Source,75.0,AMBER
DS_BEELINE_WORKER,Beeline WBD Worker (FPA),FPA,2026-03-29,ISSUES,Active Issues,86.0,GREEN
DS_BEELINE_WORKER,Beeline WBD Worker (FPA),FPA,2026-03-29,TIMELINESS,Timeliness,96.15,GREEN
DS_BEELINE_WORKER,Beeline WBD Worker (FPA),FPA,2026-03-29,COMPLETENESS_KEY_PROPS,Completeness of Key Properties,0.0,RED
DS_BEELINE_WORKER,Beeline WBD Worker (FPA),FPA,2026-03-29,PROFILING,Data Profiling,87.5,GREEN
DS_BEELINE_WORKER,Beeline WBD Worker (FPA),FPA,2026-03-29,DEFINITIONS,Data Definitions,35.57,RED
DS_BEELINE_WORKER,Beeline WBD Worker (FPA),FPA,2026-03-29,KEY_PROPERTIES,Key Properties,66.67,AMBER
DS_BEELINE_WORKER,Beeline WBD Worker (FPA),FPA,2026-03-29,USAGE,Usage,58.33,RED
DS_BEELINE_WORKER,Beeline WBD Worker (FPA),FPA,2026-03-29,FEEDBACK,User Feedback,67.13,AMBER
DS_BEELINE_WORKER,Beeline WBD Worker (FPA),FPA,2026-03-30,OWNERSHIP,Data Ownership,0.0,RED
DS_BEELINE_WORKER,Beeline WBD Worker (FPA),FPA,2026-03-30,SOURCE,Data Source,75.0,AMBER
DS_BEELINE_WORKER,Beeline WBD Worker (FPA),FPA,2026-03-30,ISSUES,Active Issues,81.0,GREEN
DS_BEELINE_WORKER,Beeline WBD Worker (FPA),FPA,2026-03-30,TIMELINESS,Timeliness,95.89,GREEN
DS_BEELINE_WORKER,Beeline WBD Worker (FPA),FPA,2026-03-30,COMPLETENESS_KEY_PROPS,Completeness of Key Properties,0.0,RED
DS_BEELINE_WORKER,Beeline WBD Worker (FPA),FPA,2026-03-30,PROFILING,Data Profiling,66.67,AMBER
DS_BEELINE_WORKER,Beeline WBD Worker (FPA),FPA,2026-03-30,DEFINITIONS,Data Definitions,33.5,RED
DS_BEELINE_WORKER,Beeline WBD Worker (FPA),FPA,2026-03-30,KEY_PROPERTIES,Key Properties,66.67,AMBER
DS_BEELINE_WORKER,Beeline WBD Worker (FPA),FPA,2026-03-30,USAGE,Usage,76.67,AMBER
DS_BEELINE_WORKER,Beeline WBD Worker (FPA),FPA,2026-03-30,FEEDBACK,User Feedback,61.56,AMBER
DS_BEELINE_WORKER,Beeline WBD Worker (FPA),FPA,2026-03-31,OWNERSHIP,Data Ownership,0.0,RED
DS_BEELINE_WORKER,Beeline WBD Worker (FPA),FPA,2026-03-31,SOURCE,Data Source,75.0,AMBER
DS_BEELINE_WORKER,Beeline WBD Worker (FPA),FPA,2026-03-31,ISSUES,Active Issues,94.0,GREEN
DS_BEELINE_WORKER,Beeline WBD Worker (FPA),FPA,2026-03-31,TIMELINESS,Timeliness,94.59,GREEN
DS_BEELINE_WORKER,Beeline WBD Worker (FPA),FPA,2026-03-31,COMPLETENESS_KEY_PROPS,Completeness of Key Properties,0.0,RED
DS_BEELINE_WORKER,Beeline WBD Worker (FPA),FPA,2026-03-31,PROFILING,Data Profiling,79.17,AMBER
DS_BEELINE_WORKER,Beeline WBD Worker (FPA),FPA,2026-03-31,DEFINITIONS,Data Definitions,33.33,RED
DS_BEELINE_WORKER,Beeline WBD Worker (FPA),FPA,2026-03-31,KEY_PROPERTIES,Key Properties,66.67,AMBER
DS_BEELINE_WORKER,Beeline WBD Worker (FPA),FPA,2026-03-31,USAGE,Usage,65.0,AMBER
DS_BEELINE_WORKER,Beeline WBD Worker (FPA),FPA,2026-03-31,FEEDBACK,User Feedback,72.04,AMBER
DS_BEELINE_WORKER,Beeline WBD Worker (FPA),FPA,2026-04-01,OWNERSHIP,Data Ownership,0.0,RED
DS_BEELINE_WORKER,Beeline WBD Worker (FPA),FPA,2026-04-01,SOURCE,Data Source,75.0,AMBER
DS_BEELINE_WORKER,Beeline WBD Worker (FPA),FPA,2026-04-01,ISSUES,Active Issues,89.0,GREEN
DS_BEELINE_WORKER,Beeline WBD Worker (FPA),FPA,2026-04-01,TIMELINESS,Timeliness,95.63,GREEN
DS_BEELINE_WORKER,Beeline WBD Worker (FPA),FPA,2026-04-01,COMPLETENESS_KEY_PROPS,Completeness of Key Properties,0.0,RED
DS_BEELINE_WORKER,Beeline WBD Worker (FPA),FPA,2026-04-01,PROFILING,Data Profiling,66.67,AMBER
DS_BEELINE_WORKER,Beeline WBD Worker (FPA),FPA,2026-04-01,DEFINITIONS,Data Definitions,36.14,RED
DS_BEELINE_WORKER,Beeline WBD Worker (FPA),FPA,2026-04-01,KEY_PROPERTIES,Key Properties,66.67,AMBER
DS_BEELINE_WORKER,Beeline WBD Worker (FPA),FPA,2026-04-01,USAGE,Usage,55.0,RED
DS_BEELINE_WORKER,Beeline WBD Worker (FPA),FPA,2026-04-01,FEEDBACK,User Feedback,75.32,AMBER
DS_BEELINE_WORKER,Beeline WBD Worker (FPA),FPA,2026-04-02,OWNERSHIP,Data Ownership,0.0,RED
DS_BEELINE_WORKER,Beeline WBD Worker (FPA),FPA,2026-04-02,SOURCE,Data Source,75.0,AMBER
DS_BEELINE_WORKER,Beeline WBD Worker (FPA),FPA,2026-04-02,ISSUES,Active Issues,83.0,GREEN
DS_BEELINE_WORKER,Beeline WBD Worker (FPA),FPA,2026-04-02,TIMELINESS,Timeliness,99.32,GREEN
DS_BEELINE_WORKER,Beeline WBD Worker (FPA),FPA,2026-04-02,COMPLETENESS_KEY_PROPS,Completeness of Key Properties,0.0,RED
DS_BEELINE_WORKER,Beeline WBD Worker (FPA),FPA,2026-04-02,PROFILING,Data Profiling,66.67,AMBER
DS_BEELINE_WORKER,Beeline WBD Worker (FPA),FPA,2026-04-02,DEFINITIONS,Data Definitions,31.85,RED
DS_BEELINE_WORKER,Beeline WBD Worker (FPA),FPA,2026-04-02,KEY_PROPERTIES,Key Properties,66.67,AMBER
DS_BEELINE_WORKER,Beeline WBD Worker (FPA),FPA,2026-04-02,USAGE,Usage,41.67,RED
DS_BEELINE_WORKER,Beeline WBD Worker (FPA),FPA,2026-04-02,FEEDBACK,User Feedback,79.66,AMBER
DS_BEELINE_WORKER,Beeline WBD Worker (FPA),FPA,2026-04-03,OWNERSHIP,Data Ownership,0.0,RED
DS_BEELINE_WORKER,Beeline WBD Worker (FPA),FPA,2026-04-03,SOURCE,Data Source,75.0,AMBER
DS_BEELINE_WORKER,Beeline WBD Worker (FPA),FPA,2026-04-03,ISSUES,Active Issues,88.0,GREEN
DS_BEELINE_WORKER,Beeline WBD Worker (FPA),FPA,2026-04-03,TIMELINESS,Timeliness,97.01,GREEN
DS_BEELINE_WORKER,Beeline WBD Worker (FPA),FPA,2026-04-03,COMPLETENESS_KEY_PROPS,Completeness of Key Properties,0.0,RED
DS_BEELINE_WORKER,Beeline WBD Worker (FPA),FPA,2026-04-03,PROFILING,Data Profiling,54.17,RED
DS_BEELINE_WORKER,Beeline WBD Worker (FPA),FPA,2026-04-03,DEFINITIONS,Data Definitions,34.62,RED
DS_BEELINE_WORKER,Beeline WBD Worker (FPA),FPA,2026-04-03,KEY_PROPERTIES,Key Properties,66.67,AMBER
DS_BEELINE_WORKER,Beeline WBD Worker (FPA),FPA,2026-04-03,USAGE,Usage,71.67,AMBER
DS_BEELINE_WORKER,Beeline WBD Worker (FPA),FPA,2026-04-03,FEEDBACK,User Feedback,64.6,AMBER
DS_BEELINE_WORKER,Beeline WBD Worker (FPA),FPA,2026-04-04,OWNERSHIP,Data Ownership,0.0,RED
DS_BEELINE_WORKER,Beeline WBD Worker (FPA),FPA,2026-04-04,SOURCE,Data Source,75.0,AMBER
DS_BEELINE_WORKER,Beeline WBD Worker (FPA),FPA,2026-04-04,ISSUES,Active Issues,99.0,GREEN
DS_BEELINE_WORKER,Beeline WBD Worker (FPA),FPA,2026-04-04,TIMELINESS,Timeliness,97.52,GREEN
DS_BEELINE_WORKER,Beeline WBD Worker (FPA),FPA,2026-04-04,COMPLETENESS_KEY_PROPS,Completeness of Key Properties,0.0,RED
DS_BEELINE_WORKER,Beeline WBD Worker (FPA),FPA,2026-04-04,PROFILING,Data Profiling,58.33,RED
DS_BEELINE_WORKER,Beeline WBD Worker (FPA),FPA,2026-04-04,DEFINITIONS,Data Definitions,34.38,RED
DS_BEELINE_WORKER,Beeline WBD Worker (FPA),FPA,2026-04-04,KEY_PROPERTIES,Key Properties,66.67,AMBER
DS_BEELINE_WORKER,Beeline WBD Worker (FPA),FPA,2026-04-04,USAGE,Usage,48.33,RED
DS_BEELINE_WORKER,Beeline WBD Worker (FPA),FPA,2026-04-04,FEEDBACK,User Feedback,81.48,GREEN
DS_BEELINE_WORKER,Beeline WBD Worker (FPA),FPA,2026-04-05,OWNERSHIP,Data Ownership,0.0,RED
DS_BEELINE_WORKER,Beeline WBD Worker (FPA),FPA,2026-04-05,SOURCE,Data Source,75.0,AMBER
DS_BEELINE_WORKER,Beeline WBD Worker (FPA),FPA,2026-04-05,ISSUES,Active Issues,76.0,AMBER
DS_BEELINE_WORKER,Beeline WBD Worker (FPA),FPA,2026-04-05,TIMELINESS,Timeliness,99.86,GREEN
DS_BEELINE_WORKER,Beeline WBD Worker (FPA),FPA,2026-04-05,COMPLETENESS_KEY_PROPS,Completeness of Key Properties,0.0,RED
DS_BEELINE_WORKER,Beeline WBD Worker (FPA),FPA,2026-04-05,PROFILING,Data Profiling,50.0,RED
DS_BEELINE_WORKER,Beeline WBD Worker (FPA),FPA,2026-04-05,DEFINITIONS,Data Definitions,37.18,RED
DS_BEELINE_WORKER,Beeline WBD Worker (FPA),FPA,2026-04-05,KEY_PROPERTIES,Key Properties,66.67,AMBER
DS_BEELINE_WORKER,Beeline WBD Worker (FPA),FPA,2026-04-05,USAGE,Usage,61.67,AMBER
DS_BEELINE_WORKER,Beeline WBD Worker (FPA),FPA,2026-04-05,FEEDBACK,User Feedback,69.77,AMBER
DS_BEELINE_WORKER,Beeline WBD Worker (FPA),FPA,2026-04-06,OWNERSHIP,Data Ownership,0.0,RED
DS_BEELINE_WORKER,Beeline WBD Worker (FPA),FPA,2026-04-06,SOURCE,Data Source,75.0,AMBER
DS_BEELINE_WORKER,Beeline WBD Worker (FPA),FPA,2026-04-06,ISSUES,Active Issues,86.0,GREEN
DS_BEELINE_WORKER,Beeline WBD Worker (FPA),FPA,2026-04-06,TIMELINESS,Timeliness,95.84,GREEN
DS_BEELINE_WORKER,Beeline WBD Worker (FPA),FPA,2026-04-06,COMPLETENESS_KEY_PROPS,Completeness of Key Properties,0.0,RED
DS_BEELINE_WORKER,Beeline WBD Worker (FPA),FPA,2026-04-06,PROFILING,Data Profiling,62.5,AMBER
DS_BEELINE_WORKER,Beeline WBD Worker (FPA),FPA,2026-04-06,DEFINITIONS,Data Definitions,32.95,RED
DS_BEELINE_WORKER,Beeline WBD Worker (FPA),FPA,2026-04-06,KEY_PROPERTIES,Key Properties,66.67,AMBER
DS_BEELINE_WORKER,Beeline WBD Worker (FPA),FPA,2026-04-06,USAGE,Usage,58.33,RED
DS_BEELINE_WORKER,Beeline WBD Worker (FPA),FPA,2026-04-06,FEEDBACK,User Feedback,87.67,GREEN
DS_BEELINE_WORKER,Beeline WBD Worker (FPA),FPA,2026-04-07,OWNERSHIP,Data Ownership,0.0,RED
DS_BEELINE_WORKER,Beeline WBD Worker (FPA),FPA,2026-04-07,SOURCE,Data Source,75.0,AMBER
DS_BEELINE_WORKER,Beeline WBD Worker (FPA),FPA,2026-04-07,ISSUES,Active Issues,97.0,GREEN
DS_BEELINE_WORKER,Beeline WBD Worker (FPA),FPA,2026-04-07,TIMELINESS,Timeliness,96.36,GREEN
DS_BEELINE_WORKER,Beeline WBD Worker (FPA),FPA,2026-04-07,COMPLETENESS_KEY_PROPS,Completeness of Key Properties,0.0,RED
DS_BEELINE_WORKER,Beeline WBD Worker (FPA),FPA,2026-04-07,PROFILING,Data Profiling,54.17,RED
DS_BEELINE_WORKER,Beeline WBD Worker (FPA),FPA,2026-04-07,DEFINITIONS,Data Definitions,38.6,RED
DS_BEELINE_WORKER,Beeline WBD Worker (FPA),FPA,2026-04-07,KEY_PROPERTIES,Key Properties,66.67,AMBER
DS_BEELINE_WORKER,Beeline WBD Worker (FPA),FPA,2026-04-07,USAGE,Usage,43.33,RED
DS_BEELINE_WORKER,Beeline WBD Worker (FPA),FPA,2026-04-07,FEEDBACK,User Feedback,76.38,AMBER
DS_BEELINE_WORKER,Beeline WBD Worker (FPA),FPA,2026-04-08,OWNERSHIP,Data Ownership,0.0,RED
DS_BEELINE_WORKER,Beeline WBD Worker (FPA),FPA,2026-04-08,SOURCE,Data Source,75.0,AMBER
DS_BEELINE_WORKER,Beeline WBD Worker (FPA),FPA,2026-04-08,ISSUES,Active Issues,89.0,GREEN
DS_BEELINE_WORKER,Beeline WBD Worker (FPA),FPA,2026-04-08,TIMELINESS,Timeliness,94.42,GREEN
DS_BEELINE_WORKER,Beeline WBD Worker (FPA),FPA,2026-04-08,COMPLETENESS_KEY_PROPS,Completeness of Key Properties,0.0,RED
DS_BEELINE_WORKER,Beeline WBD Worker (FPA),FPA,2026-04-08,PROFILING,Data Profiling,58.33,RED
DS_BEELINE_WORKER,Beeline WBD Worker (FPA),FPA,2026-04-08,DEFINITIONS,Data Definitions,32.77,RED
DS_BEELINE_WORKER,Beeline WBD Worker (FPA),FPA,2026-04-08,KEY_PROPERTIES,Key Properties,66.67,AMBER
DS_BEELINE_WORKER,Beeline WBD Worker (FPA),FPA,2026-04-08,USAGE,Usage,68.33,AMBER
DS_BEELINE_WORKER,Beeline WBD Worker (FPA),FPA,2026-04-08,FEEDBACK,User Feedback,68.65,AMBER
DS_BEELINE_WORKER,Beeline WBD Worker (FPA),FPA,2026-04-09,OWNERSHIP,Data Ownership,0.0,RED
DS_BEELINE_WORKER,Beeline WBD Worker (FPA),FPA,2026-04-09,SOURCE,Data Source,75.0,AMBER
DS_BEELINE_WORKER,Beeline WBD Worker (FPA),FPA,2026-04-09,ISSUES,Active Issues,83.0,GREEN
DS_BEELINE_WORKER,Beeline WBD Worker (FPA),FPA,2026-04-09,TIMELINESS,Timeliness,90.65,GREEN
DS_BEELINE_WORKER,Beeline WBD Worker (FPA),FPA,2026-04-09,COMPLETENESS_KEY_PROPS,Completeness of Key Properties,0.0,RED
DS_BEELINE_WORKER,Beeline WBD Worker (FPA),FPA,2026-04-09,PROFILING,Data Profiling,54.17,RED
DS_BEELINE_WORKER,Beeline WBD Worker (FPA),FPA,2026-04-09,DEFINITIONS,Data Definitions,37.14,RED
DS_BEELINE_WORKER,Beeline WBD Worker (FPA),FPA,2026-04-09,KEY_PROPERTIES,Key Properties,66.67,AMBER
DS_BEELINE_WORKER,Beeline WBD Worker (FPA),FPA,2026-04-09,USAGE,Usage,50.0,RED
DS_BEELINE_WORKER,Beeline WBD Worker (FPA),FPA,2026-04-09,FEEDBACK,User Feedback,72.62,AMBER
DS_BEELINE_WORKER,Beeline WBD Worker (FPA),FPA,2026-04-10,OWNERSHIP,Data Ownership,0.0,RED
DS_BEELINE_WORKER,Beeline WBD Worker (FPA),FPA,2026-04-10,SOURCE,Data Source,75.0,AMBER
DS_BEELINE_WORKER,Beeline WBD Worker (FPA),FPA,2026-04-10,ISSUES,Active Issues,95.0,GREEN
DS_BEELINE_WORKER,Beeline WBD Worker (FPA),FPA,2026-04-10,TIMELINESS,Timeliness,94.94,GREEN
DS_BEELINE_WORKER,Beeline WBD Worker (FPA),FPA,2026-04-10,COMPLETENESS_KEY_PROPS,Completeness of Key Properties,0.0,RED
DS_BEELINE_WORKER,Beeline WBD Worker (FPA),FPA,2026-04-10,PROFILING,Data Profiling,54.17,RED
DS_BEELINE_WORKER,Beeline WBD Worker (FPA),FPA,2026-04-10,DEFINITIONS,Data Definitions,27.5,RED
DS_BEELINE_WORKER,Beeline WBD Worker (FPA),FPA,2026-04-10,KEY_PROPERTIES,Key Properties,66.67,AMBER
DS_BEELINE_WORKER,Beeline WBD Worker (FPA),FPA,2026-04-10,USAGE,Usage,53.33,RED
DS_BEELINE_WORKER,Beeline WBD Worker (FPA),FPA,2026-04-10,FEEDBACK,User Feedback,84.85,GREEN
DS_BEELINE_WORKER,Beeline WBD Worker (FPA),FPA,2026-04-11,OWNERSHIP,Data Ownership,0.0,RED
DS_BEELINE_WORKER,Beeline WBD Worker (FPA),FPA,2026-04-11,SOURCE,Data Source,75.0,AMBER
DS_BEELINE_WORKER,Beeline WBD Worker (FPA),FPA,2026-04-11,ISSUES,Active Issues,86.0,GREEN
DS_BEELINE_WORKER,Beeline WBD Worker (FPA),FPA,2026-04-11,TIMELINESS,Timeliness,91.17,GREEN
DS_BEELINE_WORKER,Beeline WBD Worker (FPA),FPA,2026-04-11,COMPLETENESS_KEY_PROPS,Completeness of Key Properties,0.0,RED
DS_BEELINE_WORKER,Beeline WBD Worker (FPA),FPA,2026-04-11,PROFILING,Data Profiling,58.33,RED
DS_BEELINE_WORKER,Beeline WBD Worker (FPA),FPA,2026-04-11,DEFINITIONS,Data Definitions,33.33,RED
DS_BEELINE_WORKER,Beeline WBD Worker (FPA),FPA,2026-04-11,KEY_PROPERTIES,Key Properties,66.67,AMBER
DS_BEELINE_WORKER,Beeline WBD Worker (FPA),FPA,2026-04-11,USAGE,Usage,51.67,RED
DS_BEELINE_WORKER,Beeline WBD Worker (FPA),FPA,2026-04-11,FEEDBACK,User Feedback,72.5,AMBER
DS_BEELINE_WORKER,Beeline WBD Worker (FPA),FPA,2026-04-12,OWNERSHIP,Data Ownership,0.0,RED
DS_BEELINE_WORKER,Beeline WBD Worker (FPA),FPA,2026-04-12,SOURCE,Data Source,75.0,AMBER
DS_BEELINE_WORKER,Beeline WBD Worker (FPA),FPA,2026-04-12,ISSUES,Active Issues,90.0,GREEN
DS_BEELINE_WORKER,Beeline WBD Worker (FPA),FPA,2026-04-12,TIMELINESS,Timeliness,96.67,GREEN
DS_BEELINE_WORKER,Beeline WBD Worker (FPA),FPA,2026-04-12,COMPLETENESS_KEY_PROPS,Completeness of Key Properties,0.0,RED
DS_BEELINE_WORKER,Beeline WBD Worker (FPA),FPA,2026-04-12,PROFILING,Data Profiling,66.67,AMBER
DS_BEELINE_WORKER,Beeline WBD Worker (FPA),FPA,2026-04-12,DEFINITIONS,Data Definitions,30.61,RED
DS_BEELINE_WORKER,Beeline WBD Worker (FPA),FPA,2026-04-12,KEY_PROPERTIES,Key Properties,66.67,AMBER
DS_BEELINE_WORKER,Beeline WBD Worker (FPA),FPA,2026-04-12,USAGE,Usage,55.0,RED
DS_BEELINE_WORKER,Beeline WBD Worker (FPA),FPA,2026-04-12,FEEDBACK,User Feedback,67.96,AMBER
DS_BEELINE_WORKER,Beeline WBD Worker (FPA),FPA,2026-04-13,OWNERSHIP,Data Ownership,0.0,RED
DS_BEELINE_WORKER,Beeline WBD Worker (FPA),FPA,2026-04-13,SOURCE,Data Source,75.0,AMBER
DS_BEELINE_WORKER,Beeline WBD Worker (FPA),FPA,2026-04-13,ISSUES,Active Issues,68.0,AMBER
DS_BEELINE_WORKER,Beeline WBD Worker (FPA),FPA,2026-04-13,TIMELINESS,Timeliness,92.08,GREEN
DS_BEELINE_WORKER,Beeline WBD Worker (FPA),FPA,2026-04-13,COMPLETENESS_KEY_PROPS,Completeness of Key Properties,0.0,RED
DS_BEELINE_WORKER,Beeline WBD Worker (FPA),FPA,2026-04-13,PROFILING,Data Profiling,66.67,AMBER
DS_BEELINE_WORKER,Beeline WBD Worker (FPA),FPA,2026-04-13,DEFINITIONS,Data Definitions,37.5,RED
DS_BEELINE_WORKER,Beeline WBD Worker (FPA),FPA,2026-04-13,KEY_PROPERTIES,Key Properties,66.67,AMBER
DS_BEELINE_WORKER,Beeline WBD Worker (FPA),FPA,2026-04-13,USAGE,Usage,71.67,AMBER
DS_BEELINE_WORKER,Beeline WBD Worker (FPA),FPA,2026-04-13,FEEDBACK,User Feedback,78.21,AMBER
DS_BEELINE_WORKER,Beeline WBD Worker (FPA),FPA,2026-04-14,OWNERSHIP,Data Ownership,0.0,RED
DS_BEELINE_WORKER,Beeline WBD Worker (FPA),FPA,2026-04-14,SOURCE,Data Source,75.0,AMBER
DS_BEELINE_WORKER,Beeline WBD Worker (FPA),FPA,2026-04-14,ISSUES,Active Issues,83.0,GREEN
DS_BEELINE_WORKER,Beeline WBD Worker (FPA),FPA,2026-04-14,TIMELINESS,Timeliness,89.73,GREEN
DS_BEELINE_WORKER,Beeline WBD Worker (FPA),FPA,2026-04-14,COMPLETENESS_KEY_PROPS,Completeness of Key Properties,0.0,RED
DS_BEELINE_WORKER,Beeline WBD Worker (FPA),FPA,2026-04-14,PROFILING,Data Profiling,62.5,AMBER
DS_BEELINE_WORKER,Beeline WBD Worker (FPA),FPA,2026-04-14,DEFINITIONS,Data Definitions,31.37,RED
DS_BEELINE_WORKER,Beeline WBD Worker (FPA),FPA,2026-04-14,KEY_PROPERTIES,Key Properties,66.67,AMBER
DS_BEELINE_WORKER,Beeline WBD Worker (FPA),FPA,2026-04-14,USAGE,Usage,76.67,AMBER
DS_BEELINE_WORKER,Beeline WBD Worker (FPA),FPA,2026-04-14,FEEDBACK,User Feedback,62.61,AMBER
DS_BEELINE_WORKER,Beeline WBD Worker (FPA),FPA,2026-04-15,OWNERSHIP,Data Ownership,0.0,RED
DS_BEELINE_WORKER,Beeline WBD Worker (FPA),FPA,2026-04-15,SOURCE,Data Source,75.0,AMBER
DS_BEELINE_WORKER,Beeline WBD Worker (FPA),FPA,2026-04-15,ISSUES,Active Issues,83.0,GREEN
DS_BEELINE_WORKER,Beeline WBD Worker (FPA),FPA,2026-04-15,TIMELINESS,Timeliness,91.74,GREEN
DS_BEELINE_WORKER,Beeline WBD Worker (FPA),FPA,2026-04-15,COMPLETENESS_KEY_PROPS,Completeness of Key Properties,0.0,RED
DS_BEELINE_WORKER,Beeline WBD Worker (FPA),FPA,2026-04-15,PROFILING,Data Profiling,54.17,RED
DS_BEELINE_WORKER,Beeline WBD Worker (FPA),FPA,2026-04-15,DEFINITIONS,Data Definitions,34.09,RED
DS_BEELINE_WORKER,Beeline WBD Worker (FPA),FPA,2026-04-15,KEY_PROPERTIES,Key Properties,66.67,AMBER
DS_BEELINE_WORKER,Beeline WBD Worker (FPA),FPA,2026-04-15,USAGE,Usage,68.33,AMBER
DS_BEELINE_WORKER,Beeline WBD Worker (FPA),FPA,2026-04-15,FEEDBACK,User Feedback,64.24,AMBER
DS_BEELINE_WORKER,Beeline WBD Worker (FPA),FPA,2026-04-16,OWNERSHIP,Data Ownership,0.0,RED
DS_BEELINE_WORKER,Beeline WBD Worker (FPA),FPA,2026-04-16,SOURCE,Data Source,75.0,AMBER
DS_BEELINE_WORKER,Beeline WBD Worker (FPA),FPA,2026-04-16,ISSUES,Active Issues,93.0,GREEN
DS_BEELINE_WORKER,Beeline WBD Worker (FPA),FPA,2026-04-16,TIMELINESS,Timeliness,95.86,GREEN
DS_BEELINE_WORKER,Beeline WBD Worker (FPA),FPA,2026-04-16,COMPLETENESS_KEY_PROPS,Completeness of Key Properties,0.0,RED
DS_BEELINE_WORKER,Beeline WBD Worker (FPA),FPA,2026-04-16,PROFILING,Data Profiling,70.83,AMBER
DS_BEELINE_WORKER,Beeline WBD Worker (FPA),FPA,2026-04-16,DEFINITIONS,Data Definitions,34.67,RED
DS_BEELINE_WORKER,Beeline WBD Worker (FPA),FPA,2026-04-16,KEY_PROPERTIES,Key Properties,66.67,AMBER
DS_BEELINE_WORKER,Beeline WBD Worker (FPA),FPA,2026-04-16,USAGE,Usage,46.67,RED
DS_BEELINE_WORKER,Beeline WBD Worker (FPA),FPA,2026-04-16,FEEDBACK,User Feedback,83.83,GREEN
DS_BEELINE_WORKER,Beeline WBD Worker (FPA),FPA,2026-04-17,OWNERSHIP,Data Ownership,0.0,RED
DS_BEELINE_WORKER,Beeline WBD Worker (FPA),FPA,2026-04-17,SOURCE,Data Source,75.0,AMBER
DS_BEELINE_WORKER,Beeline WBD Worker (FPA),FPA,2026-04-17,ISSUES,Active Issues,94.0,GREEN
DS_BEELINE_WORKER,Beeline WBD Worker (FPA),FPA,2026-04-17,TIMELINESS,Timeliness,95.37,GREEN
DS_BEELINE_WORKER,Beeline WBD Worker (FPA),FPA,2026-04-17,COMPLETENESS_KEY_PROPS,Completeness of Key Properties,0.0,RED
DS_BEELINE_WORKER,Beeline WBD Worker (FPA),FPA,2026-04-17,PROFILING,Data Profiling,58.33,RED
DS_BEELINE_WORKER,Beeline WBD Worker (FPA),FPA,2026-04-17,DEFINITIONS,Data Definitions,35.29,RED
DS_BEELINE_WORKER,Beeline WBD Worker (FPA),FPA,2026-04-17,KEY_PROPERTIES,Key Properties,66.67,AMBER
DS_BEELINE_WORKER,Beeline WBD Worker (FPA),FPA,2026-04-17,USAGE,Usage,46.67,RED
DS_BEELINE_WORKER,Beeline WBD Worker (FPA),FPA,2026-04-17,FEEDBACK,User Feedback,81.47,GREEN
DS_BEELINE_WORKER,Beeline WBD Worker (FPA),FPA,2026-04-18,OWNERSHIP,Data Ownership,0.0,RED
DS_BEELINE_WORKER,Beeline WBD Worker (FPA),FPA,2026-04-18,SOURCE,Data Source,75.0,AMBER
DS_BEELINE_WORKER,Beeline WBD Worker (FPA),FPA,2026-04-18,ISSUES,Active Issues,86.0,GREEN
DS_BEELINE_WORKER,Beeline WBD Worker (FPA),FPA,2026-04-18,TIMELINESS,Timeliness,98.67,GREEN
DS_BEELINE_WORKER,Beeline WBD Worker (FPA),FPA,2026-04-18,COMPLETENESS_KEY_PROPS,Completeness of Key Properties,0.0,RED
DS_BEELINE_WORKER,Beeline WBD Worker (FPA),FPA,2026-04-18,PROFILING,Data Profiling,62.5,AMBER
DS_BEELINE_WORKER,Beeline WBD Worker (FPA),FPA,2026-04-18,DEFINITIONS,Data Definitions,33.33,RED
DS_BEELINE_WORKER,Beeline WBD Worker (FPA),FPA,2026-04-18,KEY_PROPERTIES,Key Properties,66.67,AMBER
DS_BEELINE_WORKER,Beeline WBD Worker (FPA),FPA,2026-04-18,USAGE,Usage,66.67,AMBER
DS_BEELINE_WORKER,Beeline WBD Worker (FPA),FPA,2026-04-18,FEEDBACK,User Feedback,68.76,AMBER
DS_BEELINE_WORKER,Beeline WBD Worker (FPA),FPA,2026-04-19,OWNERSHIP,Data Ownership,0.0,RED
DS_BEELINE_WORKER,Beeline WBD Worker (FPA),FPA,2026-04-19,SOURCE,Data Source,75.0,AMBER
DS_BEELINE_WORKER,Beeline WBD Worker (FPA),FPA,2026-04-19,ISSUES,Active Issues,87.0,GREEN
DS_BEELINE_WORKER,Beeline WBD Worker (FPA),FPA,2026-04-19,TIMELINESS,Timeliness,96.99,GREEN
DS_BEELINE_WORKER,Beeline WBD Worker (FPA),FPA,2026-04-19,COMPLETENESS_KEY_PROPS,Completeness of Key Properties,0.0,RED
DS_BEELINE_WORKER,Beeline WBD Worker (FPA),FPA,2026-04-19,PROFILING,Data Profiling,70.83,AMBER
DS_BEELINE_WORKER,Beeline WBD Worker (FPA),FPA,2026-04-19,DEFINITIONS,Data Definitions,37.91,RED
DS_BEELINE_WORKER,Beeline WBD Worker (FPA),FPA,2026-04-19,KEY_PROPERTIES,Key Properties,66.67,AMBER
DS_BEELINE_WORKER,Beeline WBD Worker (FPA),FPA,2026-04-19,USAGE,Usage,50.0,RED
DS_BEELINE_WORKER,Beeline WBD Worker (FPA),FPA,2026-04-19,FEEDBACK,User Feedback,90.14,GREEN
DS_BEELINE_WORKER,Beeline WBD Worker (FPA),FPA,2026-04-20,OWNERSHIP,Data Ownership,0.0,RED
DS_BEELINE_WORKER,Beeline WBD Worker (FPA),FPA,2026-04-20,SOURCE,Data Source,75.0,AMBER
DS_BEELINE_WORKER,Beeline WBD Worker (FPA),FPA,2026-04-20,ISSUES,Active Issues,85.0,GREEN
DS_BEELINE_WORKER,Beeline WBD Worker (FPA),FPA,2026-04-20,TIMELINESS,Timeliness,91.97,GREEN
DS_BEELINE_WORKER,Beeline WBD Worker (FPA),FPA,2026-04-20,COMPLETENESS_KEY_PROPS,Completeness of Key Properties,0.0,RED
DS_BEELINE_WORKER,Beeline WBD Worker (FPA),FPA,2026-04-20,PROFILING,Data Profiling,50.0,RED
DS_BEELINE_WORKER,Beeline WBD Worker (FPA),FPA,2026-04-20,DEFINITIONS,Data Definitions,36.25,RED
DS_BEELINE_WORKER,Beeline WBD Worker (FPA),FPA,2026-04-20,KEY_PROPERTIES,Key Properties,66.67,AMBER
DS_BEELINE_WORKER,Beeline WBD Worker (FPA),FPA,2026-04-20,USAGE,Usage,60.0,AMBER
DS_BEELINE_WORKER,Beeline WBD Worker (FPA),FPA,2026-04-20,FEEDBACK,User Feedback,78.6,AMBER
DS_BEELINE_WORKER,Beeline WBD Worker (FPA),FPA,2026-04-21,OWNERSHIP,Data Ownership,0.0,RED
DS_BEELINE_WORKER,Beeline WBD Worker (FPA),FPA,2026-04-21,SOURCE,Data Source,75.0,AMBER
DS_BEELINE_WORKER,Beeline WBD Worker (FPA),FPA,2026-04-21,ISSUES,Active Issues,100.0,GREEN
DS_BEELINE_WORKER,Beeline WBD Worker (FPA),FPA,2026-04-21,TIMELINESS,Timeliness,96.03,GREEN
DS_BEELINE_WORKER,Beeline WBD Worker (FPA),FPA,2026-04-21,COMPLETENESS_KEY_PROPS,Completeness of Key Properties,0.0,RED
DS_BEELINE_WORKER,Beeline WBD Worker (FPA),FPA,2026-04-21,PROFILING,Data Profiling,62.5,AMBER
DS_BEELINE_WORKER,Beeline WBD Worker (FPA),FPA,2026-04-21,DEFINITIONS,Data Definitions,30.3,RED
DS_BEELINE_WORKER,Beeline WBD Worker (FPA),FPA,2026-04-21,KEY_PROPERTIES,Key Properties,66.67,AMBER
DS_BEELINE_WORKER,Beeline WBD Worker (FPA),FPA,2026-04-21,USAGE,Usage,68.33,AMBER
DS_BEELINE_WORKER,Beeline WBD Worker (FPA),FPA,2026-04-21,FEEDBACK,User Feedback,95.53,GREEN
DS_BEELINE_WORKER,Beeline WBD Worker (FPA),FPA,2026-04-22,OWNERSHIP,Data Ownership,0.0,RED
DS_BEELINE_WORKER,Beeline WBD Worker (FPA),FPA,2026-04-22,SOURCE,Data Source,75.0,AMBER
DS_BEELINE_WORKER,Beeline WBD Worker (FPA),FPA,2026-04-22,ISSUES,Active Issues,91.0,GREEN
DS_BEELINE_WORKER,Beeline WBD Worker (FPA),FPA,2026-04-22,TIMELINESS,Timeliness,91.27,GREEN
DS_BEELINE_WORKER,Beeline WBD Worker (FPA),FPA,2026-04-22,COMPLETENESS_KEY_PROPS,Completeness of Key Properties,0.0,RED
DS_BEELINE_WORKER,Beeline WBD Worker (FPA),FPA,2026-04-22,PROFILING,Data Profiling,62.5,AMBER
DS_BEELINE_WORKER,Beeline WBD Worker (FPA),FPA,2026-04-22,DEFINITIONS,Data Definitions,35.38,RED
DS_BEELINE_WORKER,Beeline WBD Worker (FPA),FPA,2026-04-22,KEY_PROPERTIES,Key Properties,66.67,AMBER
DS_BEELINE_WORKER,Beeline WBD Worker (FPA),FPA,2026-04-22,USAGE,Usage,55.0,RED
DS_BEELINE_WORKER,Beeline WBD Worker (FPA),FPA,2026-04-22,FEEDBACK,User Feedback,78.06,AMBER
DS_BEELINE_WORKER,Beeline WBD Worker (FPA),FPA,2026-04-23,OWNERSHIP,Data Ownership,0.0,RED
DS_BEELINE_WORKER,Beeline WBD Worker (FPA),FPA,2026-04-23,SOURCE,Data Source,75.0,AMBER
DS_BEELINE_WORKER,Beeline WBD Worker (FPA),FPA,2026-04-23,ISSUES,Active Issues,84.0,GREEN
DS_BEELINE_WORKER,Beeline WBD Worker (FPA),FPA,2026-04-23,TIMELINESS,Timeliness,94.21,GREEN
DS_BEELINE_WORKER,Beeline WBD Worker (FPA),FPA,2026-04-23,COMPLETENESS_KEY_PROPS,Completeness of Key Properties,0.0,RED
DS_BEELINE_WORKER,Beeline WBD Worker (FPA),FPA,2026-04-23,PROFILING,Data Profiling,45.83,RED
DS_BEELINE_WORKER,Beeline WBD Worker (FPA),FPA,2026-04-23,DEFINITIONS,Data Definitions,36.57,RED
DS_BEELINE_WORKER,Beeline WBD Worker (FPA),FPA,2026-04-23,KEY_PROPERTIES,Key Properties,66.67,AMBER
DS_BEELINE_WORKER,Beeline WBD Worker (FPA),FPA,2026-04-23,USAGE,Usage,51.67,RED
DS_BEELINE_WORKER,Beeline WBD Worker (FPA),FPA,2026-04-23,FEEDBACK,User Feedback,65.56,AMBER
DS_BEELINE_WORKER,Beeline WBD Worker (FPA),FPA,2026-04-24,OWNERSHIP,Data Ownership,0.0,RED
DS_BEELINE_WORKER,Beeline WBD Worker (FPA),FPA,2026-04-24,SOURCE,Data Source,75.0,AMBER
DS_BEELINE_WORKER,Beeline WBD Worker (FPA),FPA,2026-04-24,ISSUES,Active Issues,100.0,GREEN
DS_BEELINE_WORKER,Beeline WBD Worker (FPA),FPA,2026-04-24,TIMELINESS,Timeliness,94.34,GREEN
DS_BEELINE_WORKER,Beeline WBD Worker (FPA),FPA,2026-04-24,COMPLETENESS_KEY_PROPS,Completeness of Key Properties,0.0,RED
DS_BEELINE_WORKER,Beeline WBD Worker (FPA),FPA,2026-04-24,PROFILING,Data Profiling,70.83,AMBER
DS_BEELINE_WORKER,Beeline WBD Worker (FPA),FPA,2026-04-24,DEFINITIONS,Data Definitions,34.02,RED
DS_BEELINE_WORKER,Beeline WBD Worker (FPA),FPA,2026-04-24,KEY_PROPERTIES,Key Properties,66.67,AMBER
DS_BEELINE_WORKER,Beeline WBD Worker (FPA),FPA,2026-04-24,USAGE,Usage,48.33,RED
DS_BEELINE_WORKER,Beeline WBD Worker (FPA),FPA,2026-04-24,FEEDBACK,User Feedback,90.52,GREEN
DS_BEELINE_WORKER,Beeline WBD Worker (FPA),FPA,2026-04-25,OWNERSHIP,Data Ownership,0.0,RED
DS_BEELINE_WORKER,Beeline WBD Worker (FPA),FPA,2026-04-25,SOURCE,Data Source,75.0,AMBER
DS_BEELINE_WORKER,Beeline WBD Worker (FPA),FPA,2026-04-25,ISSUES,Active Issues,94.0,GREEN
DS_BEELINE_WORKER,Beeline WBD Worker (FPA),FPA,2026-04-25,TIMELINESS,Timeliness,87.98,GREEN
DS_BEELINE_WORKER,Beeline WBD Worker (FPA),FPA,2026-04-25,COMPLETENESS_KEY_PROPS,Completeness of Key Properties,0.0,RED
DS_BEELINE_WORKER,Beeline WBD Worker (FPA),FPA,2026-04-25,PROFILING,Data Profiling,58.33,RED
DS_BEELINE_WORKER,Beeline WBD Worker (FPA),FPA,2026-04-25,DEFINITIONS,Data Definitions,32.2,RED
DS_BEELINE_WORKER,Beeline WBD Worker (FPA),FPA,2026-04-25,KEY_PROPERTIES,Key Properties,66.67,AMBER
DS_BEELINE_WORKER,Beeline WBD Worker (FPA),FPA,2026-04-25,USAGE,Usage,75.0,AMBER
DS_BEELINE_WORKER,Beeline WBD Worker (FPA),FPA,2026-04-25,FEEDBACK,User Feedback,67.08,AMBER
DS_BEELINE_WORKER,Beeline WBD Worker (FPA),FPA,2026-04-26,OWNERSHIP,Data Ownership,0.0,RED
DS_BEELINE_WORKER,Beeline WBD Worker (FPA),FPA,2026-04-26,SOURCE,Data Source,75.0,AMBER
DS_BEELINE_WORKER,Beeline WBD Worker (FPA),FPA,2026-04-26,ISSUES,Active Issues,97.0,GREEN
DS_BEELINE_WORKER,Beeline WBD Worker (FPA),FPA,2026-04-26,TIMELINESS,Timeliness,97.43,GREEN
DS_BEELINE_WORKER,Beeline WBD Worker (FPA),FPA,2026-04-26,COMPLETENESS_KEY_PROPS,Completeness of Key Properties,0.0,RED
DS_BEELINE_WORKER,Beeline WBD Worker (FPA),FPA,2026-04-26,PROFILING,Data Profiling,66.67,AMBER
DS_BEELINE_WORKER,Beeline WBD Worker (FPA),FPA,2026-04-26,DEFINITIONS,Data Definitions,34.47,RED
DS_BEELINE_WORKER,Beeline WBD Worker (FPA),FPA,2026-04-26,KEY_PROPERTIES,Key Properties,66.67,AMBER
DS_BEELINE_WORKER,Beeline WBD Worker (FPA),FPA,2026-04-26,USAGE,Usage,68.33,AMBER
DS_BEELINE_WORKER,Beeline WBD Worker (FPA),FPA,2026-04-26,FEEDBACK,User Feedback,75.52,AMBER
DS_BEELINE_WORKER,Beeline WBD Worker (FPA),FPA,2026-04-27,OWNERSHIP,Data Ownership,0.0,RED
DS_BEELINE_WORKER,Beeline WBD Worker (FPA),FPA,2026-04-27,SOURCE,Data Source,75.0,AMBER
DS_BEELINE_WORKER,Beeline WBD Worker (FPA),FPA,2026-04-27,ISSUES,Active Issues,88.0,GREEN
DS_BEELINE_WORKER,Beeline WBD Worker (FPA),FPA,2026-04-27,TIMELINESS,Timeliness,99.26,GREEN
DS_BEELINE_WORKER,Beeline WBD Worker (FPA),FPA,2026-04-27,COMPLETENESS_KEY_PROPS,Completeness of Key Properties,0.0,RED
DS_BEELINE_WORKER,Beeline WBD Worker (FPA),FPA,2026-04-27,PROFILING,Data Profiling,50.0,RED
DS_BEELINE_WORKER,Beeline WBD Worker (FPA),FPA,2026-04-27,DEFINITIONS,Data Definitions,33.83,RED
DS_BEELINE_WORKER,Beeline WBD Worker (FPA),FPA,2026-04-27,KEY_PROPERTIES,Key Properties,66.67,AMBER
DS_BEELINE_WORKER,Beeline WBD Worker (FPA),FPA,2026-04-27,USAGE,Usage,60.0,AMBER
DS_BEELINE_WORKER,Beeline WBD Worker (FPA),FPA,2026-04-27,FEEDBACK,User Feedback,77.76,AMBER
DS_BEELINE_WORKER,Beeline WBD Worker (FPA),FPA,2026-04-28,OWNERSHIP,Data Ownership,0.0,RED
DS_BEELINE_WORKER,Beeline WBD Worker (FPA),FPA,2026-04-28,SOURCE,Data Source,75.0,AMBER
DS_BEELINE_WORKER,Beeline WBD Worker (FPA),FPA,2026-04-28,ISSUES,Active Issues,90.0,GREEN
DS_BEELINE_WORKER,Beeline WBD Worker (FPA),FPA,2026-04-28,TIMELINESS,Timeliness,92.53,GREEN
DS_BEELINE_WORKER,Beeline WBD Worker (FPA),FPA,2026-04-28,COMPLETENESS_KEY_PROPS,Completeness of Key Properties,0.0,RED
DS_BEELINE_WORKER,Beeline WBD Worker (FPA),FPA,2026-04-28,PROFILING,Data Profiling,54.17,RED
DS_BEELINE_WORKER,Beeline WBD Worker (FPA),FPA,2026-04-28,DEFINITIONS,Data Definitions,32.26,RED
DS_BEELINE_WORKER,Beeline WBD Worker (FPA),FPA,2026-04-28,KEY_PROPERTIES,Key Properties,66.67,AMBER
DS_BEELINE_WORKER,Beeline WBD Worker (FPA),FPA,2026-04-28,USAGE,Usage,66.67,AMBER
DS_BEELINE_WORKER,Beeline WBD Worker (FPA),FPA,2026-04-28,FEEDBACK,User Feedback,81.43,GREEN
DS_BEELINE_WORKER,Beeline WBD Worker (FPA),FPA,2026-04-29,OWNERSHIP,Data Ownership,0.0,RED
DS_BEELINE_WORKER,Beeline WBD Worker (FPA),FPA,2026-04-29,SOURCE,Data Source,75.0,AMBER
DS_BEELINE_WORKER,Beeline WBD Worker (FPA),FPA,2026-04-29,ISSUES,Active Issues,99.0,GREEN
DS_BEELINE_WORKER,Beeline WBD Worker (FPA),FPA,2026-04-29,TIMELINESS,Timeliness,89.17,GREEN
DS_BEELINE_WORKER,Beeline WBD Worker (FPA),FPA,2026-04-29,COMPLETENESS_KEY_PROPS,Completeness of Key Properties,0.0,RED
DS_BEELINE_WORKER,Beeline WBD Worker (FPA),FPA,2026-04-29,PROFILING,Data Profiling,66.67,AMBER
DS_BEELINE_WORKER,Beeline WBD Worker (FPA),FPA,2026-04-29,DEFINITIONS,Data Definitions,41.94,RED
DS_BEELINE_WORKER,Beeline WBD Worker (FPA),FPA,2026-04-29,KEY_PROPERTIES,Key Properties,66.67,AMBER
DS_BEELINE_WORKER,Beeline WBD Worker (FPA),FPA,2026-04-29,USAGE,Usage,60.0,AMBER
DS_BEELINE_WORKER,Beeline WBD Worker (FPA),FPA,2026-04-29,FEEDBACK,User Feedback,75.69,AMBER
DS_BEELINE_WORKER,Beeline WBD Worker (FPA),FPA,2026-04-30,OWNERSHIP,Data Ownership,0.0,RED
DS_BEELINE_WORKER,Beeline WBD Worker (FPA),FPA,2026-04-30,SOURCE,Data Source,75.0,AMBER
DS_BEELINE_WORKER,Beeline WBD Worker (FPA),FPA,2026-04-30,ISSUES,Active Issues,96.0,GREEN
DS_BEELINE_WORKER,Beeline WBD Worker (FPA),FPA,2026-04-30,TIMELINESS,Timeliness,91.12,GREEN
DS_BEELINE_WORKER,Beeline WBD Worker (FPA),FPA,2026-04-30,COMPLETENESS_KEY_PROPS,Completeness of Key Properties,0.0,RED
DS_BEELINE_WORKER,Beeline WBD Worker (FPA),FPA,2026-04-30,PROFILING,Data Profiling,62.5,AMBER
DS_BEELINE_WORKER,Beeline WBD Worker (FPA),FPA,2026-04-30,DEFINITIONS,Data Definitions,35.38,RED
DS_BEELINE_WORKER,Beeline WBD Worker (FPA),FPA,2026-04-30,KEY_PROPERTIES,Key Properties,66.67,AMBER
DS_BEELINE_WORKER,Beeline WBD Worker (FPA),FPA,2026-04-30,USAGE,Usage,68.33,AMBER
DS_BEELINE_WORKER,Beeline WBD Worker (FPA),FPA,2026-04-30,FEEDBACK,User Feedback,77.11,AMBER
DS_BEELINE_WORKER,Beeline WBD Worker (FPA),FPA,2026-05-01,OWNERSHIP,Data Ownership,0.0,RED
DS_BEELINE_WORKER,Beeline WBD Worker (FPA),FPA,2026-05-01,SOURCE,Data Source,75.0,AMBER
DS_BEELINE_WORKER,Beeline WBD Worker (FPA),FPA,2026-05-01,ISSUES,Active Issues,93.0,GREEN
DS_BEELINE_WORKER,Beeline WBD Worker (FPA),FPA,2026-05-01,TIMELINESS,Timeliness,95.95,GREEN
DS_BEELINE_WORKER,Beeline WBD Worker (FPA),FPA,2026-05-01,COMPLETENESS_KEY_PROPS,Completeness of Key Properties,0.0,RED
DS_BEELINE_WORKER,Beeline WBD Worker (FPA),FPA,2026-05-01,PROFILING,Data Profiling,58.33,RED
DS_BEELINE_WORKER,Beeline WBD Worker (FPA),FPA,2026-05-01,DEFINITIONS,Data Definitions,37.93,RED
DS_BEELINE_WORKER,Beeline WBD Worker (FPA),FPA,2026-05-01,KEY_PROPERTIES,Key Properties,66.67,AMBER
DS_BEELINE_WORKER,Beeline WBD Worker (FPA),FPA,2026-05-01,USAGE,Usage,58.33,RED
DS_BEELINE_WORKER,Beeline WBD Worker (FPA),FPA,2026-05-01,FEEDBACK,User Feedback,78.82,AMBER
DS_BEELINE_WORKER,Beeline WBD Worker (FPA),FPA,2026-05-02,OWNERSHIP,Data Ownership,0.0,RED
DS_BEELINE_WORKER,Beeline WBD Worker (FPA),FPA,2026-05-02,SOURCE,Data Source,75.0,AMBER
DS_BEELINE_WORKER,Beeline WBD Worker (FPA),FPA,2026-05-02,ISSUES,Active Issues,96.0,GREEN
DS_BEELINE_WORKER,Beeline WBD Worker (FPA),FPA,2026-05-02,TIMELINESS,Timeliness,96.96,GREEN
DS_BEELINE_WORKER,Beeline WBD Worker (FPA),FPA,2026-05-02,COMPLETENESS_KEY_PROPS,Completeness of Key Properties,0.0,RED
DS_BEELINE_WORKER,Beeline WBD Worker (FPA),FPA,2026-05-02,PROFILING,Data Profiling,62.5,AMBER
DS_BEELINE_WORKER,Beeline WBD Worker (FPA),FPA,2026-05-02,DEFINITIONS,Data Definitions,33.33,RED
DS_BEELINE_WORKER,Beeline WBD Worker (FPA),FPA,2026-05-02,KEY_PROPERTIES,Key Properties,66.67,AMBER
DS_BEELINE_WORKER,Beeline WBD Worker (FPA),FPA,2026-05-02,USAGE,Usage,55.0,RED
DS_BEELINE_WORKER,Beeline WBD Worker (FPA),FPA,2026-05-02,FEEDBACK,User Feedback,79.44,AMBER
DS_BEELINE_WORKER,Beeline WBD Worker (FPA),FPA,2026-05-03,OWNERSHIP,Data Ownership,0.0,RED
DS_BEELINE_WORKER,Beeline WBD Worker (FPA),FPA,2026-05-03,SOURCE,Data Source,75.0,AMBER
DS_BEELINE_WORKER,Beeline WBD Worker (FPA),FPA,2026-05-03,ISSUES,Active Issues,99.0,GREEN
DS_BEELINE_WORKER,Beeline WBD Worker (FPA),FPA,2026-05-03,TIMELINESS,Timeliness,90.11,GREEN
DS_BEELINE_WORKER,Beeline WBD Worker (FPA),FPA,2026-05-03,COMPLETENESS_KEY_PROPS,Completeness of Key Properties,0.0,RED
DS_BEELINE_WORKER,Beeline WBD Worker (FPA),FPA,2026-05-03,PROFILING,Data Profiling,66.67,AMBER
DS_BEELINE_WORKER,Beeline WBD Worker (FPA),FPA,2026-05-03,DEFINITIONS,Data Definitions,34.9,RED
DS_BEELINE_WORKER,Beeline WBD Worker (FPA),FPA,2026-05-03,KEY_PROPERTIES,Key Properties,66.67,AMBER
DS_BEELINE_WORKER,Beeline WBD Worker (FPA),FPA,2026-05-03,USAGE,Usage,61.67,AMBER
DS_BEELINE_WORKER,Beeline WBD Worker (FPA),FPA,2026-05-03,FEEDBACK,User Feedback,79.74,AMBER
DS_BEELINE_WORKER,Beeline WBD Worker (FPA),FPA,2026-05-04,OWNERSHIP,Data Ownership,0.0,RED
DS_BEELINE_WORKER,Beeline WBD Worker (FPA),FPA,2026-05-04,SOURCE,Data Source,75.0,AMBER
DS_BEELINE_WORKER,Beeline WBD Worker (FPA),FPA,2026-05-04,ISSUES,Active Issues,94.0,GREEN
DS_BEELINE_WORKER,Beeline WBD Worker (FPA),FPA,2026-05-04,TIMELINESS,Timeliness,97.59,GREEN
DS_BEELINE_WORKER,Beeline WBD Worker (FPA),FPA,2026-05-04,COMPLETENESS_KEY_PROPS,Completeness of Key Properties,0.0,RED
DS_BEELINE_WORKER,Beeline WBD Worker (FPA),FPA,2026-05-04,PROFILING,Data Profiling,66.67,AMBER
DS_BEELINE_WORKER,Beeline WBD Worker (FPA),FPA,2026-05-04,DEFINITIONS,Data Definitions,37.5,RED
DS_BEELINE_WORKER,Beeline WBD Worker (FPA),FPA,2026-05-04,KEY_PROPERTIES,Key Properties,66.67,AMBER
DS_BEELINE_WORKER,Beeline WBD Worker (FPA),FPA,2026-05-04,USAGE,Usage,70.0,AMBER
DS_BEELINE_WORKER,Beeline WBD Worker (FPA),FPA,2026-05-04,FEEDBACK,User Feedback,77.9,AMBER
DS_BEELINE_WORKER,Beeline WBD Worker (FPA),FPA,2026-05-05,OWNERSHIP,Data Ownership,0.0,RED
DS_BEELINE_WORKER,Beeline WBD Worker (FPA),FPA,2026-05-05,SOURCE,Data Source,75.0,AMBER
DS_BEELINE_WORKER,Beeline WBD Worker (FPA),FPA,2026-05-05,ISSUES,Active Issues,97.0,GREEN
DS_BEELINE_WORKER,Beeline WBD Worker (FPA),FPA,2026-05-05,TIMELINESS,Timeliness,96.69,GREEN
DS_BEELINE_WORKER,Beeline WBD Worker (FPA),FPA,2026-05-05,COMPLETENESS_KEY_PROPS,Completeness of Key Properties,0.0,RED
DS_BEELINE_WORKER,Beeline WBD Worker (FPA),FPA,2026-05-05,PROFILING,Data Profiling,70.83,AMBER
DS_BEELINE_WORKER,Beeline WBD Worker (FPA),FPA,2026-05-05,DEFINITIONS,Data Definitions,41.25,RED
DS_BEELINE_WORKER,Beeline WBD Worker (FPA),FPA,2026-05-05,KEY_PROPERTIES,Key Properties,66.67,AMBER
DS_BEELINE_WORKER,Beeline WBD Worker (FPA),FPA,2026-05-05,USAGE,Usage,41.67,RED
DS_BEELINE_WORKER,Beeline WBD Worker (FPA),FPA,2026-05-05,FEEDBACK,User Feedback,83.77,GREEN
DS_BEELINE_WORKER,Beeline WBD Worker (FPA),FPA,2026-05-06,OWNERSHIP,Data Ownership,0.0,RED
DS_BEELINE_WORKER,Beeline WBD Worker (FPA),FPA,2026-05-06,SOURCE,Data Source,75.0,AMBER
DS_BEELINE_WORKER,Beeline WBD Worker (FPA),FPA,2026-05-06,ISSUES,Active Issues,79.0,AMBER
DS_BEELINE_WORKER,Beeline WBD Worker (FPA),FPA,2026-05-06,TIMELINESS,Timeliness,89.88,GREEN
DS_BEELINE_WORKER,Beeline WBD Worker (FPA),FPA,2026-05-06,COMPLETENESS_KEY_PROPS,Completeness of Key Properties,0.0,RED
DS_BEELINE_WORKER,Beeline WBD Worker (FPA),FPA,2026-05-06,PROFILING,Data Profiling,70.83,AMBER
DS_BEELINE_WORKER,Beeline WBD Worker (FPA),FPA,2026-05-06,DEFINITIONS,Data Definitions,35.29,RED
DS_BEELINE_WORKER,Beeline WBD Worker (FPA),FPA,2026-05-06,KEY_PROPERTIES,Key Properties,66.67,AMBER
DS_BEELINE_WORKER,Beeline WBD Worker (FPA),FPA,2026-05-06,USAGE,Usage,63.33,AMBER
DS_BEELINE_WORKER,Beeline WBD Worker (FPA),FPA,2026-05-06,FEEDBACK,User Feedback,69.78,AMBER
