DATASET_ID,DATASET_NAME,DATASET_FQN,DOMAIN,LAYER,SCORE_RUN_DATE,BATCH_ID,DIM_OWNERSHIP_SCORE,DIM_OWNERSHIP_STATUS,DIM_OWNERSHIP_OWNER_NAME,DIM_OWNERSHIP_LAST_CONFIRMED,DIM_SOURCE_SCORE,DIM_SOURCE_STATUS,DIM_SOURCE_SYSTEM,DIM_SOURCE_TIER,DIM_ISSUES_SCORE,DIM_ISSUES_STATUS,DIM_ISSUES_OPEN_P1,DIM_ISSUES_OPEN_P2,DIM_ISSUES_OPEN_P3,DIM_ISSUES_LAST_FAILURE_AT,DIM_TIMELINESS_SCORE,DIM_TIMELINESS_STATUS,DIM_TIMELINESS_MAX_LOAD_DATE,DIM_TIMELINESS_SLA_HOURS,DIM_TIMELINESS_HOURS_LATE,DIM_COMPLETENESS_KEY_PROPS_SCORE,DIM_COMPLETENESS_KEY_PROPS_STATUS,DIM_COMPLETENESS_KEYS_CHECKED,DIM_COMPLETENESS_WORST_KEY,DIM_COMPLETENESS_WORST_KEY_NULL_PCT,DIM_PROFILING_SCORE,DIM_PROFILING_STATUS,DIM_PROFILING_CHECKS_TOTAL,DIM_PROFILING_CHECKS_PASSED,DIM_DEFINITIONS_SCORE,DIM_DEFINITIONS_STATUS,DIM_DEFINITIONS_FIELDS_TOTAL,DIM_DEFINITIONS_FIELDS_DEFINED,DIM_KEY_PROPERTIES_SCORE,DIM_KEY_PROPERTIES_STATUS,DIM_KEY_PROPERTIES_REQUIRED,DIM_KEY_PROPERTIES_PRESENT,DIM_USAGE_SCORE,DIM_USAGE_STATUS,DIM_USAGE_UNIQUE_CONSUMERS_30D,DIM_USAGE_QUERIES_30D,DIM_FEEDBACK_SCORE,DIM_FEEDBACK_STATUS,DIM_FEEDBACK_AVG_RATING,DIM_FEEDBACK_RESPONSES_90D,TRUST_SCORE_OVERALL,TRUST_SCORE_TIER,LOAD_DATE,LOAD_BY
DS_POSITION_REPORT,Workday Position Report,EDLE_DW_DB.PNC_DATA.DT_POSITION_REPORT,P&C,SILVER,2026-02-05,e987eef9,60.0,AMBER,Paul Field,,100,GREEN,Workday,CORE,96,GREEN,0,1,1,2026-01-29 09:00:00,99.30635620687801,GREEN,2026-02-04 20:30:14.527018,168,3.5,97.17041181711562,GREEN,"TWID,POSITION_ID",POSITION_ID,2.83,87.5,GREEN,24,21,50.0,RED,94,47,100.0,GREEN,2,2,8.333333333333334,RED,5,154,89.52274027094981,GREEN,4.48,8,82.81,SILVER,2026-05-06 15:37:37.277727,prototype
DS_POSITION_REPORT,Workday Position Report,EDLE_DW_DB.PNC_DATA.DT_POSITION_REPORT,P&C,SILVER,2026-02-06,34028b89,60.0,AMBER,Paul Field,,100,GREEN,Workday,CORE,97,GREEN,0,1,0,2026-01-29 12:00:00,96.11192115313283,GREEN,2026-02-05 04:24:14.697402,168,19.6,97.29787579174595,GREEN,"TWID,POSITION_ID",POSITION_ID,2.7,83.33333333333333,GREEN,24,20,53.84615384615385,RED,130,70,100.0,GREEN,2,2,18.333333333333332,RED,11,355,72.93768425938137,AMBER,3.65,10,82.24,SILVER,2026-05-06 15:37:37.281356,prototype
DS_POSITION_REPORT,Workday Position Report,EDLE_DW_DB.PNC_DATA.DT_POSITION_REPORT,P&C,SILVER,2026-02-07,7ccc41a5,60.0,AMBER,Paul Field,,100,GREEN,Workday,CORE,90,GREEN,1,0,0,2026-01-31 07:00:00,100.0,GREEN,2026-02-07 00:00:00.000000,168,0.0,98.70146218996204,GREEN,"TWID,POSITION_ID",POSITION_ID,1.3,83.33333333333333,GREEN,24,20,54.861111111111114,RED,144,79,100.0,GREEN,2,2,20.0,RED,12,560,83.4680398017749,GREEN,4.17,4,82.75,SILVER,2026-05-06 15:37:37.283759,prototype
DS_POSITION_REPORT,Workday Position Report,EDLE_DW_DB.PNC_DATA.DT_POSITION_REPORT,P&C,SILVER,2026-02-08,b05c1384,60.0,AMBER,Paul Field,,100,GREEN,Workday,CORE,99,GREEN,0,0,1,2026-02-05 12:00:00,99.0293928434305,GREEN,2026-02-07 19:06:29.303751,168,4.89,97.36771420611795,GREEN,"TWID,POSITION_ID",POSITION_ID,2.63,83.33333333333333,GREEN,24,20,52.42718446601942,RED,206,108,100.0,GREEN,2,2,8.333333333333334,RED,5,215,91.2570769421421,GREEN,4.56,9,82.92,SILVER,2026-05-06 15:37:37.286198,prototype
DS_POSITION_REPORT,Workday Position Report,EDLE_DW_DB.PNC_DATA.DT_POSITION_REPORT,P&C,SILVER,2026-02-09,ed2cd2c0,60.0,AMBER,Paul Field,,100,GREEN,Workday,CORE,96,GREEN,0,1,1,2026-02-03 11:00:00,97.55176348255424,GREEN,2026-02-08 11:39:39.196627,168,12.34,94.88763316073613,GREEN,"TWID,POSITION_ID",TWID,5.11,87.5,GREEN,24,21,54.037267080745345,RED,161,87,100.0,GREEN,2,2,6.666666666666667,RED,4,111,77.89216343529756,AMBER,3.89,10,82.0,SILVER,2026-05-06 15:37:37.288230,prototype
DS_POSITION_REPORT,Workday Position Report,EDLE_DW_DB.PNC_DATA.DT_POSITION_REPORT,P&C,SILVER,2026-02-10,ddc307e7,60.0,AMBER,Paul Field,,100,GREEN,Workday,CORE,90,GREEN,0,3,1,2026-02-06 02:00:00,97.46778252221053,GREEN,2026-02-09 11:14:15.446083,168,12.76,96.70685709593425,GREEN,"TWID,POSITION_ID",POSITION_ID,3.29,91.66666666666667,GREEN,24,22,59.375,RED,96,57,100.0,GREEN,2,2,21.666666666666668,RED,13,458,74.73246447025079,AMBER,3.74,6,83.22,SILVER,2026-05-06 15:37:37.290257,prototype
DS_POSITION_REPORT,Workday Position Report,EDLE_DW_DB.PNC_DATA.DT_POSITION_REPORT,P&C,SILVER,2026-02-11,73d7941b,60.0,AMBER,Paul Field,,100,GREEN,Workday,CORE,94,GREEN,0,2,0,2026-02-03 06:00:00,93.25570892177782,GREEN,2026-02-09 14:00:31.582677,168,33.99,97.48051148914043,GREEN,"TWID,POSITION_ID",POSITION_ID,2.52,70.83333333333333,AMBER,24,17,52.38095238095238,RED,42,22,100.0,GREEN,2,2,10.0,RED,6,179,78.04833736734652,AMBER,3.9,9,79.6,SILVER,2026-05-06 15:37:37.292281,prototype
DS_POSITION_REPORT,Workday Position Report,EDLE_DW_DB.PNC_DATA.DT_POSITION_REPORT,P&C,SILVER,2026-02-12,bbe8f9d7,60.0,AMBER,Paul Field,,100,GREEN,Workday,CORE,86,GREEN,1,1,1,2026-02-05 00:00:00,96.99550251953168,GREEN,2026-02-11 08:51:26.397714,168,15.14,93.34333299990692,GREEN,"TWID,POSITION_ID",POSITION_ID,6.66,91.66666666666667,GREEN,24,22,49.152542372881356,RED,59,29,100.0,GREEN,2,2,16.666666666666668,RED,10,326,78.78746818819114,AMBER,3.94,4,81.25,SILVER,2026-05-06 15:37:37.294342,prototype
DS_POSITION_REPORT,Workday Position Report,EDLE_DW_DB.PNC_DATA.DT_POSITION_REPORT,P&C,SILVER,2026-02-13,40588a74,60.0,AMBER,Paul Field,,100,GREEN,Workday,CORE,98,GREEN,0,0,2,2026-02-12 00:00:00,94.33477860955801,GREEN,2026-02-11 19:26:50.223092,168,28.55,99.03711373582522,GREEN,"TWID,POSITION_ID",TWID,0.96,79.16666666666667,AMBER,24,19,60.74766355140187,AMBER,107,65,100.0,GREEN,2,2,6.666666666666667,RED,4,105,100.0,GREEN,5.0,5,82.79,SILVER,2026-05-06 15:37:37.296225,prototype
DS_POSITION_REPORT,Workday Position Report,EDLE_DW_DB.PNC_DATA.DT_POSITION_REPORT,P&C,SILVER,2026-02-14,620dd864,60.0,AMBER,Paul Field,,100,GREEN,Workday,CORE,97,GREEN,0,1,0,2026-02-09 05:00:00,100.0,GREEN,2026-02-14 00:00:00.000000,168,0.0,99.57309482904762,GREEN,"TWID,POSITION_ID",TWID,0.43,91.66666666666667,GREEN,24,22,52.23880597014925,RED,67,35,100.0,GREEN,2,2,23.333333333333332,RED,14,610,87.63042398574088,GREEN,4.38,6,84.86,SILVER,2026-05-06 15:37:37.298053,prototype
DS_POSITION_REPORT,Workday Position Report,EDLE_DW_DB.PNC_DATA.DT_POSITION_REPORT,P&C,SILVER,2026-02-15,21bdd904,60.0,AMBER,Paul Field,,100,GREEN,Workday,CORE,100,GREEN,0,0,0,2026-02-12 15:00:00,100.0,GREEN,2026-02-15 00:00:00.000000,168,0.0,96.91286383047513,GREEN,"TWID,POSITION_ID",TWID,3.09,95.83333333333333,GREEN,24,23,43.75,RED,48,21,100.0,GREEN,2,2,28.333333333333332,RED,17,702,78.29715347129557,AMBER,3.91,11,84.6,SILVER,2026-05-06 15:37:37.299868,prototype
DS_POSITION_REPORT,Workday Position Report,EDLE_DW_DB.PNC_DATA.DT_POSITION_REPORT,P&C,SILVER,2026-02-16,38414538,60.0,AMBER,Paul Field,,100,GREEN,Workday,CORE,100,GREEN,0,0,0,2026-02-10 23:00:00,100.0,GREEN,2026-02-16 00:00:00.000000,168,0.0,97.26107939563447,GREEN,"TWID,POSITION_ID",TWID,2.74,87.5,GREEN,24,21,50.617283950617285,RED,81,41,100.0,GREEN,2,2,15.0,RED,9,425,90.616183628025,GREEN,4.53,12,83.89,SILVER,2026-05-06 15:37:37.301992,prototype
DS_POSITION_REPORT,Workday Position Report,EDLE_DW_DB.PNC_DATA.DT_POSITION_REPORT,P&C,SILVER,2026-02-17,dd3fc45e,60.0,AMBER,Paul Field,,100,GREEN,Workday,CORE,100,GREEN,0,0,0,2026-02-11 20:00:00,95.64524741569534,GREEN,2026-02-16 02:03:07.369110,168,21.95,98.98260417749088,GREEN,"TWID,POSITION_ID",POSITION_ID,1.02,79.16666666666667,AMBER,24,19,53.529411764705884,RED,170,91,100.0,GREEN,2,2,35.0,RED,21,871,79.80334789814796,AMBER,3.99,8,83.52,SILVER,2026-05-06 15:37:37.303854,prototype
DS_POSITION_REPORT,Workday Position Report,EDLE_DW_DB.PNC_DATA.DT_POSITION_REPORT,P&C,SILVER,2026-02-18,d5e5b069,60.0,AMBER,Paul Field,,100,GREEN,Workday,CORE,97,GREEN,0,1,0,2026-02-16 01:00:00,100.0,GREEN,2026-02-18 00:00:00.000000,168,0.0,97.80728816213886,GREEN,"TWID,POSITION_ID",TWID,2.19,95.83333333333333,GREEN,24,23,55.10204081632653,RED,147,81,100.0,GREEN,2,2,28.333333333333332,RED,17,651,92.46651275063199,GREEN,4.62,7,85.84,GOLD,2026-05-06 15:37:37.305618,prototype
DS_POSITION_REPORT,Workday Position Report,EDLE_DW_DB.PNC_DATA.DT_POSITION_REPORT,P&C,SILVER,2026-02-19,e022cf05,60.0,AMBER,Paul Field,,100,GREEN,Workday,CORE,89,GREEN,1,0,1,2026-02-11 03:00:00,97.47069951655457,GREEN,2026-02-18 11:15:08.372028,168,12.75,97.19826171262449,GREEN,"TWID,POSITION_ID",TWID,2.8,95.83333333333333,GREEN,24,23,55.76923076923077,RED,208,116,100.0,GREEN,2,2,28.333333333333332,RED,17,707,100.0,GREEN,5.0,5,84.8,SILVER,2026-05-06 15:37:37.307330,prototype
DS_POSITION_REPORT,Workday Position Report,EDLE_DW_DB.PNC_DATA.DT_POSITION_REPORT,P&C,SILVER,2026-02-20,6269b0f9,60.0,AMBER,Paul Field,,100,GREEN,Workday,CORE,99,GREEN,0,0,1,2026-02-19 21:00:00,95.80644294101843,GREEN,2026-02-19 02:51:52.100722,168,21.14,97.97969309157949,GREEN,"TWID,POSITION_ID",TWID,2.02,70.83333333333333,AMBER,24,17,54.255319148936174,RED,94,51,100.0,GREEN,2,2,15.0,RED,9,382,89.74459481071656,GREEN,4.49,6,81.54,SILVER,2026-05-06 15:37:37.309301,prototype
DS_POSITION_REPORT,Workday Position Report,EDLE_DW_DB.PNC_DATA.DT_POSITION_REPORT,P&C,SILVER,2026-02-21,1244c781,60.0,AMBER,Paul Field,,100,GREEN,Workday,CORE,96,GREEN,0,1,1,2026-02-13 11:00:00,99.0223622094524,GREEN,2026-02-20 19:04:21.739928,168,4.93,97.51929490696703,GREEN,"TWID,POSITION_ID",TWID,2.48,83.33333333333333,GREEN,24,20,43.47826086956522,RED,46,20,100.0,GREEN,2,2,0.0,RED,0,0,92.70880316188266,GREEN,4.64,7,81.42,SILVER,2026-05-06 15:37:37.311082,prototype
DS_POSITION_REPORT,Workday Position Report,EDLE_DW_DB.PNC_DATA.DT_POSITION_REPORT,P&C,SILVER,2026-02-22,7ca70233,60.0,AMBER,Paul Field,,100,GREEN,Workday,CORE,99,GREEN,0,0,1,2026-02-15 06:00:00,100.0,GREEN,2026-02-22 00:00:00.000000,168,0.0,97.33671952746712,GREEN,"TWID,POSITION_ID",POSITION_ID,2.66,100.0,GREEN,24,24,52.325581395348834,RED,172,90,100.0,GREEN,2,2,23.333333333333332,RED,14,507,89.57313497260294,GREEN,4.48,9,85.88,GOLD,2026-05-06 15:37:37.312773,prototype
DS_POSITION_REPORT,Workday Position Report,EDLE_DW_DB.PNC_DATA.DT_POSITION_REPORT,P&C,SILVER,2026-02-23,832e76ff,60.0,AMBER,Paul Field,,100,GREEN,Workday,CORE,96,GREEN,0,1,1,2026-02-20 20:00:00,94.74551526763968,GREEN,2026-02-21 21:31:02.629016,168,26.48,98.30973982337362,GREEN,"TWID,POSITION_ID",TWID,1.69,91.66666666666667,GREEN,24,22,58.333333333333336,RED,156,91,100.0,GREEN,2,2,40.0,RED,24,963,87.58750094549085,GREEN,4.38,9,85.32,GOLD,2026-05-06 15:37:37.314422,prototype
DS_POSITION_REPORT,Workday Position Report,EDLE_DW_DB.PNC_DATA.DT_POSITION_REPORT,P&C,SILVER,2026-02-24,58c37d2e,60.0,AMBER,Paul Field,,100,GREEN,Workday,CORE,100,GREEN,0,0,0,2026-02-23 05:00:00,97.54275365013447,GREEN,2026-02-23 11:36:55.722228,168,12.38,99.78979677106278,GREEN,"TWID,POSITION_ID",POSITION_ID,0.21,91.66666666666667,GREEN,24,22,55.94405594405595,RED,143,80,100.0,GREEN,2,2,15.0,RED,9,413,77.74877057079118,AMBER,3.89,12,84.31,SILVER,2026-05-06 15:37:37.316028,prototype
DS_POSITION_REPORT,Workday Position Report,EDLE_DW_DB.PNC_DATA.DT_POSITION_REPORT,P&C,SILVER,2026-02-25,6e9f48aa,60.0,AMBER,Paul Field,,100,GREEN,Workday,CORE,97,GREEN,0,1,0,2026-02-20 07:00:00,99.62818107845575,GREEN,2026-02-24 22:07:33.717488,168,1.87,97.28846828505033,GREEN,"TWID,POSITION_ID",TWID,2.71,87.5,GREEN,24,21,49.0,RED,100,49,100.0,GREEN,2,2,5.0,RED,3,188,93.79972999969601,GREEN,4.69,11,82.88,SILVER,2026-05-06 15:37:37.317602,prototype
DS_POSITION_REPORT,Workday Position Report,EDLE_DW_DB.PNC_DATA.DT_POSITION_REPORT,P&C,SILVER,2026-02-26,36c8bbbd,60.0,AMBER,Paul Field,,100,GREEN,Workday,CORE,100,GREEN,0,0,0,2026-02-20 02:00:00,95.41038643542234,GREEN,2026-02-25 00:52:06.051484,168,23.13,95.78398878282651,GREEN,"TWID,POSITION_ID",TWID,4.22,83.33333333333333,GREEN,24,20,59.42028985507246,RED,69,41,100.0,GREEN,2,2,16.666666666666668,RED,10,470,82.62716501716051,GREEN,4.13,6,83.03,SILVER,2026-05-06 15:37:37.319179,prototype
DS_POSITION_REPORT,Workday Position Report,EDLE_DW_DB.PNC_DATA.DT_POSITION_REPORT,P&C,SILVER,2026-02-27,8ea7eacc,60.0,AMBER,Paul Field,,100,GREEN,Workday,CORE,100,GREEN,0,0,0,2026-02-25 09:00:00,95.03253608659168,GREEN,2026-02-25 22:57:50.334755,168,25.04,100.0,GREEN,"TWID,POSITION_ID",TWID,0.0,79.16666666666667,AMBER,24,19,52.34375,RED,128,67,100.0,GREEN,2,2,21.666666666666668,RED,13,511,85.23356734210444,GREEN,4.26,11,82.9,SILVER,2026-05-06 15:37:37.320746,prototype
DS_POSITION_REPORT,Workday Position Report,EDLE_DW_DB.PNC_DATA.DT_POSITION_REPORT,P&C,SILVER,2026-02-28,882d5e97,60.0,AMBER,Paul Field,,100,GREEN,Workday,CORE,100,GREEN,0,0,0,2026-02-20 23:00:00,100.0,GREEN,2026-02-28 00:00:00.000000,168,0.0,98.7746402997746,GREEN,"TWID,POSITION_ID",POSITION_ID,1.23,91.66666666666667,GREEN,24,22,52.592592592592595,RED,135,71,100.0,GREEN,2,2,28.333333333333332,RED,17,716,86.49573576770395,GREEN,4.32,5,85.4,GOLD,2026-05-06 15:37:37.322286,prototype
DS_POSITION_REPORT,Workday Position Report,EDLE_DW_DB.PNC_DATA.DT_POSITION_REPORT,P&C,SILVER,2026-03-01,849f6159,60.0,AMBER,Paul Field,,100,GREEN,Workday,CORE,98,GREEN,0,0,2,2026-02-20 20:00:00,96.97816535613724,GREEN,2026-02-28 08:46:11.832222,168,15.23,100.0,GREEN,"TWID,POSITION_ID",TWID,0.0,83.33333333333333,GREEN,24,20,53.10734463276836,RED,177,94,100.0,GREEN,2,2,26.666666666666668,RED,16,739,76.24231380200756,AMBER,3.81,9,83.44,SILVER,2026-05-06 15:37:37.323827,prototype
DS_POSITION_REPORT,Workday Position Report,EDLE_DW_DB.PNC_DATA.DT_POSITION_REPORT,P&C,SILVER,2026-03-02,99384c81,60.0,AMBER,Paul Field,,100,GREEN,Workday,CORE,99,GREEN,0,0,1,2026-02-27 07:00:00,97.07495903285057,GREEN,2026-03-01 09:15:28.056692,168,14.74,96.72690179162949,GREEN,"TWID,POSITION_ID",POSITION_ID,3.27,87.5,GREEN,24,21,53.7037037037037,RED,216,116,100.0,GREEN,2,2,25.0,RED,15,638,90.68797981353751,GREEN,4.53,9,84.14,SILVER,2026-05-06 15:37:37.325357,prototype
DS_POSITION_REPORT,Workday Position Report,EDLE_DW_DB.PNC_DATA.DT_POSITION_REPORT,P&C,SILVER,2026-03-03,d6f804f0,60.0,AMBER,Paul Field,,100,GREEN,Workday,CORE,99,GREEN,0,0,1,2026-02-23 02:00:00,100.0,GREEN,2026-03-03 00:00:00.000000,168,0.0,98.15223558869116,GREEN,"TWID,POSITION_ID",TWID,1.85,87.5,GREEN,24,21,57.57575757575758,RED,132,76,100.0,GREEN,2,2,8.333333333333334,RED,5,79,99.26552866205921,GREEN,4.96,7,84.4,SILVER,2026-05-06 15:37:37.326886,prototype
DS_POSITION_REPORT,Workday Position Report,EDLE_DW_DB.PNC_DATA.DT_POSITION_REPORT,P&C,SILVER,2026-03-04,441cfdf9,60.0,AMBER,Paul Field,,100,GREEN,Workday,CORE,96,GREEN,0,1,1,2026-02-25 13:00:00,99.00462855613709,GREEN,2026-03-03 18:58:59.980523,168,5.02,97.88825717093009,GREEN,"TWID,POSITION_ID",TWID,2.11,91.66666666666667,GREEN,24,22,53.097345132743364,RED,113,60,100.0,GREEN,2,2,38.333333333333336,RED,23,911,99.81818370842504,GREEN,4.99,2,85.83,GOLD,2026-05-06 15:37:37.328371,prototype
DS_POSITION_REPORT,Workday Position Report,EDLE_DW_DB.PNC_DATA.DT_POSITION_REPORT,P&C,SILVER,2026-03-05,c72532fa,60.0,AMBER,Paul Field,,100,GREEN,Workday,CORE,100,GREEN,0,0,0,2026-03-01 06:00:00,100.0,GREEN,2026-03-05 00:00:00.000000,168,0.0,99.23830931135836,GREEN,"TWID,POSITION_ID",TWID,0.76,87.5,GREEN,24,21,54.78260869565217,RED,115,63,100.0,GREEN,2,2,1.6666666666666667,RED,1,0,90.66926931781809,GREEN,4.53,9,83.7,SILVER,2026-05-06 15:37:37.329833,prototype
DS_POSITION_REPORT,Workday Position Report,EDLE_DW_DB.PNC_DATA.DT_POSITION_REPORT,P&C,SILVER,2026-03-06,ab6aac21,60.0,AMBER,Paul Field,,100,GREEN,Workday,CORE,97,GREEN,0,1,0,2026-02-26 20:00:00,94.09912860400628,GREEN,2026-03-04 18:15:34.589391,168,29.74,99.83374212542209,GREEN,"TWID,POSITION_ID",POSITION_ID,0.17,83.33333333333333,GREEN,24,20,56.8,RED,125,71,100.0,GREEN,2,2,33.333333333333336,RED,20,777,82.4535188957919,GREEN,4.12,5,83.83,SILVER,2026-05-06 15:37:37.331308,prototype
DS_POSITION_REPORT,Workday Position Report,EDLE_DW_DB.PNC_DATA.DT_POSITION_REPORT,P&C,SILVER,2026-03-07,a5342516,60.0,AMBER,Paul Field,,100,GREEN,Workday,CORE,100,GREEN,0,0,0,2026-03-04 19:00:00,95.49624955491926,GREEN,2026-03-06 01:18:03.951924,168,22.7,100.0,GREEN,"TWID,POSITION_ID",TWID,0.0,91.66666666666667,GREEN,24,22,56.81818181818182,RED,132,75,100.0,GREEN,2,2,10.0,RED,6,194,92.56311773928215,GREEN,4.63,2,84.42,SILVER,2026-05-06 15:37:37.332877,prototype
DS_POSITION_REPORT,Workday Position Report,EDLE_DW_DB.PNC_DATA.DT_POSITION_REPORT,P&C,SILVER,2026-03-08,70ad4ff0,60.0,AMBER,Paul Field,,100,GREEN,Workday,CORE,96,GREEN,0,1,1,2026-03-07 18:00:00,95.61867152994364,GREEN,2026-03-07 01:55:05.176239,168,22.08,99.44460575295146,GREEN,"TWID,POSITION_ID",TWID,0.56,83.33333333333333,GREEN,24,20,57.57575757575758,RED,99,57,100.0,GREEN,2,2,0.0,RED,0,0,77.5877124188999,AMBER,3.88,6,81.74,SILVER,2026-05-06 15:37:37.334411,prototype
DS_POSITION_REPORT,Workday Position Report,EDLE_DW_DB.PNC_DATA.DT_POSITION_REPORT,P&C,SILVER,2026-03-09,09eed335,60.0,AMBER,Paul Field,,100,GREEN,Workday,CORE,99,GREEN,0,0,1,2026-03-01 06:00:00,95.88122621129922,GREEN,2026-03-08 03:14:28.968378,168,20.76,100.0,GREEN,"TWID,POSITION_ID",TWID,0.0,95.83333333333333,GREEN,24,23,58.9041095890411,RED,73,43,100.0,GREEN,2,2,8.333333333333334,RED,5,107,87.36328773073151,GREEN,4.37,13,84.71,SILVER,2026-05-06 15:37:37.335858,prototype
DS_POSITION_REPORT,Workday Position Report,EDLE_DW_DB.PNC_DATA.DT_POSITION_REPORT,P&C,SILVER,2026-03-10,3a705ea1,60.0,AMBER,Paul Field,,100,GREEN,Workday,CORE,100,GREEN,0,0,0,2026-03-04 17:00:00,95.80990544468676,GREEN,2026-03-09 02:52:54.924388,168,21.12,98.07817301755226,GREEN,"TWID,POSITION_ID",TWID,1.92,87.5,GREEN,24,21,52.577319587628864,RED,97,51,100.0,GREEN,2,2,6.666666666666667,RED,4,244,98.87098606131154,GREEN,4.94,7,83.41,SILVER,2026-05-06 15:37:37.337268,prototype
DS_POSITION_REPORT,Workday Position Report,EDLE_DW_DB.PNC_DATA.DT_POSITION_REPORT,P&C,SILVER,2026-03-11,b59846f5,60.0,AMBER,Paul Field,,100,GREEN,Workday,CORE,88,GREEN,1,0,2,2026-03-06 06:00:00,97.36039170734693,GREEN,2026-03-10 10:41:46.947138,168,13.3,98.91048775020765,GREEN,"TWID,POSITION_ID",TWID,1.09,83.33333333333333,GREEN,24,20,53.73134328358209,RED,201,108,100.0,GREEN,2,2,6.666666666666667,RED,4,185,87.14875640193213,GREEN,4.36,6,81.42,SILVER,2026-05-06 15:37:37.338679,prototype
DS_POSITION_REPORT,Workday Position Report,EDLE_DW_DB.PNC_DATA.DT_POSITION_REPORT,P&C,SILVER,2026-03-12,e595b2ca,60.0,AMBER,Paul Field,,100,GREEN,Workday,CORE,99,GREEN,0,0,1,2026-03-05 16:00:00,98.51668391962801,GREEN,2026-03-11 16:31:26.713038,168,7.48,99.48376623273626,GREEN,"TWID,POSITION_ID",POSITION_ID,0.52,87.5,GREEN,24,21,54.225352112676056,RED,142,77,100.0,GREEN,2,2,13.333333333333334,RED,8,332,81.35055022357295,GREEN,4.07,7,83.69,SILVER,2026-05-06 15:37:37.340070,prototype
DS_POSITION_REPORT,Workday Position Report,EDLE_DW_DB.PNC_DATA.DT_POSITION_REPORT,P&C,SILVER,2026-03-13,48cb4e65,60.0,AMBER,Paul Field,,100,GREEN,Workday,CORE,97,GREEN,0,1,0,2026-03-05 16:00:00,98.14511388208597,GREEN,2026-03-12 14:39:04.946277,168,9.35,98.88345366633952,GREEN,"TWID,POSITION_ID",TWID,1.12,95.83333333333333,GREEN,24,23,50.0,RED,172,86,100.0,GREEN,2,2,23.333333333333332,RED,14,638,76.75890677048595,AMBER,3.84,6,84.39,SILVER,2026-05-06 15:37:37.341468,prototype
DS_POSITION_REPORT,Workday Position Report,EDLE_DW_DB.PNC_DATA.DT_POSITION_REPORT,P&C,SILVER,2026-03-14,2db1d110,60.0,AMBER,Paul Field,,100,GREEN,Workday,CORE,87,GREEN,1,1,0,2026-03-08 19:00:00,87.70946287778784,GREEN,2026-03-11 10:03:20.494455,168,61.94,97.28081393571819,GREEN,"TWID,POSITION_ID",TWID,2.72,95.83333333333333,GREEN,24,23,53.608247422680414,RED,97,52,100.0,GREEN,2,2,15.0,RED,9,405,86.18222504380032,GREEN,4.31,7,81.67,SILVER,2026-05-06 15:37:37.342840,prototype
DS_POSITION_REPORT,Workday Position Report,EDLE_DW_DB.PNC_DATA.DT_POSITION_REPORT,P&C,SILVER,2026-03-15,22df4863,60.0,AMBER,Paul Field,,100,GREEN,Workday,CORE,97,GREEN,0,1,0,2026-03-06 21:00:00,99.75648680138863,GREEN,2026-03-14 22:46:21.696524,168,1.23,99.13317912396674,GREEN,"TWID,POSITION_ID",POSITION_ID,0.87,91.66666666666667,GREEN,24,22,50.68493150684932,RED,73,37,100.0,GREEN,2,2,26.666666666666668,RED,16,643,71.02444830665698,AMBER,3.55,9,84.18,SILVER,2026-05-06 15:37:37.344241,prototype
DS_POSITION_REPORT,Workday Position Report,EDLE_DW_DB.PNC_DATA.DT_POSITION_REPORT,P&C,SILVER,2026-03-16,81e5b1d9,60.0,AMBER,Paul Field,,100,GREEN,Workday,CORE,99,GREEN,0,0,1,2026-03-09 05:00:00,100.0,GREEN,2026-03-16 00:00:00.000000,168,0.0,99.27857445373648,GREEN,"TWID,POSITION_ID",POSITION_ID,0.72,83.33333333333333,GREEN,24,20,54.166666666666664,RED,192,104,100.0,GREEN,2,2,30.0,RED,18,686,76.94864512110377,AMBER,3.85,9,84.19,SILVER,2026-05-06 15:37:37.345610,prototype
DS_POSITION_REPORT,Workday Position Report,EDLE_DW_DB.PNC_DATA.DT_POSITION_REPORT,P&C,SILVER,2026-03-17,e5c39a65,60.0,AMBER,Paul Field,,100,GREEN,Workday,CORE,96,GREEN,0,1,1,2026-03-15 11:00:00,94.03723874538889,GREEN,2026-03-15 17:56:51.659796,168,30.05,95.52455002419956,GREEN,"TWID,POSITION_ID",POSITION_ID,4.48,83.33333333333333,GREEN,24,20,59.523809523809526,RED,84,50,100.0,GREEN,2,2,0.0,RED,0,0,76.65257209871714,AMBER,3.83,10,81.09,SILVER,2026-05-06 15:37:37.346961,prototype
DS_POSITION_REPORT,Workday Position Report,EDLE_DW_DB.PNC_DATA.DT_POSITION_REPORT,P&C,SILVER,2026-03-18,f6153696,60.0,AMBER,Paul Field,,100,GREEN,Workday,CORE,90,GREEN,1,0,0,2026-03-16 15:00:00,95.36492682627761,GREEN,2026-03-17 00:38:21.232336,168,23.36,97.36759774869942,GREEN,"TWID,POSITION_ID",TWID,2.63,95.83333333333333,GREEN,24,23,56.470588235294116,RED,85,48,100.0,GREEN,2,2,31.666666666666668,RED,19,774,83.5525535775667,GREEN,4.18,8,84.24,SILVER,2026-05-06 15:37:37.348311,prototype
DS_POSITION_REPORT,Workday Position Report,EDLE_DW_DB.PNC_DATA.DT_POSITION_REPORT,P&C,SILVER,2026-03-19,2c758e89,60.0,AMBER,Paul Field,,100,GREEN,Workday,CORE,95,GREEN,0,1,2,2026-03-17 06:00:00,100.0,GREEN,2026-03-19 00:00:00.000000,168,0.0,98.46677397891156,GREEN,"TWID,POSITION_ID",POSITION_ID,1.53,75.0,AMBER,24,18,54.36893203883495,RED,206,112,100.0,GREEN,2,2,11.666666666666666,RED,7,326,83.85910501960757,GREEN,4.19,11,81.79,SILVER,2026-05-06 15:37:37.349682,prototype
DS_POSITION_REPORT,Workday Position Report,EDLE_DW_DB.PNC_DATA.DT_POSITION_REPORT,P&C,SILVER,2026-03-20,313fc89d,60.0,AMBER,Paul Field,,100,GREEN,Workday,CORE,92,GREEN,0,2,2,2026-03-17 16:00:00,97.77602734892606,GREEN,2026-03-19 12:47:28.240219,168,11.21,96.3192656715753,GREEN,"TWID,POSITION_ID",POSITION_ID,3.68,87.5,GREEN,24,21,57.3394495412844,RED,218,125,100.0,GREEN,2,2,31.666666666666668,RED,19,754,85.06326886586973,GREEN,4.25,9,83.8,SILVER,2026-05-06 15:37:37.351192,prototype
DS_POSITION_REPORT,Workday Position Report,EDLE_DW_DB.PNC_DATA.DT_POSITION_REPORT,P&C,SILVER,2026-03-21,ce22ef34,60.0,AMBER,Paul Field,,100,GREEN,Workday,CORE,97,GREEN,0,1,0,2026-03-13 15:00:00,92.67210567754579,GREEN,2026-03-19 11:04:02.685413,168,36.93,99.4893624764138,GREEN,"TWID,POSITION_ID",TWID,0.51,75.0,AMBER,24,18,51.02040816326531,RED,98,50,100.0,GREEN,2,2,20.0,RED,12,466,81.2568362144751,GREEN,4.06,12,81.27,SILVER,2026-05-06 15:37:37.352599,prototype
DS_POSITION_REPORT,Workday Position Report,EDLE_DW_DB.PNC_DATA.DT_POSITION_REPORT,P&C,SILVER,2026-03-22,5d3fd87f,60.0,AMBER,Paul Field,,100,GREEN,Workday,CORE,100,GREEN,0,0,0,2026-03-16 04:00:00,94.884513780876,GREEN,2026-03-20 22:13:04.618040,168,25.78,97.29162362396212,GREEN,"TWID,POSITION_ID",POSITION_ID,2.71,91.66666666666667,GREEN,24,22,53.2994923857868,RED,197,105,100.0,GREEN,2,2,28.333333333333332,RED,17,714,86.42733070876983,GREEN,4.32,13,84.53,SILVER,2026-05-06 15:37:37.353977,prototype
DS_POSITION_REPORT,Workday Position Report,EDLE_DW_DB.PNC_DATA.DT_POSITION_REPORT,P&C,SILVER,2026-03-23,64e50204,60.0,AMBER,Paul Field,,100,GREEN,Workday,CORE,97,GREEN,0,1,0,2026-03-17 13:00:00,92.55151889723005,GREEN,2026-03-21 10:27:34.758871,168,37.54,97.9158841754991,GREEN,"TWID,POSITION_ID",POSITION_ID,2.08,70.83333333333333,AMBER,24,17,55.376344086021504,RED,186,103,100.0,GREEN,2,2,33.333333333333336,RED,20,796,79.60643634115483,AMBER,3.98,7,81.62,SILVER,2026-05-06 15:37:37.355346,prototype
DS_POSITION_REPORT,Workday Position Report,EDLE_DW_DB.PNC_DATA.DT_POSITION_REPORT,P&C,SILVER,2026-03-24,3a809a59,60.0,AMBER,Paul Field,,100,GREEN,Workday,CORE,89,GREEN,1,0,1,2026-03-20 01:00:00,98.40842804191676,GREEN,2026-03-23 15:58:42.518393,168,8.02,100.0,GREEN,"TWID,POSITION_ID",TWID,0.0,83.33333333333333,GREEN,24,20,54.2713567839196,RED,199,108,100.0,GREEN,2,2,13.333333333333334,RED,8,320,89.27302002131191,GREEN,4.46,10,82.37,SILVER,2026-05-06 15:37:37.356742,prototype
DS_POSITION_REPORT,Workday Position Report,EDLE_DW_DB.PNC_DATA.DT_POSITION_REPORT,P&C,SILVER,2026-03-25,5ba88a38,60.0,AMBER,Paul Field,,100,GREEN,Workday,CORE,97,GREEN,0,0,3,2026-03-21 17:00:00,92.77300354863644,GREEN,2026-03-23 11:34:33.376386,168,36.42,99.18194747592817,GREEN,"TWID,POSITION_ID",TWID,0.82,83.33333333333333,GREEN,24,20,54.63917525773196,RED,97,53,100.0,GREEN,2,2,20.0,RED,12,536,81.66423143418677,GREEN,4.08,3,82.55,SILVER,2026-05-06 15:37:37.358244,prototype
DS_POSITION_REPORT,Workday Position Report,EDLE_DW_DB.PNC_DATA.DT_POSITION_REPORT,P&C,SILVER,2026-03-26,bccf77cf,60.0,AMBER,Paul Field,,100,GREEN,Workday,CORE,95,GREEN,0,1,2,2026-03-25 18:00:00,100.0,GREEN,2026-03-26 00:00:00.000000,168,0.0,99.09093642367881,GREEN,"TWID,POSITION_ID",POSITION_ID,0.91,79.16666666666667,AMBER,24,19,60.60606060606061,AMBER,66,40,100.0,GREEN,2,2,18.333333333333332,RED,11,504,84.75279537146734,GREEN,4.24,8,83.31,SILVER,2026-05-06 15:37:37.359626,prototype
DS_POSITION_REPORT,Workday Position Report,EDLE_DW_DB.PNC_DATA.DT_POSITION_REPORT,P&C,SILVER,2026-03-27,4339828c,60.0,AMBER,Paul Field,,100,GREEN,Workday,CORE,100,GREEN,0,0,0,2026-03-26 15:00:00,96.77919517415532,GREEN,2026-03-26 07:46:01.717240,168,16.23,96.51031762206263,GREEN,"TWID,POSITION_ID",TWID,3.49,79.16666666666667,AMBER,24,19,55.851063829787236,RED,188,105,100.0,GREEN,2,2,20.0,RED,12,480,95.52615964566188,GREEN,4.78,10,83.25,SILVER,2026-05-06 15:37:37.361141,prototype
DS_POSITION_REPORT,Workday Position Report,EDLE_DW_DB.PNC_DATA.DT_POSITION_REPORT,P&C,SILVER,2026-03-28,ff9e1ad2,60.0,AMBER,Paul Field,,100,GREEN,Workday,CORE,97,GREEN,0,1,0,2026-03-25 14:00:00,97.17147076850009,GREEN,2026-03-27 09:44:39.165624,168,14.26,99.65713031439655,GREEN,"TWID,POSITION_ID",POSITION_ID,0.34,79.16666666666667,AMBER,24,19,55.65217391304348,RED,115,64,100.0,GREEN,2,2,23.333333333333332,RED,14,493,89.37021143218864,GREEN,4.47,2,83.32,SILVER,2026-05-06 15:37:37.362624,prototype
DS_POSITION_REPORT,Workday Position Report,EDLE_DW_DB.PNC_DATA.DT_POSITION_REPORT,P&C,SILVER,2026-03-29,0eef42ab,60.0,AMBER,Paul Field,,100,GREEN,Workday,CORE,92,GREEN,0,2,2,2026-03-22 00:00:00,94.0791018205152,GREEN,2026-03-27 18:09:31.223431,168,29.84,94.02673551501695,GREEN,"TWID,POSITION_ID",POSITION_ID,5.97,70.83333333333333,AMBER,24,17,53.36538461538461,RED,208,111,100.0,GREEN,2,2,33.333333333333336,RED,20,747,71.21048979999863,AMBER,3.56,6,80.19,SILVER,2026-05-06 15:37:37.364074,prototype
DS_POSITION_REPORT,Workday Position Report,EDLE_DW_DB.PNC_DATA.DT_POSITION_REPORT,P&C,SILVER,2026-03-30,2829741e,60.0,AMBER,Paul Field,,100,GREEN,Workday,CORE,99,GREEN,0,0,1,2026-03-23 08:00:00,99.26541574080699,GREEN,2026-03-29 20:17:51.703201,168,3.7,100.0,GREEN,"TWID,POSITION_ID",TWID,0.0,66.66666666666667,AMBER,24,16,51.256281407035175,RED,199,102,100.0,GREEN,2,2,6.666666666666667,RED,4,226,82.1730765853391,GREEN,4.11,9,80.76,SILVER,2026-05-06 15:37:37.365540,prototype
DS_POSITION_REPORT,Workday Position Report,EDLE_DW_DB.PNC_DATA.DT_POSITION_REPORT,P&C,SILVER,2026-03-31,34b6596d,60.0,AMBER,Paul Field,,100,GREEN,Workday,CORE,89,GREEN,1,0,1,2026-03-24 07:00:00,100.0,GREEN,2026-03-31 00:00:00.000000,168,0.0,97.34771939539957,GREEN,"TWID,POSITION_ID",POSITION_ID,2.65,87.5,GREEN,24,21,58.55855855855856,RED,111,65,100.0,GREEN,2,2,31.666666666666668,RED,19,709,97.42386354701033,GREEN,4.87,12,84.49,SILVER,2026-05-06 15:37:37.366906,prototype
DS_POSITION_REPORT,Workday Position Report,EDLE_DW_DB.PNC_DATA.DT_POSITION_REPORT,P&C,SILVER,2026-04-01,77eb59c1,60.0,AMBER,Paul Field,,100,GREEN,Workday,CORE,100,GREEN,0,0,0,2026-03-29 11:00:00,95.01998805099873,GREEN,2026-03-30 22:54:02.663197,168,25.1,97.41910947605975,GREEN,"TWID,POSITION_ID",POSITION_ID,2.58,83.33333333333333,GREEN,24,20,53.6231884057971,RED,69,37,100.0,GREEN,2,2,18.333333333333332,RED,11,398,91.33931425884688,GREEN,4.57,7,83.18,SILVER,2026-05-06 15:37:37.368366,prototype
DS_POSITION_REPORT,Workday Position Report,EDLE_DW_DB.PNC_DATA.DT_POSITION_REPORT,P&C,SILVER,2026-04-02,dfd641a6,60.0,AMBER,Paul Field,,100,GREEN,Workday,CORE,97,GREEN,0,1,0,2026-03-30 05:00:00,100.0,GREEN,2026-04-02 00:00:00.000000,168,0.0,96.27691350553418,GREEN,"TWID,POSITION_ID",POSITION_ID,3.72,75.0,AMBER,24,18,54.91329479768786,RED,173,95,100.0,GREEN,2,2,6.666666666666667,RED,4,158,97.50243854710564,GREEN,4.88,12,82.01,SILVER,2026-05-06 15:37:37.369820,prototype
DS_POSITION_REPORT,Workday Position Report,EDLE_DW_DB.PNC_DATA.DT_POSITION_REPORT,P&C,SILVER,2026-04-03,af65490d,60.0,AMBER,Paul Field,,100,GREEN,Workday,CORE,95,GREEN,0,1,2,2026-03-26 10:00:00,100.0,GREEN,2026-04-03 00:00:00.000000,168,0.0,99.32794699739816,GREEN,"TWID,POSITION_ID",TWID,0.67,87.5,GREEN,24,21,52.58620689655172,RED,116,61,100.0,GREEN,2,2,23.333333333333332,RED,14,588,99.22140740988468,GREEN,4.96,6,84.58,SILVER,2026-05-06 15:37:37.371275,prototype
DS_POSITION_REPORT,Workday Position Report,EDLE_DW_DB.PNC_DATA.DT_POSITION_REPORT,P&C,SILVER,2026-04-04,66306431,60.0,AMBER,Paul Field,,100,GREEN,Workday,CORE,99,GREEN,0,0,1,2026-03-27 06:00:00,97.16388192487202,GREEN,2026-04-03 09:42:21.473645,168,14.29,96.56665276030492,GREEN,"TWID,POSITION_ID",TWID,3.43,70.83333333333333,AMBER,24,17,57.69230769230769,RED,78,45,100.0,GREEN,2,2,21.666666666666668,RED,13,540,97.07880072604209,GREEN,4.85,6,82.5,SILVER,2026-05-06 15:37:37.372731,prototype
DS_POSITION_REPORT,Workday Position Report,EDLE_DW_DB.PNC_DATA.DT_POSITION_REPORT,P&C,SILVER,2026-04-05,835fef5b,60.0,AMBER,Paul Field,,100,GREEN,Workday,CORE,93,GREEN,0,2,1,2026-03-31 16:00:00,98.23395233425481,GREEN,2026-04-04 15:05:56.831153,168,8.9,97.31006276408823,GREEN,"TWID,POSITION_ID",TWID,2.69,83.33333333333333,GREEN,24,20,57.42574257425743,RED,202,116,100.0,GREEN,2,2,23.333333333333332,RED,14,541,79.68159178824295,AMBER,3.98,7,82.92,SILVER,2026-05-06 15:37:37.374177,prototype
DS_POSITION_REPORT,Workday Position Report,EDLE_DW_DB.PNC_DATA.DT_POSITION_REPORT,P&C,SILVER,2026-04-06,8f3121c7,60.0,AMBER,Paul Field,,100,GREEN,Workday,CORE,77,AMBER,1,4,1,2026-03-29 08:00:00,95.16711548532588,GREEN,2026-04-04 23:38:32.143366,168,24.36,97.62995700514708,GREEN,"TWID,POSITION_ID",POSITION_ID,2.37,87.5,GREEN,24,21,56.830601092896174,RED,183,104,100.0,GREEN,2,2,0.0,RED,0,0,81.53247113501571,GREEN,4.08,6,79.74,SILVER,2026-05-06 15:37:37.375613,prototype
DS_POSITION_REPORT,Workday Position Report,EDLE_DW_DB.PNC_DATA.DT_POSITION_REPORT,P&C,SILVER,2026-04-07,cc045be0,60.0,AMBER,Paul Field,,100,GREEN,Workday,CORE,100,GREEN,0,0,0,2026-03-30 20:00:00,91.31668230503355,GREEN,2026-04-05 04:14:09.883743,168,43.76,97.3093396131969,GREEN,"TWID,POSITION_ID",TWID,2.69,87.5,GREEN,24,21,49.35064935064935,RED,77,38,100.0,GREEN,2,2,31.666666666666668,RED,19,743,82.4260219028521,GREEN,4.12,8,83.25,SILVER,2026-05-06 15:37:37.377019,prototype
DS_POSITION_REPORT,Workday Position Report,EDLE_DW_DB.PNC_DATA.DT_POSITION_REPORT,P&C,SILVER,2026-04-08,02dcba7e,60.0,AMBER,Paul Field,,100,GREEN,Workday,CORE,97,GREEN,0,1,0,2026-04-04 02:00:00,94.78049892284729,GREEN,2026-04-06 21:41:37.372456,168,26.31,96.91700190595319,GREEN,"TWID,POSITION_ID",TWID,3.08,83.33333333333333,GREEN,24,20,53.75,RED,80,43,100.0,GREEN,2,2,23.333333333333332,RED,14,630,86.88763342128739,GREEN,4.34,7,82.85,SILVER,2026-05-06 15:37:37.378521,prototype
DS_POSITION_REPORT,Workday Position Report,EDLE_DW_DB.PNC_DATA.DT_POSITION_REPORT,P&C,SILVER,2026-04-09,3be89b43,60.0,AMBER,Paul Field,,100,GREEN,Workday,CORE,95,GREEN,0,1,2,2026-04-04 17:00:00,98.84622580990862,GREEN,2026-04-08 18:11:05.921095,168,5.82,97.25730013050523,GREEN,"TWID,POSITION_ID",TWID,2.74,87.5,GREEN,24,21,53.96825396825397,RED,126,68,100.0,GREEN,2,2,21.666666666666668,RED,13,636,94.04545474799087,GREEN,4.7,12,83.93,SILVER,2026-05-06 15:37:37.379989,prototype
DS_POSITION_REPORT,Workday Position Report,EDLE_DW_DB.PNC_DATA.DT_POSITION_REPORT,P&C,SILVER,2026-04-10,1c53ec32,60.0,AMBER,Paul Field,,100,GREEN,Workday,CORE,88,GREEN,1,0,2,2026-04-05 22:00:00,100.0,GREEN,2026-04-10 00:00:00.000000,168,0.0,98.01289094478787,GREEN,"TWID,POSITION_ID",POSITION_ID,1.99,87.5,GREEN,24,21,54.91803278688525,RED,122,67,100.0,GREEN,2,2,0.0,RED,0,0,81.62505468166731,GREEN,4.08,7,81.64,SILVER,2026-05-06 15:37:37.381440,prototype
DS_POSITION_REPORT,Workday Position Report,EDLE_DW_DB.PNC_DATA.DT_POSITION_REPORT,P&C,SILVER,2026-04-11,879810ff,60.0,AMBER,Paul Field,,100,GREEN,Workday,CORE,99,GREEN,0,0,1,2026-04-04 08:00:00,96.17009426731686,GREEN,2026-04-10 04:41:50.190386,168,19.3,98.10490903761405,GREEN,"TWID,POSITION_ID",POSITION_ID,1.9,75.0,AMBER,24,18,50.0,RED,66,33,100.0,GREEN,2,2,15.0,RED,9,304,84.82053366059704,GREEN,4.24,9,81.57,SILVER,2026-05-06 15:37:37.382937,prototype
DS_POSITION_REPORT,Workday Position Report,EDLE_DW_DB.PNC_DATA.DT_POSITION_REPORT,P&C,SILVER,2026-04-12,f4b4b74f,60.0,AMBER,Paul Field,,100,GREEN,Workday,CORE,100,GREEN,0,0,0,2026-04-08 23:00:00,94.94505188206995,GREEN,2026-04-10 22:31:23.021348,168,25.48,96.27207740189768,GREEN,"TWID,POSITION_ID",TWID,3.73,66.66666666666667,AMBER,24,16,55.55555555555556,RED,63,35,100.0,GREEN,2,2,11.666666666666666,RED,7,345,79.73175643502366,AMBER,3.99,8,80.3,SILVER,2026-05-06 15:37:37.384429,prototype
DS_POSITION_REPORT,Workday Position Report,EDLE_DW_DB.PNC_DATA.DT_POSITION_REPORT,P&C,SILVER,2026-04-13,152a436b,60.0,AMBER,Paul Field,,100,GREEN,Workday,CORE,96,GREEN,0,1,1,2026-04-07 16:00:00,90.14143978448065,GREEN,2026-04-10 22:18:46.283450,168,49.69,96.60392878865697,GREEN,"TWID,POSITION_ID",POSITION_ID,3.4,66.66666666666667,AMBER,24,16,53.1578947368421,RED,190,101,100.0,GREEN,2,2,35.0,RED,21,826,89.12887941329708,GREEN,4.46,8,80.78,SILVER,2026-05-06 15:37:37.385895,prototype
DS_POSITION_REPORT,Workday Position Report,EDLE_DW_DB.PNC_DATA.DT_POSITION_REPORT,P&C,SILVER,2026-04-14,4fb39e5b,60.0,AMBER,Paul Field,,100,GREEN,Workday,CORE,95,GREEN,0,1,2,2026-04-07 20:00:00,93.5899700541728,GREEN,2026-04-12 15:41:36.416663,168,32.31,98.06384557066178,GREEN,"TWID,POSITION_ID",TWID,1.94,75.0,AMBER,24,18,50.70422535211268,RED,71,36,100.0,GREEN,2,2,8.333333333333334,RED,5,152,76.01039330616499,AMBER,3.8,10,80.03,SILVER,2026-05-06 15:37:37.387360,prototype
DS_POSITION_REPORT,Workday Position Report,EDLE_DW_DB.PNC_DATA.DT_POSITION_REPORT,P&C,SILVER,2026-04-15,f346992c,60.0,AMBER,Paul Field,,100,GREEN,Workday,CORE,97,GREEN,0,1,0,2026-04-07 13:00:00,93.85075994070732,GREEN,2026-04-13 17:00:28.188364,168,30.99,97.64959335503103,GREEN,"TWID,POSITION_ID",POSITION_ID,2.35,62.5,AMBER,24,15,49.62406015037594,RED,133,66,100.0,GREEN,2,2,28.333333333333332,RED,17,630,75.99922106588166,AMBER,3.8,12,79.86,SILVER,2026-05-06 15:37:37.388802,prototype
DS_POSITION_REPORT,Workday Position Report,EDLE_DW_DB.PNC_DATA.DT_POSITION_REPORT,P&C,SILVER,2026-04-16,87675f1a,60.0,AMBER,Paul Field,,100,GREEN,Workday,CORE,99,GREEN,0,0,1,2026-04-14 09:00:00,97.20468022785943,GREEN,2026-04-15 09:54:41.718054,168,14.09,97.3110006236657,GREEN,"TWID,POSITION_ID",POSITION_ID,2.69,75.0,AMBER,24,18,54.6448087431694,RED,183,100,100.0,GREEN,2,2,20.0,RED,12,446,85.8067899904369,GREEN,4.29,5,82.32,SILVER,2026-05-06 15:37:37.390257,prototype
DS_POSITION_REPORT,Workday Position Report,EDLE_DW_DB.PNC_DATA.DT_POSITION_REPORT,P&C,SILVER,2026-04-17,3e2bf8de,60.0,AMBER,Paul Field,,100,GREEN,Workday,CORE,97,GREEN,0,0,3,2026-04-12 15:00:00,93.60733904887132,GREEN,2026-04-15 15:46:51.559703,168,32.22,99.98162990402383,GREEN,"TWID,POSITION_ID",POSITION_ID,0.02,83.33333333333333,GREEN,24,20,53.06122448979592,RED,49,26,100.0,GREEN,2,2,21.666666666666668,RED,13,574,69.15859804082984,AMBER,3.46,10,82.25,SILVER,2026-05-06 15:37:37.391711,prototype
DS_POSITION_REPORT,Workday Position Report,EDLE_DW_DB.PNC_DATA.DT_POSITION_REPORT,P&C,SILVER,2026-04-18,cc715750,60.0,AMBER,Paul Field,,100,GREEN,Workday,CORE,98,GREEN,0,0,2,2026-04-11 13:00:00,97.87835281316933,GREEN,2026-04-17 13:18:24.833442,168,10.69,98.4286445647843,GREEN,"TWID,POSITION_ID",TWID,1.57,79.16666666666667,AMBER,24,19,51.74418604651163,RED,172,89,100.0,GREEN,2,2,26.666666666666668,RED,16,646,100.0,GREEN,5.0,9,83.68,SILVER,2026-05-06 15:37:37.393152,prototype
DS_POSITION_REPORT,Workday Position Report,EDLE_DW_DB.PNC_DATA.DT_POSITION_REPORT,P&C,SILVER,2026-04-19,b0209b0d,60.0,AMBER,Paul Field,,100,GREEN,Workday,CORE,74,AMBER,2,1,3,2026-04-15 05:00:00,99.8758191028835,GREEN,2026-04-18 23:22:26.861803,168,0.63,95.41782958161399,GREEN,"TWID,POSITION_ID",POSITION_ID,4.58,70.83333333333333,AMBER,24,17,56.962025316455694,RED,79,45,100.0,GREEN,2,2,13.333333333333334,RED,8,332,80.36752080754675,GREEN,4.02,10,78.49,SILVER,2026-05-06 15:37:37.394596,prototype
DS_POSITION_REPORT,Workday Position Report,EDLE_DW_DB.PNC_DATA.DT_POSITION_REPORT,P&C,SILVER,2026-04-20,025e4261,60.0,AMBER,Paul Field,,100,GREEN,Workday,CORE,96,GREEN,0,0,4,2026-04-19 03:00:00,97.85054268199373,GREEN,2026-04-19 13:10:00.246422,168,10.83,95.75360562620826,GREEN,"TWID,POSITION_ID",POSITION_ID,4.25,75.0,AMBER,24,18,53.6,RED,125,67,100.0,GREEN,2,2,0.0,RED,0,32,80.30844877200502,GREEN,4.02,7,80.32,SILVER,2026-05-06 15:37:37.396032,prototype
DS_POSITION_REPORT,Workday Position Report,EDLE_DW_DB.PNC_DATA.DT_POSITION_REPORT,P&C,SILVER,2026-04-21,5b6dc7d1,60.0,AMBER,Paul Field,,100,GREEN,Workday,CORE,97,GREEN,0,1,0,2026-04-16 14:00:00,98.87796694194506,GREEN,2026-04-20 18:20:41.832195,168,5.66,98.12168492259585,GREEN,"TWID,POSITION_ID",TWID,1.88,79.16666666666667,AMBER,24,19,54.787234042553195,RED,188,103,100.0,GREEN,2,2,16.666666666666668,RED,10,327,78.94085626978234,AMBER,3.95,6,82.46,SILVER,2026-05-06 15:37:37.397578,prototype
DS_POSITION_REPORT,Workday Position Report,EDLE_DW_DB.PNC_DATA.DT_POSITION_REPORT,P&C,SILVER,2026-04-22,12040473,60.0,AMBER,Paul Field,,100,GREEN,Workday,CORE,83,GREEN,1,2,1,2026-04-15 18:00:00,99.16433242658718,GREEN,2026-04-21 19:47:17.647548,168,4.21,99.18747243810824,GREEN,"TWID,POSITION_ID",TWID,0.81,75.0,AMBER,24,18,58.97435897435897,RED,78,46,100.0,GREEN,2,2,25.0,RED,15,685,99.9394709628961,GREEN,5.0,8,82.14,SILVER,2026-05-06 15:37:37.399030,prototype
DS_POSITION_REPORT,Workday Position Report,EDLE_DW_DB.PNC_DATA.DT_POSITION_REPORT,P&C,SILVER,2026-04-23,dfb63780,60.0,AMBER,Paul Field,,100,GREEN,Workday,CORE,99,GREEN,0,0,1,2026-04-15 23:00:00,98.7025185218506,GREEN,2026-04-22 17:27:38.496060,168,6.54,98.17470692734747,GREEN,"TWID,POSITION_ID",TWID,1.83,91.66666666666667,GREEN,24,22,56.613756613756614,RED,189,107,100.0,GREEN,2,2,21.666666666666668,RED,13,452,84.96030386652323,GREEN,4.25,10,84.87,SILVER,2026-05-06 15:37:37.400530,prototype
DS_POSITION_REPORT,Workday Position Report,EDLE_DW_DB.PNC_DATA.DT_POSITION_REPORT,P&C,SILVER,2026-04-24,0855ec79,60.0,AMBER,Paul Field,,100,GREEN,Workday,CORE,100,GREEN,0,0,0,2026-04-18 15:00:00,98.14724183962034,GREEN,2026-04-23 14:39:43.555938,168,9.34,98.93821215422619,GREEN,"TWID,POSITION_ID",POSITION_ID,1.06,79.16666666666667,AMBER,24,19,53.84615384615385,RED,117,63,100.0,GREEN,2,2,13.333333333333334,RED,8,297,82.82961347753911,GREEN,4.14,11,82.71,SILVER,2026-05-06 15:37:37.401984,prototype
DS_POSITION_REPORT,Workday Position Report,EDLE_DW_DB.PNC_DATA.DT_POSITION_REPORT,P&C,SILVER,2026-04-25,aa1ef162,60.0,AMBER,Paul Field,,100,GREEN,Workday,CORE,97,GREEN,0,0,3,2026-04-22 04:00:00,100.0,GREEN,2026-04-25 00:00:00.000000,168,0.0,95.81196425207803,GREEN,"TWID,POSITION_ID",POSITION_ID,4.19,83.33333333333333,GREEN,24,20,52.903225806451616,RED,155,82,100.0,GREEN,2,2,26.666666666666668,RED,16,683,95.49221632044556,GREEN,4.77,12,83.91,SILVER,2026-05-06 15:37:37.403450,prototype
DS_POSITION_REPORT,Workday Position Report,EDLE_DW_DB.PNC_DATA.DT_POSITION_REPORT,P&C,SILVER,2026-04-26,42929253,60.0,AMBER,Paul Field,,100,GREEN,Workday,CORE,99,GREEN,0,0,1,2026-04-25 12:00:00,97.46890117661833,GREEN,2026-04-25 11:14:35.742949,168,12.76,99.31583137651337,GREEN,"TWID,POSITION_ID",POSITION_ID,0.68,87.5,GREEN,24,21,51.851851851851855,RED,81,42,100.0,GREEN,2,2,21.666666666666668,RED,13,505,89.56383914668164,GREEN,4.48,4,84.16,SILVER,2026-05-06 15:37:37.404889,prototype
DS_POSITION_REPORT,Workday Position Report,EDLE_DW_DB.PNC_DATA.DT_POSITION_REPORT,P&C,SILVER,2026-04-27,97450f81,60.0,AMBER,Paul Field,,100,GREEN,Workday,CORE,99,GREEN,0,0,1,2026-04-23 06:00:00,95.79861930500358,GREEN,2026-04-26 02:49:30.148670,168,21.17,97.74447684796657,GREEN,"TWID,POSITION_ID",TWID,2.26,83.33333333333333,GREEN,24,20,54.34782608695652,RED,184,100,100.0,GREEN,2,2,21.666666666666668,RED,13,563,77.7413177911511,AMBER,3.89,8,82.93,SILVER,2026-05-06 15:37:37.406342,prototype
DS_POSITION_REPORT,Workday Position Report,EDLE_DW_DB.PNC_DATA.DT_POSITION_REPORT,P&C,SILVER,2026-04-28,b3cfb918,60.0,AMBER,Paul Field,,100,GREEN,Workday,CORE,97,GREEN,0,1,0,2026-04-23 11:00:00,100.0,GREEN,2026-04-28 00:00:00.000000,168,0.0,98.2673628801273,GREEN,"TWID,POSITION_ID",TWID,1.73,87.5,GREEN,24,21,56.774193548387096,RED,155,88,100.0,GREEN,2,2,11.666666666666666,RED,7,223,67.41834732340145,AMBER,3.37,4,83.04,SILVER,2026-05-06 15:37:37.407826,prototype
DS_POSITION_REPORT,Workday Position Report,EDLE_DW_DB.PNC_DATA.DT_POSITION_REPORT,P&C,SILVER,2026-04-29,87ddf0d2,60.0,AMBER,Paul Field,,100,GREEN,Workday,CORE,89,GREEN,1,0,1,2026-04-26 11:00:00,100.0,GREEN,2026-04-29 00:00:00.000000,168,0.0,97.96355626928282,GREEN,"TWID,POSITION_ID",POSITION_ID,2.04,79.16666666666667,AMBER,24,19,55.33980582524272,RED,206,114,100.0,GREEN,2,2,11.666666666666666,RED,7,305,87.44767389327342,GREEN,4.37,10,81.72,SILVER,2026-05-06 15:37:37.409285,prototype
DS_POSITION_REPORT,Workday Position Report,EDLE_DW_DB.PNC_DATA.DT_POSITION_REPORT,P&C,SILVER,2026-04-30,992e9919,60.0,AMBER,Paul Field,,100,GREEN,Workday,CORE,98,GREEN,0,0,2,2026-04-21 22:00:00,100.0,GREEN,2026-04-30 00:00:00.000000,168,0.0,98.62946433464622,GREEN,"TWID,POSITION_ID",TWID,1.37,83.33333333333333,GREEN,24,20,47.88732394366197,RED,71,34,100.0,GREEN,2,2,35.0,RED,21,838,71.99364513938953,AMBER,3.6,7,83.58,SILVER,2026-05-06 15:37:37.410772,prototype
DS_POSITION_REPORT,Workday Position Report,EDLE_DW_DB.PNC_DATA.DT_POSITION_REPORT,P&C,SILVER,2026-05-01,f5ddb5a1,60.0,AMBER,Paul Field,,100,GREEN,Workday,CORE,100,GREEN,0,0,0,2026-04-27 13:00:00,97.0510290515737,GREEN,2026-04-30 09:08:13.871112,168,14.86,97.85269854729269,GREEN,"TWID,POSITION_ID",TWID,2.15,79.16666666666667,AMBER,24,19,55.2,RED,125,69,100.0,GREEN,2,2,8.333333333333334,RED,5,245,73.75218957392522,AMBER,3.69,7,81.85,SILVER,2026-05-06 15:37:37.412224,prototype
DS_POSITION_REPORT,Workday Position Report,EDLE_DW_DB.PNC_DATA.DT_POSITION_REPORT,P&C,SILVER,2026-05-02,bfd711b1,60.0,AMBER,Paul Field,,100,GREEN,Workday,CORE,99,GREEN,0,0,1,2026-04-27 12:00:00,98.69922330120863,GREEN,2026-05-01 17:26:38.707577,168,6.56,95.2129660391316,GREEN,"TWID,POSITION_ID",POSITION_ID,4.79,75.0,AMBER,24,18,56.390977443609025,RED,133,75,100.0,GREEN,2,2,0.0,RED,0,10,97.02522024116305,GREEN,4.85,7,81.62,SILVER,2026-05-06 15:37:37.413682,prototype
DS_POSITION_REPORT,Workday Position Report,EDLE_DW_DB.PNC_DATA.DT_POSITION_REPORT,P&C,SILVER,2026-05-03,5c63f0ca,60.0,AMBER,Paul Field,,100,GREEN,Workday,CORE,100,GREEN,0,0,0,2026-05-02 04:00:00,95.81567734007587,GREEN,2026-05-02 02:54:39.649658,168,21.09,96.64971194252232,GREEN,"TWID,POSITION_ID",POSITION_ID,3.35,83.33333333333333,GREEN,24,20,55.55555555555556,RED,180,100,100.0,GREEN,2,2,21.666666666666668,RED,13,515,80.07363708688139,GREEN,4.0,7,83.09,SILVER,2026-05-06 15:37:37.415148,prototype
DS_POSITION_REPORT,Workday Position Report,EDLE_DW_DB.PNC_DATA.DT_POSITION_REPORT,P&C,SILVER,2026-05-04,07d8cb6d,60.0,AMBER,Paul Field,,100,GREEN,Workday,CORE,95,GREEN,0,1,2,2026-05-03 20:00:00,96.87751779057712,GREEN,2026-05-03 08:15:45.682792,168,15.74,98.50127239221361,GREEN,"TWID,POSITION_ID",TWID,1.5,87.5,GREEN,24,21,57.142857142857146,RED,63,36,100.0,GREEN,2,2,20.0,RED,12,440,84.81986380135078,GREEN,4.24,10,83.62,SILVER,2026-05-06 15:37:37.416608,prototype
DS_POSITION_REPORT,Workday Position Report,EDLE_DW_DB.PNC_DATA.DT_POSITION_REPORT,P&C,SILVER,2026-05-05,f09181b3,60.0,AMBER,Paul Field,,100,GREEN,Workday,CORE,99,GREEN,0,0,1,2026-04-30 19:00:00,96.67986101297504,GREEN,2026-05-04 07:15:59.398219,168,16.73,96.75182284732607,GREEN,"TWID,POSITION_ID",TWID,3.25,95.83333333333333,GREEN,24,23,53.41614906832298,RED,161,86,100.0,GREEN,2,2,5.0,RED,3,70,89.67194970399461,GREEN,4.48,5,83.82,SILVER,2026-05-06 15:37:37.418127,prototype
DS_POSITION_REPORT,Workday Position Report,EDLE_DW_DB.PNC_DATA.DT_POSITION_REPORT,P&C,SILVER,2026-05-06,6dbbbd12,60.0,AMBER,Paul Field,,100,GREEN,Workday,CORE,94,GREEN,0,1,3,2026-05-02 13:00:00,100.0,GREEN,2026-05-06 00:00:00.000000,168,0.0,95.21463181003698,GREEN,"TWID,POSITION_ID",TWID,4.79,87.5,GREEN,24,21,54.166666666666664,RED,168,91,100.0,GREEN,2,2,16.666666666666668,RED,10,448,84.37870982655136,GREEN,4.22,4,83.02,SILVER,2026-05-06 15:37:37.419583,prototype
DS_POSITION_REPORT_VW,Position Report Public View,EDLE_PUBL_DB.PNC_DATA.STG_POSITION_REPORT_VW,P&C,VIEW,2026-02-05,80e4bfa1,60.0,AMBER,Paul Field,,100,GREEN,Workday,CORE,100,GREEN,0,0,0,2026-02-02 17:00:00,97.03033921167794,GREEN,2026-02-04 09:01:58.474657,168,14.97,98.0417486709565,GREEN,"TWID,POSITION_ID",TWID,1.96,75.0,AMBER,24,18,55.4054054054054,RED,74,41,100.0,GREEN,2,2,61.666666666666664,AMBER,37,1422,83.86459959174788,GREEN,4.19,14,85.0,SILVER,2026-05-06 15:37:37.421050,prototype
DS_POSITION_REPORT_VW,Position Report Public View,EDLE_PUBL_DB.PNC_DATA.STG_POSITION_REPORT_VW,P&C,VIEW,2026-02-06,d0640750,60.0,AMBER,Paul Field,,100,GREEN,Workday,CORE,89,GREEN,1,0,1,2026-01-31 10:00:00,98.37230179050293,GREEN,2026-02-05 15:47:47.043687,168,8.2,95.19749451503756,GREEN,"TWID,POSITION_ID",TWID,4.8,75.0,AMBER,24,18,55.056179775280896,RED,178,98,100.0,GREEN,2,2,61.666666666666664,AMBER,37,1504,89.28693729920559,GREEN,4.46,9,83.66,SILVER,2026-05-06 15:37:37.422528,prototype
DS_POSITION_REPORT_VW,Position Report Public View,EDLE_PUBL_DB.PNC_DATA.STG_POSITION_REPORT_VW,P&C,VIEW,2026-02-07,781fc0d2,60.0,AMBER,Paul Field,,100,GREEN,Workday,CORE,100,GREEN,0,0,0,2026-01-31 15:00:00,99.57971127244967,GREEN,2026-02-06 21:52:54.281327,168,2.12,96.56335707189874,GREEN,"TWID,POSITION_ID",POSITION_ID,3.44,87.5,GREEN,24,21,61.16504854368932,AMBER,103,63,100.0,GREEN,2,2,53.333333333333336,RED,32,1296,78.41067886640549,AMBER,3.92,7,86.39,GOLD,2026-05-06 15:37:37.423967,prototype
DS_POSITION_REPORT_VW,Position Report Public View,EDLE_PUBL_DB.PNC_DATA.STG_POSITION_REPORT_VW,P&C,VIEW,2026-02-08,4a645d60,60.0,AMBER,Paul Field,,100,GREEN,Workday,CORE,95,GREEN,0,1,2,2026-02-03 18:00:00,97.88455299109734,GREEN,2026-02-07 13:20:17.329470,168,10.66,97.14072962990001,GREEN,"TWID,POSITION_ID",TWID,2.86,79.16666666666667,AMBER,24,19,55.303030303030305,RED,132,73,100.0,GREEN,2,2,63.333333333333336,AMBER,38,1536,77.93922795034885,AMBER,3.9,9,84.75,SILVER,2026-05-06 15:37:37.425441,prototype
DS_POSITION_REPORT_VW,Position Report Public View,EDLE_PUBL_DB.PNC_DATA.STG_POSITION_REPORT_VW,P&C,VIEW,2026-02-09,8640e033,60.0,AMBER,Paul Field,,100,GREEN,Workday,CORE,94,GREEN,0,2,0,2026-02-03 08:00:00,99.81363616562936,GREEN,2026-02-08 23:03:38.614589,168,0.94,98.61879083619206,GREEN,"TWID,POSITION_ID",POSITION_ID,1.38,91.66666666666667,GREEN,24,22,55.37190082644628,RED,121,67,100.0,GREEN,2,2,63.333333333333336,AMBER,38,1550,84.16823079047649,GREEN,4.21,8,86.86,GOLD,2026-05-06 15:37:37.426883,prototype
DS_POSITION_REPORT_VW,Position Report Public View,EDLE_PUBL_DB.PNC_DATA.STG_POSITION_REPORT_VW,P&C,VIEW,2026-02-10,c08d643d,60.0,AMBER,Paul Field,,100,GREEN,Workday,CORE,100,GREEN,0,0,0,2026-02-06 02:00:00,97.20211383680399,GREEN,2026-02-09 09:53:55.153455,168,14.1,98.04886502097186,GREEN,"TWID,POSITION_ID",TWID,1.95,79.16666666666667,AMBER,24,19,54.716981132075475,RED,106,58,100.0,GREEN,2,2,55.0,RED,33,1279,79.2632357457361,AMBER,3.96,12,84.88,SILVER,2026-05-06 15:37:37.428339,prototype
DS_POSITION_REPORT_VW,Position Report Public View,EDLE_PUBL_DB.PNC_DATA.STG_POSITION_REPORT_VW,P&C,VIEW,2026-02-11,bcb0d592,60.0,AMBER,Paul Field,,100,GREEN,Workday,CORE,99,GREEN,0,0,1,2026-02-10 07:00:00,100.0,GREEN,2026-02-11 00:00:00.000000,168,0.0,98.52380755021954,GREEN,"TWID,POSITION_ID",TWID,1.48,87.5,GREEN,24,21,53.529411764705884,RED,170,91,100.0,GREEN,2,2,46.666666666666664,RED,28,1131,86.04403798356218,GREEN,4.3,8,85.9,GOLD,2026-05-06 15:37:37.429794,prototype
DS_POSITION_REPORT_VW,Position Report Public View,EDLE_PUBL_DB.PNC_DATA.STG_POSITION_REPORT_VW,P&C,VIEW,2026-02-12,4620ce93,60.0,AMBER,Paul Field,,100,GREEN,Workday,CORE,90,GREEN,1,0,0,2026-02-10 09:00:00,100.0,GREEN,2026-02-12 00:00:00.000000,168,0.0,97.0379031265388,GREEN,"TWID,POSITION_ID",POSITION_ID,2.96,91.66666666666667,GREEN,24,22,53.73831775700935,RED,214,115,100.0,GREEN,2,2,41.666666666666664,RED,25,962,85.25472597855936,GREEN,4.26,12,84.79,SILVER,2026-05-06 15:37:37.431241,prototype
DS_POSITION_REPORT_VW,Position Report Public View,EDLE_PUBL_DB.PNC_DATA.STG_POSITION_REPORT_VW,P&C,VIEW,2026-02-13,f9a2cffa,60.0,AMBER,Paul Field,,100,GREEN,Workday,CORE,100,GREEN,0,0,0,2026-02-11 18:00:00,95.8702840021549,GREEN,2026-02-12 03:11:10.432935,168,20.81,99.16762375926123,GREEN,"TWID,POSITION_ID",TWID,0.83,83.33333333333333,GREEN,24,20,56.043956043956044,RED,91,51,100.0,GREEN,2,2,46.666666666666664,RED,28,1151,92.22344187474762,GREEN,4.61,9,85.48,GOLD,2026-05-06 15:37:37.432716,prototype
DS_POSITION_REPORT_VW,Position Report Public View,EDLE_PUBL_DB.PNC_DATA.STG_POSITION_REPORT_VW,P&C,VIEW,2026-02-14,6813b23b,60.0,AMBER,Paul Field,,100,GREEN,Workday,CORE,93,GREEN,0,2,1,2026-02-11 07:00:00,93.83172799478889,GREEN,2026-02-12 16:54:42.872737,168,31.09,96.17659672000748,GREEN,"TWID,POSITION_ID",TWID,3.82,91.66666666666667,GREEN,24,22,58.57142857142857,RED,70,41,100.0,GREEN,2,2,83.33333333333333,GREEN,50,1962,80.26878872111567,GREEN,4.01,3,86.86,GOLD,2026-05-06 15:37:37.434328,prototype
DS_POSITION_REPORT_VW,Position Report Public View,EDLE_PUBL_DB.PNC_DATA.STG_POSITION_REPORT_VW,P&C,VIEW,2026-02-15,ab2acdff,60.0,AMBER,Paul Field,,100,GREEN,Workday,CORE,99,GREEN,0,0,1,2026-02-14 18:00:00,93.66145940627199,GREEN,2026-02-13 16:03:13.519467,168,31.95,97.12611913434495,GREEN,"TWID,POSITION_ID",POSITION_ID,2.87,87.5,GREEN,24,21,57.69230769230769,RED,130,75,100.0,GREEN,2,2,58.333333333333336,RED,35,1424,88.04639848572621,GREEN,4.4,7,85.93,GOLD,2026-05-06 15:37:37.435795,prototype
DS_POSITION_REPORT_VW,Position Report Public View,EDLE_PUBL_DB.PNC_DATA.STG_POSITION_REPORT_VW,P&C,VIEW,2026-02-16,b106cee9,60.0,AMBER,Paul Field,,100,GREEN,Workday,CORE,98,GREEN,0,0,2,2026-02-12 06:00:00,100.0,GREEN,2026-02-16 00:00:00.000000,168,0.0,98.25154675039505,GREEN,"TWID,POSITION_ID",POSITION_ID,1.75,87.5,GREEN,24,21,53.65853658536585,RED,164,88,100.0,GREEN,2,2,58.333333333333336,RED,35,1538,91.76842645366196,GREEN,4.59,5,86.68,GOLD,2026-05-06 15:37:37.437251,prototype
DS_POSITION_REPORT_VW,Position Report Public View,EDLE_PUBL_DB.PNC_DATA.STG_POSITION_REPORT_VW,P&C,VIEW,2026-02-17,2a244647,60.0,AMBER,Paul Field,,100,GREEN,Workday,CORE,97,GREEN,0,1,0,2026-02-12 19:00:00,95.52573952194734,GREEN,2026-02-16 01:26:59.017886,168,22.55,97.5112765026936,GREEN,"TWID,POSITION_ID",TWID,2.49,87.5,GREEN,24,21,54.83870967741935,RED,62,34,100.0,GREEN,2,2,45.0,RED,27,970,86.45808001868632,GREEN,4.32,9,84.91,SILVER,2026-05-06 15:37:37.438700,prototype
DS_POSITION_REPORT_VW,Position Report Public View,EDLE_PUBL_DB.PNC_DATA.STG_POSITION_REPORT_VW,P&C,VIEW,2026-02-18,d3154ec5,60.0,AMBER,Paul Field,,100,GREEN,Workday,CORE,99,GREEN,0,0,1,2026-02-17 04:00:00,98.77624502999525,GREEN,2026-02-17 17:49:56.189824,168,6.17,95.8503669417477,GREEN,"TWID,POSITION_ID",TWID,4.15,75.0,AMBER,24,18,56.0,RED,75,42,100.0,GREEN,2,2,50.0,RED,30,1202,85.45112687323622,GREEN,4.27,12,84.23,SILVER,2026-05-06 15:37:37.440162,prototype
DS_POSITION_REPORT_VW,Position Report Public View,EDLE_PUBL_DB.PNC_DATA.STG_POSITION_REPORT_VW,P&C,VIEW,2026-02-19,bb67d80c,60.0,AMBER,Paul Field,,100,GREEN,Workday,CORE,99,GREEN,0,0,1,2026-02-15 00:00:00,99.47228995432704,GREEN,2026-02-18 21:20:25.228931,168,2.66,97.21755091539302,GREEN,"TWID,POSITION_ID",TWID,2.78,87.5,GREEN,24,21,55.357142857142854,RED,112,62,100.0,GREEN,2,2,50.0,RED,30,1156,70.3998594949138,AMBER,3.52,10,85.36,GOLD,2026-05-06 15:37:37.441620,prototype
DS_POSITION_REPORT_VW,Position Report Public View,EDLE_PUBL_DB.PNC_DATA.STG_POSITION_REPORT_VW,P&C,VIEW,2026-02-20,993bb7c8,60.0,AMBER,Paul Field,,100,GREEN,Workday,CORE,98,GREEN,0,0,2,2026-02-17 19:00:00,99.99908130349722,GREEN,2026-02-19 23:59:43.331171,168,0.0,96.86041006063682,GREEN,"TWID,POSITION_ID",POSITION_ID,3.14,100.0,GREEN,24,24,52.83018867924528,RED,106,56,100.0,GREEN,2,2,56.666666666666664,RED,34,1451,74.33436022152799,AMBER,3.72,9,87.12,GOLD,2026-05-06 15:37:37.443064,prototype
DS_POSITION_REPORT_VW,Position Report Public View,EDLE_PUBL_DB.PNC_DATA.STG_POSITION_REPORT_VW,P&C,VIEW,2026-02-21,a74330f0,60.0,AMBER,Paul Field,,100,GREEN,Workday,CORE,90,GREEN,1,0,0,2026-02-15 16:00:00,95.81092862580546,GREEN,2026-02-20 02:53:13.488987,168,21.11,93.91799077210194,GREEN,"TWID,POSITION_ID",TWID,6.08,87.5,GREEN,24,21,57.69230769230769,RED,78,45,100.0,GREEN,2,2,65.0,AMBER,39,1533,83.27567206297068,GREEN,4.16,8,84.91,SILVER,2026-05-06 15:37:37.444515,prototype
DS_POSITION_REPORT_VW,Position Report Public View,EDLE_PUBL_DB.PNC_DATA.STG_POSITION_REPORT_VW,P&C,VIEW,2026-02-22,618499ba,60.0,AMBER,Paul Field,,100,GREEN,Workday,CORE,100,GREEN,0,0,0,2026-02-14 09:00:00,100.0,GREEN,2026-02-22 00:00:00.000000,168,0.0,96.31569285451302,GREEN,"TWID,POSITION_ID",POSITION_ID,3.68,91.66666666666667,GREEN,24,22,54.34782608695652,RED,138,75,100.0,GREEN,2,2,53.333333333333336,RED,32,1258,88.46477782985264,GREEN,4.42,11,86.77,GOLD,2026-05-06 15:37:37.445981,prototype
DS_POSITION_REPORT_VW,Position Report Public View,EDLE_PUBL_DB.PNC_DATA.STG_POSITION_REPORT_VW,P&C,VIEW,2026-02-23,4a7e7c02,60.0,AMBER,Paul Field,,100,GREEN,Workday,CORE,100,GREEN,0,0,0,2026-02-18 16:00:00,98.30233602454558,GREEN,2026-02-22 15:26:37.584829,168,8.56,97.34626898137577,GREEN,"TWID,POSITION_ID",TWID,2.65,91.66666666666667,GREEN,24,22,52.475247524752476,RED,101,53,100.0,GREEN,2,2,68.33333333333333,AMBER,41,1750,84.93093339910502,GREEN,4.25,6,87.29,GOLD,2026-05-06 15:37:37.447421,prototype
DS_POSITION_REPORT_VW,Position Report Public View,EDLE_PUBL_DB.PNC_DATA.STG_POSITION_REPORT_VW,P&C,VIEW,2026-02-24,166879c9,60.0,AMBER,Paul Field,,100,GREEN,Workday,CORE,97,GREEN,0,1,0,2026-02-18 09:00:00,99.35923256741171,GREEN,2026-02-23 20:46:13.915703,168,3.23,95.58775011343751,GREEN,"TWID,POSITION_ID",POSITION_ID,4.41,87.5,GREEN,24,21,56.08108108108108,RED,148,83,100.0,GREEN,2,2,58.333333333333336,RED,35,1370,86.09300471776103,GREEN,4.3,9,86.06,GOLD,2026-05-06 15:37:37.448890,prototype
DS_POSITION_REPORT_VW,Position Report Public View,EDLE_PUBL_DB.PNC_DATA.STG_POSITION_REPORT_VW,P&C,VIEW,2026-02-25,550cc879,60.0,AMBER,Paul Field,,100,GREEN,Workday,CORE,99,GREEN,0,0,1,2026-02-23 07:00:00,93.06673722296293,GREEN,2026-02-23 13:03:22.880173,168,34.94,97.0521646113612,GREEN,"TWID,POSITION_ID",TWID,2.95,79.16666666666667,AMBER,24,19,53.6231884057971,RED,69,37,100.0,GREEN,2,2,68.33333333333333,AMBER,41,1596,69.57081971659724,AMBER,3.48,8,84.37,SILVER,2026-05-06 15:37:37.450331,prototype
DS_POSITION_REPORT_VW,Position Report Public View,EDLE_PUBL_DB.PNC_DATA.STG_POSITION_REPORT_VW,P&C,VIEW,2026-02-26,8078664f,60.0,AMBER,Paul Field,,100,GREEN,Workday,CORE,99,GREEN,0,0,1,2026-02-23 11:00:00,99.05077553552132,GREEN,2026-02-25 19:12:57.271316,168,4.78,97.7851351701369,GREEN,"TWID,POSITION_ID",POSITION_ID,2.21,79.16666666666667,AMBER,24,19,51.75879396984924,RED,199,103,100.0,GREEN,2,2,66.66666666666667,AMBER,40,1671,96.17383614239029,GREEN,4.81,11,86.12,GOLD,2026-05-06 15:37:37.451816,prototype
DS_POSITION_REPORT_VW,Position Report Public View,EDLE_PUBL_DB.PNC_DATA.STG_POSITION_REPORT_VW,P&C,VIEW,2026-02-27,62c926a1,60.0,AMBER,Paul Field,,100,GREEN,Workday,CORE,97,GREEN,0,1,0,2026-02-25 11:00:00,100.0,GREEN,2026-02-27 00:00:00.000000,168,0.0,96.20219328938526,GREEN,"TWID,POSITION_ID",POSITION_ID,3.8,79.16666666666667,AMBER,24,19,57.26495726495727,RED,117,67,100.0,GREEN,2,2,56.666666666666664,RED,34,1376,89.46926101595372,GREEN,4.47,14,85.37,GOLD,2026-05-06 15:37:37.453259,prototype
DS_POSITION_REPORT_VW,Position Report Public View,EDLE_PUBL_DB.PNC_DATA.STG_POSITION_REPORT_VW,P&C,VIEW,2026-02-28,d87b9e55,60.0,AMBER,Paul Field,,100,GREEN,Workday,CORE,97,GREEN,0,1,0,2026-02-23 07:00:00,100.0,GREEN,2026-02-28 00:00:00.000000,168,0.0,99.44071088760266,GREEN,"TWID,POSITION_ID",POSITION_ID,0.56,91.66666666666667,GREEN,24,22,50.0,RED,84,42,100.0,GREEN,2,2,40.0,RED,24,1001,81.36702968668979,GREEN,4.07,11,85.42,GOLD,2026-05-06 15:37:37.454701,prototype
DS_POSITION_REPORT_VW,Position Report Public View,EDLE_PUBL_DB.PNC_DATA.STG_POSITION_REPORT_VW,P&C,VIEW,2026-03-01,effb99ab,60.0,AMBER,Paul Field,,100,GREEN,Workday,CORE,96,GREEN,0,1,1,2026-02-24 23:00:00,100.0,GREEN,2026-03-01 00:00:00.000000,168,0.0,98.95260213408808,GREEN,"TWID,POSITION_ID",POSITION_ID,1.05,95.83333333333333,GREEN,24,23,57.57575757575758,RED,132,76,100.0,GREEN,2,2,55.0,RED,33,1309,91.16732983641101,GREEN,4.56,11,87.63,GOLD,2026-05-06 15:37:37.456137,prototype
DS_POSITION_REPORT_VW,Position Report Public View,EDLE_PUBL_DB.PNC_DATA.STG_POSITION_REPORT_VW,P&C,VIEW,2026-03-02,a6911ef4,60.0,AMBER,Paul Field,,100,GREEN,Workday,CORE,99,GREEN,0,0,1,2026-02-27 05:00:00,100.0,GREEN,2026-03-02 00:00:00.000000,168,0.0,98.68280898945162,GREEN,"TWID,POSITION_ID",TWID,1.32,87.5,GREEN,24,21,55.38461538461539,RED,130,72,100.0,GREEN,2,2,46.666666666666664,RED,28,1084,84.09747553666078,GREEN,4.2,5,85.99,GOLD,2026-05-06 15:37:37.457606,prototype
DS_POSITION_REPORT_VW,Position Report Public View,EDLE_PUBL_DB.PNC_DATA.STG_POSITION_REPORT_VW,P&C,VIEW,2026-03-03,c4d6cb77,60.0,AMBER,Paul Field,,100,GREEN,Workday,CORE,100,GREEN,0,0,0,2026-02-26 10:00:00,96.41755467160009,GREEN,2026-03-02 05:56:40.111962,168,18.06,98.08995457583846,GREEN,"TWID,POSITION_ID",POSITION_ID,1.91,95.83333333333333,GREEN,24,23,55.68181818181818,RED,88,49,100.0,GREEN,2,2,40.0,RED,24,982,95.14662701013394,GREEN,4.76,6,86.59,GOLD,2026-05-06 15:37:37.459055,prototype
DS_POSITION_REPORT_VW,Position Report Public View,EDLE_PUBL_DB.PNC_DATA.STG_POSITION_REPORT_VW,P&C,VIEW,2026-03-04,ec4abfb9,60.0,AMBER,Paul Field,,100,GREEN,Workday,CORE,97,GREEN,0,1,0,2026-02-27 07:00:00,99.37628229336246,GREEN,2026-03-03 20:51:23.265931,168,3.14,96.09606304133288,GREEN,"TWID,POSITION_ID",TWID,3.9,91.66666666666667,GREEN,24,22,55.05050505050505,RED,198,109,100.0,GREEN,2,2,61.666666666666664,AMBER,37,1436,92.43502604735313,GREEN,4.62,10,87.01,GOLD,2026-05-06 15:37:37.460508,prototype
DS_POSITION_REPORT_VW,Position Report Public View,EDLE_PUBL_DB.PNC_DATA.STG_POSITION_REPORT_VW,P&C,VIEW,2026-03-05,d62f66d1,60.0,AMBER,Paul Field,,100,GREEN,Workday,CORE,99,GREEN,0,0,1,2026-03-04 03:00:00,96.67297246224288,GREEN,2026-03-04 07:13:54.412355,168,16.77,96.24888412207876,GREEN,"TWID,POSITION_ID",TWID,3.75,83.33333333333333,GREEN,24,20,59.30232558139535,RED,86,51,100.0,GREEN,2,2,40.0,RED,24,968,78.62746083187909,AMBER,3.93,14,84.38,SILVER,2026-05-06 15:37:37.462027,prototype
DS_POSITION_REPORT_VW,Position Report Public View,EDLE_PUBL_DB.PNC_DATA.STG_POSITION_REPORT_VW,P&C,VIEW,2026-03-06,ef5b8fe9,60.0,AMBER,Paul Field,,100,GREEN,Workday,CORE,97,GREEN,0,1,0,2026-02-28 16:00:00,93.29773717550576,GREEN,2026-03-04 14:13:14.143312,168,33.78,96.20672349649476,GREEN,"TWID,POSITION_ID",TWID,3.79,79.16666666666667,AMBER,24,19,56.56565656565657,RED,99,56,100.0,GREEN,2,2,61.666666666666664,AMBER,37,1460,70.2427374334169,AMBER,3.51,10,83.91,SILVER,2026-05-06 15:37:37.463550,prototype
DS_POSITION_REPORT_VW,Position Report Public View,EDLE_PUBL_DB.PNC_DATA.STG_POSITION_REPORT_VW,P&C,VIEW,2026-03-07,4de5e6a4,60.0,AMBER,Paul Field,,100,GREEN,Workday,CORE,97,GREEN,0,1,0,2026-02-27 20:00:00,95.90341375708252,GREEN,2026-03-06 03:21:11.539209,168,20.65,97.14638944324008,GREEN,"TWID,POSITION_ID",TWID,2.85,87.5,GREEN,24,21,54.54545454545455,RED,121,66,100.0,GREEN,2,2,53.333333333333336,RED,32,1411,90.77465711759172,GREEN,4.54,7,85.56,GOLD,2026-05-06 15:37:37.464997,prototype
DS_POSITION_REPORT_VW,Position Report Public View,EDLE_PUBL_DB.PNC_DATA.STG_POSITION_REPORT_VW,P&C,VIEW,2026-03-08,f7176513,60.0,AMBER,Paul Field,,100,GREEN,Workday,CORE,99,GREEN,0,0,1,2026-03-05 09:00:00,92.23998417507615,GREEN,2026-03-06 08:53:22.272873,168,39.11,98.52024451771787,GREEN,"TWID,POSITION_ID",TWID,1.48,79.16666666666667,AMBER,24,19,56.45161290322581,RED,186,105,100.0,GREEN,2,2,65.0,AMBER,39,1588,81.15251541811192,GREEN,4.06,7,84.95,SILVER,2026-05-06 15:37:37.466436,prototype
DS_POSITION_REPORT_VW,Position Report Public View,EDLE_PUBL_DB.PNC_DATA.STG_POSITION_REPORT_VW,P&C,VIEW,2026-03-09,099bfed5,60.0,AMBER,Paul Field,,100,GREEN,Workday,CORE,100,GREEN,0,0,0,2026-03-05 09:00:00,99.65919242874587,GREEN,2026-03-08 22:16:56.387427,168,1.72,99.38481977615272,GREEN,"TWID,POSITION_ID",POSITION_ID,0.62,83.33333333333333,GREEN,24,20,52.38095238095238,RED,84,44,100.0,GREEN,2,2,58.333333333333336,RED,35,1373,72.92419268126372,AMBER,3.65,6,85.67,GOLD,2026-05-06 15:37:37.467928,prototype
DS_POSITION_REPORT_VW,Position Report Public View,EDLE_PUBL_DB.PNC_DATA.STG_POSITION_REPORT_VW,P&C,VIEW,2026-03-10,b1d2dd2e,60.0,AMBER,Paul Field,,100,GREEN,Workday,CORE,98,GREEN,0,0,2,2026-03-05 11:00:00,100.0,GREEN,2026-03-10 00:00:00.000000,168,0.0,96.42396717711263,GREEN,"TWID,POSITION_ID",TWID,3.58,75.0,AMBER,24,18,55.29953917050691,RED,217,120,100.0,GREEN,2,2,56.666666666666664,RED,34,1387,85.38663348211495,GREEN,4.27,10,84.7,SILVER,2026-05-06 15:37:37.469301,prototype
DS_POSITION_REPORT_VW,Position Report Public View,EDLE_PUBL_DB.PNC_DATA.STG_POSITION_REPORT_VW,P&C,VIEW,2026-03-11,6a1bfffe,60.0,AMBER,Paul Field,,100,GREEN,Workday,CORE,100,GREEN,0,0,0,2026-03-08 21:00:00,96.08855839275938,GREEN,2026-03-10 04:17:10.803478,168,19.71,94.98917956958563,GREEN,"TWID,POSITION_ID",POSITION_ID,5.01,79.16666666666667,AMBER,24,19,54.92227979274612,RED,193,106,100.0,GREEN,2,2,53.333333333333336,RED,32,1235,70.81061603130449,AMBER,3.54,11,83.88,SILVER,2026-05-06 15:37:37.470774,prototype
DS_POSITION_REPORT_VW,Position Report Public View,EDLE_PUBL_DB.PNC_DATA.STG_POSITION_REPORT_VW,P&C,VIEW,2026-03-12,2458c55b,60.0,AMBER,Paul Field,,100,GREEN,Workday,CORE,99,GREEN,0,0,1,2026-03-10 21:00:00,100.0,GREEN,2026-03-12 00:00:00.000000,168,0.0,98.22009380518162,GREEN,"TWID,POSITION_ID",TWID,1.78,91.66666666666667,GREEN,24,22,55.913978494623656,RED,186,104,100.0,GREEN,2,2,68.33333333333333,AMBER,41,1639,88.47937844491639,GREEN,4.42,6,87.94,GOLD,2026-05-06 15:37:37.472155,prototype
DS_POSITION_REPORT_VW,Position Report Public View,EDLE_PUBL_DB.PNC_DATA.STG_POSITION_REPORT_VW,P&C,VIEW,2026-03-13,14887e4b,60.0,AMBER,Paul Field,,100,GREEN,Workday,CORE,90,GREEN,0,3,1,2026-03-05 07:00:00,94.84082420504333,GREEN,2026-03-11 21:59:51.914376,168,26.0,99.64248764181879,GREEN,"TWID,POSITION_ID",TWID,0.36,87.5,GREEN,24,21,53.284671532846716,RED,137,73,100.0,GREEN,2,2,53.333333333333336,RED,32,1282,93.22707387124109,GREEN,4.66,10,84.92,SILVER,2026-05-06 15:37:37.473504,prototype
DS_POSITION_REPORT_VW,Position Report Public View,EDLE_PUBL_DB.PNC_DATA.STG_POSITION_REPORT_VW,P&C,VIEW,2026-03-14,465b3524,60.0,AMBER,Paul Field,,100,GREEN,Workday,CORE,99,GREEN,0,0,1,2026-03-12 07:00:00,99.43452551997063,GREEN,2026-03-13 21:09:00.031034,168,2.85,96.57469322193172,GREEN,"TWID,POSITION_ID",POSITION_ID,3.43,87.5,GREEN,24,21,55.033557046979865,RED,149,82,100.0,GREEN,2,2,43.333333333333336,RED,26,1024,77.518283265326,AMBER,3.88,8,85.12,GOLD,2026-05-06 15:37:37.474848,prototype
DS_POSITION_REPORT_VW,Position Report Public View,EDLE_PUBL_DB.PNC_DATA.STG_POSITION_REPORT_VW,P&C,VIEW,2026-03-15,69192551,60.0,AMBER,Paul Field,,100,GREEN,Workday,CORE,99,GREEN,0,0,1,2026-03-12 08:00:00,96.1931675319968,GREEN,2026-03-14 04:48:48.831701,168,19.19,94.9701315533338,GREEN,"TWID,POSITION_ID",TWID,5.03,83.33333333333333,GREEN,24,20,56.5,RED,200,113,100.0,GREEN,2,2,45.0,RED,27,1117,80.32435442659917,GREEN,4.02,10,84.28,SILVER,2026-05-06 15:37:37.476197,prototype
DS_POSITION_REPORT_VW,Position Report Public View,EDLE_PUBL_DB.PNC_DATA.STG_POSITION_REPORT_VW,P&C,VIEW,2026-03-16,75586f84,60.0,AMBER,Paul Field,,100,GREEN,Workday,CORE,98,GREEN,0,0,2,2026-03-08 10:00:00,94.38129813877991,GREEN,2026-03-14 19:40:54.273430,168,28.32,98.74637367858737,GREEN,"TWID,POSITION_ID",POSITION_ID,1.25,79.16666666666667,AMBER,24,19,55.0,RED,40,22,100.0,GREEN,2,2,60.0,AMBER,36,1400,83.73918872938617,GREEN,4.19,9,84.85,SILVER,2026-05-06 15:37:37.477537,prototype
DS_POSITION_REPORT_VW,Position Report Public View,EDLE_PUBL_DB.PNC_DATA.STG_POSITION_REPORT_VW,P&C,VIEW,2026-03-17,1ed1f3ee,60.0,AMBER,Paul Field,,100,GREEN,Workday,CORE,99,GREEN,0,0,1,2026-03-15 20:00:00,98.31474272620403,GREEN,2026-03-16 15:30:22.692024,168,8.49,94.09031577980869,GREEN,"TWID,POSITION_ID",TWID,5.91,83.33333333333333,GREEN,24,20,50.0,RED,84,42,100.0,GREEN,2,2,80.0,GREEN,48,1960,82.81007893740677,GREEN,4.14,11,86.13,GOLD,2026-05-06 15:37:37.478884,prototype
DS_POSITION_REPORT_VW,Position Report Public View,EDLE_PUBL_DB.PNC_DATA.STG_POSITION_REPORT_VW,P&C,VIEW,2026-03-18,c5d9f5e2,60.0,AMBER,Paul Field,,100,GREEN,Workday,CORE,97,GREEN,0,1,0,2026-03-14 03:00:00,93.79573037881521,GREEN,2026-03-16 16:43:49.731993,168,31.27,97.63453812009578,GREEN,"TWID,POSITION_ID",TWID,2.37,75.0,AMBER,24,18,58.67768595041322,RED,121,71,100.0,GREEN,2,2,61.666666666666664,AMBER,37,1441,82.20398981320756,GREEN,4.11,10,84.32,SILVER,2026-05-06 15:37:37.480235,prototype
DS_POSITION_REPORT_VW,Position Report Public View,EDLE_PUBL_DB.PNC_DATA.STG_POSITION_REPORT_VW,P&C,VIEW,2026-03-19,822f3161,60.0,AMBER,Paul Field,,100,GREEN,Workday,CORE,88,GREEN,1,0,2,2026-03-15 01:00:00,100.0,GREEN,2026-03-19 00:00:00.000000,168,0.0,98.05288928254595,GREEN,"TWID,POSITION_ID",POSITION_ID,1.95,79.16666666666667,AMBER,24,19,55.55555555555556,RED,153,85,100.0,GREEN,2,2,63.333333333333336,AMBER,38,1564,95.20683528651145,GREEN,4.76,8,85.04,GOLD,2026-05-06 15:37:37.481576,prototype
DS_POSITION_REPORT_VW,Position Report Public View,EDLE_PUBL_DB.PNC_DATA.STG_POSITION_REPORT_VW,P&C,VIEW,2026-03-20,0adad37d,60.0,AMBER,Paul Field,,100,GREEN,Workday,CORE,94,GREEN,0,2,0,2026-03-19 09:00:00,97.2835655126969,GREEN,2026-03-19 10:18:33.012662,168,13.69,97.50789715858573,GREEN,"TWID,POSITION_ID",POSITION_ID,2.49,95.83333333333333,GREEN,24,23,53.072625698324025,RED,179,95,100.0,GREEN,2,2,66.66666666666667,AMBER,40,1610,70.94483835114652,AMBER,3.55,3,86.33,GOLD,2026-05-06 15:37:37.482955,prototype
DS_POSITION_REPORT_VW,Position Report Public View,EDLE_PUBL_DB.PNC_DATA.STG_POSITION_REPORT_VW,P&C,VIEW,2026-03-21,2cad8be4,60.0,AMBER,Paul Field,,100,GREEN,Workday,CORE,100,GREEN,0,0,0,2026-03-17 17:00:00,100.0,GREEN,2026-03-21 00:00:00.000000,168,0.0,97.85199386119875,GREEN,"TWID,POSITION_ID",TWID,2.15,79.16666666666667,AMBER,24,19,57.534246575342465,RED,73,42,100.0,GREEN,2,2,46.666666666666664,RED,28,1074,84.47629829765339,GREEN,4.22,6,85.18,GOLD,2026-05-06 15:37:37.484548,prototype
DS_POSITION_REPORT_VW,Position Report Public View,EDLE_PUBL_DB.PNC_DATA.STG_POSITION_REPORT_VW,P&C,VIEW,2026-03-22,6a23f7c7,60.0,AMBER,Paul Field,,100,GREEN,Workday,CORE,79,AMBER,1,3,2,2026-03-21 16:00:00,93.78545687975323,GREEN,2026-03-20 16:40:43.329626,168,31.32,97.52438333911843,GREEN,"TWID,POSITION_ID",TWID,2.48,70.83333333333333,AMBER,24,17,54.961832061068705,RED,131,72,100.0,GREEN,2,2,70.0,AMBER,42,1760,87.38815613873187,GREEN,4.37,3,82.06,SILVER,2026-05-06 15:37:37.486302,prototype
DS_POSITION_REPORT_VW,Position Report Public View,EDLE_PUBL_DB.PNC_DATA.STG_POSITION_REPORT_VW,P&C,VIEW,2026-03-23,0485e316,60.0,AMBER,Paul Field,,100,GREEN,Workday,CORE,96,GREEN,0,1,1,2026-03-18 04:00:00,96.34213560244487,GREEN,2026-03-22 05:33:51.708371,168,18.44,97.17733657275954,GREEN,"TWID,POSITION_ID",TWID,2.82,83.33333333333333,GREEN,24,20,50.0,RED,56,28,100.0,GREEN,2,2,61.666666666666664,AMBER,37,1513,77.80482819188096,AMBER,3.89,1,84.62,SILVER,2026-05-06 15:37:37.488351,prototype
DS_POSITION_REPORT_VW,Position Report Public View,EDLE_PUBL_DB.PNC_DATA.STG_POSITION_REPORT_VW,P&C,VIEW,2026-03-24,7892f2a3,60.0,AMBER,Paul Field,,100,GREEN,Workday,CORE,100,GREEN,0,0,0,2026-03-22 13:00:00,95.94083337631011,GREEN,2026-03-23 03:32:30.480780,168,20.46,94.69497583035312,GREEN,"TWID,POSITION_ID",TWID,5.31,100.0,GREEN,24,24,54.21686746987952,RED,166,90,100.0,GREEN,2,2,60.0,AMBER,36,1420,87.5360754174454,GREEN,4.38,10,87.33,GOLD,2026-05-06 15:37:37.490202,prototype
DS_POSITION_REPORT_VW,Position Report Public View,EDLE_PUBL_DB.PNC_DATA.STG_POSITION_REPORT_VW,P&C,VIEW,2026-03-25,9d13bd80,60.0,AMBER,Paul Field,,100,GREEN,Workday,CORE,100,GREEN,0,0,0,2026-03-24 20:00:00,95.2576066622597,GREEN,2026-03-24 00:05:54.015280,168,23.9,96.89466895903574,GREEN,"TWID,POSITION_ID",POSITION_ID,3.11,75.0,AMBER,24,18,55.55555555555556,RED,63,35,100.0,GREEN,2,2,48.333333333333336,RED,29,1129,75.6499204543531,AMBER,3.78,10,83.47,SILVER,2026-05-06 15:37:37.491775,prototype
DS_POSITION_REPORT_VW,Position Report Public View,EDLE_PUBL_DB.PNC_DATA.STG_POSITION_REPORT_VW,P&C,VIEW,2026-03-26,e9f5471b,60.0,AMBER,Paul Field,,100,GREEN,Workday,CORE,89,GREEN,1,0,1,2026-03-25 23:00:00,99.79975097218873,GREEN,2026-03-25 22:59:26.681639,168,1.01,98.63226196891046,GREEN,"TWID,POSITION_ID",POSITION_ID,1.37,66.66666666666667,AMBER,24,16,46.2962962962963,RED,54,25,100.0,GREEN,2,2,50.0,RED,30,1204,72.22585267547936,AMBER,3.61,10,81.25,SILVER,2026-05-06 15:37:37.493527,prototype
DS_POSITION_REPORT_VW,Position Report Public View,EDLE_PUBL_DB.PNC_DATA.STG_POSITION_REPORT_VW,P&C,VIEW,2026-03-27,ebc664a0,60.0,AMBER,Paul Field,,100,GREEN,Workday,CORE,100,GREEN,0,0,0,2026-03-26 03:00:00,98.72903496542605,GREEN,2026-03-26 17:35:39.610413,168,6.41,98.05831776996236,GREEN,"TWID,POSITION_ID",TWID,1.94,83.33333333333333,GREEN,24,20,48.214285714285715,RED,56,27,100.0,GREEN,2,2,68.33333333333333,AMBER,41,1663,72.0275190250388,AMBER,3.6,9,85.59,GOLD,2026-05-06 15:37:37.496348,prototype
DS_POSITION_REPORT_VW,Position Report Public View,EDLE_PUBL_DB.PNC_DATA.STG_POSITION_REPORT_VW,P&C,VIEW,2026-03-28,c34cd98b,60.0,AMBER,Paul Field,,100,GREEN,Workday,CORE,94,GREEN,0,2,0,2026-03-26 07:00:00,92.1511870254373,GREEN,2026-03-26 08:26:31.137390,168,39.56,96.57093120717309,GREEN,"TWID,POSITION_ID",POSITION_ID,3.43,79.16666666666667,AMBER,24,19,56.81818181818182,RED,44,25,100.0,GREEN,2,2,68.33333333333333,AMBER,41,1677,90.51509114372305,GREEN,4.53,4,84.67,SILVER,2026-05-06 15:37:37.497990,prototype
DS_POSITION_REPORT_VW,Position Report Public View,EDLE_PUBL_DB.PNC_DATA.STG_POSITION_REPORT_VW,P&C,VIEW,2026-03-29,090a35dc,60.0,AMBER,Paul Field,,100,GREEN,Workday,CORE,91,GREEN,0,2,3,2026-03-24 04:00:00,93.23020504119258,GREEN,2026-03-27 13:52:48.840267,168,34.12,97.18637547188172,GREEN,"TWID,POSITION_ID",POSITION_ID,2.81,70.83333333333333,AMBER,24,17,60.0,AMBER,80,48,100.0,GREEN,2,2,48.333333333333336,RED,29,1143,82.34111916847357,GREEN,4.12,7,82.27,SILVER,2026-05-06 15:37:37.500651,prototype
DS_POSITION_REPORT_VW,Position Report Public View,EDLE_PUBL_DB.PNC_DATA.STG_POSITION_REPORT_VW,P&C,VIEW,2026-03-30,bd1cc80f,60.0,AMBER,Paul Field,,100,GREEN,Workday,CORE,87,GREEN,1,1,0,2026-03-25 15:00:00,99.92421377642766,GREEN,2026-03-29 23:37:04.934760,168,0.38,95.76836841346224,GREEN,"TWID,POSITION_ID",TWID,4.23,70.83333333333333,AMBER,24,17,51.666666666666664,RED,60,31,100.0,GREEN,2,2,75.0,AMBER,45,1838,76.3048573263859,AMBER,3.82,8,83.22,SILVER,2026-05-06 15:37:37.503858,prototype
DS_POSITION_REPORT_VW,Position Report Public View,EDLE_PUBL_DB.PNC_DATA.STG_POSITION_REPORT_VW,P&C,VIEW,2026-03-31,7ad9f55e,60.0,AMBER,Paul Field,,100,GREEN,Workday,CORE,96,GREEN,0,1,1,2026-03-27 23:00:00,97.7080426828275,GREEN,2026-03-30 12:26:54.726437,168,11.55,96.64155349889721,GREEN,"TWID,POSITION_ID",POSITION_ID,3.36,87.5,GREEN,24,21,56.48854961832061,RED,131,74,100.0,GREEN,2,2,66.66666666666667,AMBER,40,1754,85.09591175400116,GREEN,4.25,10,86.35,GOLD,2026-05-06 15:37:37.505785,prototype
DS_POSITION_REPORT_VW,Position Report Public View,EDLE_PUBL_DB.PNC_DATA.STG_POSITION_REPORT_VW,P&C,VIEW,2026-04-01,48a5e087,60.0,AMBER,Paul Field,,100,GREEN,Workday,CORE,97,GREEN,0,1,0,2026-03-31 08:00:00,96.47939662162,GREEN,2026-03-31 06:15:22.172303,168,17.74,96.39846590712597,GREEN,"TWID,POSITION_ID",POSITION_ID,3.6,83.33333333333333,GREEN,24,20,55.48780487804878,RED,164,91,100.0,GREEN,2,2,58.333333333333336,RED,35,1366,80.78456045969205,GREEN,4.04,6,85.01,GOLD,2026-05-06 15:37:37.507428,prototype
DS_POSITION_REPORT_VW,Position Report Public View,EDLE_PUBL_DB.PNC_DATA.STG_POSITION_REPORT_VW,P&C,VIEW,2026-04-02,707f3b15,60.0,AMBER,Paul Field,,100,GREEN,Workday,CORE,98,GREEN,0,0,2,2026-04-01 11:00:00,94.93932524414352,GREEN,2026-03-31 22:29:39.117230,168,25.51,98.99258610342913,GREEN,"TWID,POSITION_ID",POSITION_ID,1.01,83.33333333333333,GREEN,24,20,54.92227979274612,RED,193,106,100.0,GREEN,2,2,63.333333333333336,AMBER,38,1474,84.6309511991083,GREEN,4.23,9,85.69,GOLD,2026-05-06 15:37:37.509104,prototype
DS_POSITION_REPORT_VW,Position Report Public View,EDLE_PUBL_DB.PNC_DATA.STG_POSITION_REPORT_VW,P&C,VIEW,2026-04-03,9c5705a0,60.0,AMBER,Paul Field,,100,GREEN,Workday,CORE,97,GREEN,0,1,0,2026-04-02 14:00:00,100.0,GREEN,2026-04-03 00:00:00.000000,168,0.0,97.90206781227681,GREEN,"TWID,POSITION_ID",TWID,2.1,79.16666666666667,AMBER,24,19,55.319148936170215,RED,47,26,100.0,GREEN,2,2,55.0,RED,33,1243,70.03065984966648,AMBER,3.5,2,84.57,SILVER,2026-05-06 15:37:37.511707,prototype
DS_POSITION_REPORT_VW,Position Report Public View,EDLE_PUBL_DB.PNC_DATA.STG_POSITION_REPORT_VW,P&C,VIEW,2026-04-04,4cdc2cbf,60.0,AMBER,Paul Field,,100,GREEN,Workday,CORE,82,GREEN,1,2,2,2026-04-01 02:00:00,95.43227134099345,GREEN,2026-04-03 00:58:43.131211,168,23.02,98.15845661663656,GREEN,"TWID,POSITION_ID",TWID,1.84,70.83333333333333,AMBER,24,17,51.21951219512195,RED,41,21,100.0,GREEN,2,2,46.666666666666664,RED,28,1033,76.08101205957503,AMBER,3.8,17,80.58,SILVER,2026-05-06 15:37:37.514129,prototype
DS_POSITION_REPORT_VW,Position Report Public View,EDLE_PUBL_DB.PNC_DATA.STG_POSITION_REPORT_VW,P&C,VIEW,2026-04-05,5112ab6b,60.0,AMBER,Paul Field,,100,GREEN,Workday,CORE,95,GREEN,0,1,2,2026-03-31 06:00:00,100.0,GREEN,2026-04-05 00:00:00.000000,168,0.0,98.04642837315463,GREEN,"TWID,POSITION_ID",POSITION_ID,1.95,87.5,GREEN,24,21,54.83870967741935,RED,186,102,100.0,GREEN,2,2,70.0,AMBER,42,1680,82.18408447422229,GREEN,4.11,16,86.7,GOLD,2026-05-06 15:37:37.515875,prototype
DS_POSITION_REPORT_VW,Position Report Public View,EDLE_PUBL_DB.PNC_DATA.STG_POSITION_REPORT_VW,P&C,VIEW,2026-04-06,8e139986,60.0,AMBER,Paul Field,,100,GREEN,Workday,CORE,86,GREEN,1,1,1,2026-03-29 06:00:00,97.06814359298018,GREEN,2026-04-05 09:13:24.397351,168,14.78,95.44102587916679,GREEN,"TWID,POSITION_ID",TWID,4.56,70.83333333333333,AMBER,24,17,47.76119402985075,RED,67,32,100.0,GREEN,2,2,65.0,AMBER,39,1657,85.36264940838518,GREEN,4.27,8,82.11,SILVER,2026-05-06 15:37:37.517535,prototype
DS_POSITION_REPORT_VW,Position Report Public View,EDLE_PUBL_DB.PNC_DATA.STG_POSITION_REPORT_VW,P&C,VIEW,2026-04-07,e97c031e,60.0,AMBER,Paul Field,,100,GREEN,Workday,CORE,91,GREEN,0,2,3,2026-04-05 18:00:00,92.51246245787958,GREEN,2026-04-05 10:15:46.118836,168,37.74,96.59765527584979,GREEN,"TWID,POSITION_ID",TWID,3.4,79.16666666666667,AMBER,24,19,49.62406015037594,RED,133,66,100.0,GREEN,2,2,55.0,RED,33,1376,80.941242915448,GREEN,4.05,11,82.6,SILVER,2026-05-06 15:37:37.519058,prototype
DS_POSITION_REPORT_VW,Position Report Public View,EDLE_PUBL_DB.PNC_DATA.STG_POSITION_REPORT_VW,P&C,VIEW,2026-04-08,8b4b1ad8,60.0,AMBER,Paul Field,,100,GREEN,Workday,CORE,99,GREEN,0,0,1,2026-04-01 23:00:00,93.90512957991305,GREEN,2026-04-06 17:16:54.671098,168,30.72,97.3123286380717,GREEN,"TWID,POSITION_ID",POSITION_ID,2.69,83.33333333333333,GREEN,24,20,56.89655172413793,RED,174,99,100.0,GREEN,2,2,63.333333333333336,AMBER,38,1460,85.29903346047905,GREEN,4.26,7,85.61,GOLD,2026-05-06 15:37:37.520489,prototype
DS_POSITION_REPORT_VW,Position Report Public View,EDLE_PUBL_DB.PNC_DATA.STG_POSITION_REPORT_VW,P&C,VIEW,2026-04-09,d0e14ad6,60.0,AMBER,Paul Field,,100,GREEN,Workday,CORE,67,AMBER,3,1,0,2026-04-08 23:00:00,93.91539311057315,GREEN,2026-04-07 17:20:00.892598,168,30.67,97.58220010867478,GREEN,"TWID,POSITION_ID",POSITION_ID,2.42,70.83333333333333,AMBER,24,17,50.76923076923077,RED,130,66,100.0,GREEN,2,2,48.333333333333336,RED,29,1238,83.72927819581854,GREEN,4.19,10,78.86,SILVER,2026-05-06 15:37:37.521998,prototype
DS_POSITION_REPORT_VW,Position Report Public View,EDLE_PUBL_DB.PNC_DATA.STG_POSITION_REPORT_VW,P&C,VIEW,2026-04-10,196011cd,60.0,AMBER,Paul Field,,100,GREEN,Workday,CORE,91,GREEN,0,2,3,2026-04-08 07:00:00,93.15450448275654,GREEN,2026-04-08 13:29:55.329335,168,34.5,96.85371981118757,GREEN,"TWID,POSITION_ID",POSITION_ID,3.15,75.0,AMBER,24,18,47.45762711864407,RED,59,28,100.0,GREEN,2,2,68.33333333333333,AMBER,41,1554,89.37728099811956,GREEN,4.47,5,83.19,SILVER,2026-05-06 15:37:37.524609,prototype
DS_POSITION_REPORT_VW,Position Report Public View,EDLE_PUBL_DB.PNC_DATA.STG_POSITION_REPORT_VW,P&C,VIEW,2026-04-11,4ff29a3e,60.0,AMBER,Paul Field,,100,GREEN,Workday,CORE,99,GREEN,0,0,1,2026-04-07 10:00:00,94.06968571803971,GREEN,2026-04-09 18:06:40.377668,168,29.89,96.8952945411294,GREEN,"TWID,POSITION_ID",POSITION_ID,3.1,83.33333333333333,GREEN,24,20,55.670103092783506,RED,194,108,100.0,GREEN,2,2,65.0,AMBER,39,1578,80.92673467352036,GREEN,4.05,7,85.41,GOLD,2026-05-06 15:37:37.526384,prototype
DS_POSITION_REPORT_VW,Position Report Public View,EDLE_PUBL_DB.PNC_DATA.STG_POSITION_REPORT_VW,P&C,VIEW,2026-04-12,f7c5afdc,60.0,AMBER,Paul Field,,100,GREEN,Workday,CORE,99,GREEN,0,0,1,2026-04-04 23:00:00,95.71811745658513,GREEN,2026-04-11 02:25:09.523132,168,21.58,98.93129378242888,GREEN,"TWID,POSITION_ID",POSITION_ID,1.07,75.0,AMBER,24,18,57.04697986577181,RED,149,85,100.0,GREEN,2,2,75.0,AMBER,45,1822,78.33637957876769,AMBER,3.92,6,85.53,GOLD,2026-05-06 15:37:37.527936,prototype
DS_POSITION_REPORT_VW,Position Report Public View,EDLE_PUBL_DB.PNC_DATA.STG_POSITION_REPORT_VW,P&C,VIEW,2026-04-13,c9b9b3ac,60.0,AMBER,Paul Field,,100,GREEN,Workday,CORE,90,GREEN,1,0,0,2026-04-11 00:00:00,92.17778197818535,GREEN,2026-04-11 08:34:33.676212,168,39.42,96.66979932957814,GREEN,"TWID,POSITION_ID",TWID,3.33,83.33333333333333,GREEN,24,20,53.37837837837838,RED,148,79,100.0,GREEN,2,2,51.666666666666664,RED,31,1216,68.149508435445,AMBER,3.41,7,82.53,SILVER,2026-05-06 15:37:37.529918,prototype
DS_POSITION_REPORT_VW,Position Report Public View,EDLE_PUBL_DB.PNC_DATA.STG_POSITION_REPORT_VW,P&C,VIEW,2026-04-14,9142eb98,60.0,AMBER,Paul Field,,100,GREEN,Workday,CORE,75,AMBER,1,4,3,2026-04-09 07:00:00,100.0,GREEN,2026-04-14 00:00:00.000000,168,0.0,95.06442578505421,GREEN,"TWID,POSITION_ID",POSITION_ID,4.94,75.0,AMBER,24,18,51.515151515151516,RED,132,68,100.0,GREEN,2,2,41.666666666666664,RED,25,1083,80.22618672119037,GREEN,4.01,11,80.34,SILVER,2026-05-06 15:37:37.531978,prototype
DS_POSITION_REPORT_VW,Position Report Public View,EDLE_PUBL_DB.PNC_DATA.STG_POSITION_REPORT_VW,P&C,VIEW,2026-04-15,52851c63,60.0,AMBER,Paul Field,,100,GREEN,Workday,CORE,89,GREEN,1,0,1,2026-04-07 20:00:00,94.53694879995179,GREEN,2026-04-13 20:27:58.399026,168,27.53,96.89755817547893,GREEN,"TWID,POSITION_ID",POSITION_ID,3.1,70.83333333333333,AMBER,24,17,52.28426395939086,RED,197,103,100.0,GREEN,2,2,58.333333333333336,RED,35,1344,66.23311704704125,AMBER,3.31,6,81.51,SILVER,2026-05-06 15:37:37.539343,prototype
DS_POSITION_REPORT_VW,Position Report Public View,EDLE_PUBL_DB.PNC_DATA.STG_POSITION_REPORT_VW,P&C,VIEW,2026-04-16,d4aee22e,60.0,AMBER,Paul Field,,100,GREEN,Workday,CORE,98,GREEN,0,0,2,2026-04-14 03:00:00,96.42349834863376,GREEN,2026-04-15 05:58:27.954038,168,18.03,99.02422679110212,GREEN,"TWID,POSITION_ID",TWID,0.98,79.16666666666667,AMBER,24,19,52.20125786163522,RED,159,83,100.0,GREEN,2,2,61.666666666666664,AMBER,37,1611,93.31194938535074,GREEN,4.67,10,85.43,GOLD,2026-05-06 15:37:37.545982,prototype
DS_POSITION_REPORT_VW,Position Report Public View,EDLE_PUBL_DB.PNC_DATA.STG_POSITION_REPORT_VW,P&C,VIEW,2026-04-17,e0ae6445,60.0,AMBER,Paul Field,,100,GREEN,Workday,CORE,96,GREEN,0,1,1,2026-04-10 03:00:00,94.38746344224624,GREEN,2026-04-15 19:42:46.136696,168,28.29,98.1104490764314,GREEN,"TWID,POSITION_ID",TWID,1.89,79.16666666666667,AMBER,24,19,56.71641791044776,RED,67,38,100.0,GREEN,2,2,56.666666666666664,RED,34,1364,75.05115760199544,AMBER,3.75,3,84.11,SILVER,2026-05-06 15:37:37.551570,prototype
DS_POSITION_REPORT_VW,Position Report Public View,EDLE_PUBL_DB.PNC_DATA.STG_POSITION_REPORT_VW,P&C,VIEW,2026-04-18,c6a618c0,60.0,AMBER,Paul Field,,100,GREEN,Workday,CORE,91,GREEN,0,3,0,2026-04-10 17:00:00,95.96566565401446,GREEN,2026-04-17 03:40:01.037626,168,20.33,96.77156837074172,GREEN,"TWID,POSITION_ID",TWID,3.23,79.16666666666667,AMBER,24,19,53.191489361702125,RED,141,75,100.0,GREEN,2,2,65.0,AMBER,39,1702,79.14692242517263,AMBER,3.96,8,83.92,SILVER,2026-05-06 15:37:37.554618,prototype
DS_POSITION_REPORT_VW,Position Report Public View,EDLE_PUBL_DB.PNC_DATA.STG_POSITION_REPORT_VW,P&C,VIEW,2026-04-19,ae8869af,60.0,AMBER,Paul Field,,100,GREEN,Workday,CORE,96,GREEN,0,1,1,2026-04-18 08:00:00,92.0319393258318,GREEN,2026-04-17 07:50:27.507128,168,40.16,98.38191555218604,GREEN,"TWID,POSITION_ID",TWID,1.62,75.0,AMBER,24,18,56.30252100840336,RED,119,67,100.0,GREEN,2,2,55.0,RED,33,1295,79.68077700259367,AMBER,3.98,9,83.37,SILVER,2026-05-06 15:37:37.559302,prototype
DS_POSITION_REPORT_VW,Position Report Public View,EDLE_PUBL_DB.PNC_DATA.STG_POSITION_REPORT_VW,P&C,VIEW,2026-04-20,9fdde62c,60.0,AMBER,Paul Field,,100,GREEN,Workday,CORE,86,GREEN,1,1,1,2026-04-12 15:00:00,92.83064530855388,GREEN,2026-04-18 11:51:59.228478,168,36.13,99.69219328596378,GREEN,"TWID,POSITION_ID",POSITION_ID,0.31,79.16666666666667,AMBER,24,19,54.6583850931677,RED,161,88,100.0,GREEN,2,2,38.333333333333336,RED,23,938,66.69794134972618,AMBER,3.33,5,81.31,SILVER,2026-05-06 15:37:37.561150,prototype
DS_POSITION_REPORT_VW,Position Report Public View,EDLE_PUBL_DB.PNC_DATA.STG_POSITION_REPORT_VW,P&C,VIEW,2026-04-21,3558d04b,60.0,AMBER,Paul Field,,100,GREEN,Workday,CORE,87,GREEN,1,0,3,2026-04-18 15:00:00,94.92635964982877,GREEN,2026-04-19 22:25:43.869486,168,25.57,100.0,GREEN,"TWID,POSITION_ID",TWID,0.0,83.33333333333333,GREEN,24,20,54.883720930232556,RED,215,118,100.0,GREEN,2,2,55.0,RED,33,1282,81.01864531818424,GREEN,4.05,7,83.86,SILVER,2026-05-06 15:37:37.563275,prototype
DS_POSITION_REPORT_VW,Position Report Public View,EDLE_PUBL_DB.PNC_DATA.STG_POSITION_REPORT_VW,P&C,VIEW,2026-04-22,0878c516,60.0,AMBER,Paul Field,,100,GREEN,Workday,CORE,84,GREEN,1,1,3,2026-04-16 06:00:00,97.99758127540835,GREEN,2026-04-21 13:54:28.114661,168,10.09,95.73397344224233,GREEN,"TWID,POSITION_ID",POSITION_ID,4.27,79.16666666666667,AMBER,24,19,54.54545454545455,RED,187,102,100.0,GREEN,2,2,55.0,RED,33,1307,89.6256478797042,GREEN,4.48,10,83.15,SILVER,2026-05-06 15:37:37.565089,prototype
DS_POSITION_REPORT_VW,Position Report Public View,EDLE_PUBL_DB.PNC_DATA.STG_POSITION_REPORT_VW,P&C,VIEW,2026-04-23,d7166954,60.0,AMBER,Paul Field,,100,GREEN,Workday,CORE,87,GREEN,1,1,0,2026-04-17 23:00:00,96.99851248394663,GREEN,2026-04-22 08:52:21.010509,168,15.13,98.55907648594766,GREEN,"TWID,POSITION_ID",POSITION_ID,1.44,100.0,GREEN,24,24,56.58914728682171,RED,129,73,100.0,GREEN,2,2,50.0,RED,30,1229,77.54831508239573,AMBER,3.88,7,85.65,GOLD,2026-05-06 15:37:37.569768,prototype
DS_POSITION_REPORT_VW,Position Report Public View,EDLE_PUBL_DB.PNC_DATA.STG_POSITION_REPORT_VW,P&C,VIEW,2026-04-24,d8d2efeb,60.0,AMBER,Paul Field,,100,GREEN,Workday,CORE,77,AMBER,2,0,3,2026-04-23 12:00:00,94.92176005192185,GREEN,2026-04-22 22:24:20.414382,168,25.59,98.04369806817176,GREEN,"TWID,POSITION_ID",TWID,1.96,75.0,AMBER,24,18,51.351351351351354,RED,111,57,100.0,GREEN,2,2,45.0,RED,27,1100,73.32966362936786,AMBER,3.67,5,80.2,SILVER,2026-05-06 15:37:37.573340,prototype
DS_POSITION_REPORT_VW,Position Report Public View,EDLE_PUBL_DB.PNC_DATA.STG_POSITION_REPORT_VW,P&C,VIEW,2026-04-25,e74812de,60.0,AMBER,Paul Field,,100,GREEN,Workday,CORE,100,GREEN,0,0,0,2026-04-19 07:00:00,98.2968490217077,GREEN,2026-04-24 15:24:58.028650,168,8.58,98.67510737302504,GREEN,"TWID,POSITION_ID",TWID,1.32,70.83333333333333,AMBER,24,17,51.5625,RED,128,66,100.0,GREEN,2,2,33.333333333333336,RED,20,747,87.62354688351789,GREEN,4.38,8,82.91,SILVER,2026-05-06 15:37:37.575063,prototype
DS_POSITION_REPORT_VW,Position Report Public View,EDLE_PUBL_DB.PNC_DATA.STG_POSITION_REPORT_VW,P&C,VIEW,2026-04-26,f823d0f8,60.0,AMBER,Paul Field,,100,GREEN,Workday,CORE,100,GREEN,0,0,0,2026-04-24 21:00:00,100.0,GREEN,2026-04-26 00:00:00.000000,168,0.0,95.89517927359888,GREEN,"TWID,POSITION_ID",POSITION_ID,4.1,100.0,GREEN,24,24,52.77777777777778,RED,72,38,100.0,GREEN,2,2,45.0,RED,27,968,82.44859862427111,GREEN,4.12,5,86.85,GOLD,2026-05-06 15:37:37.576593,prototype
DS_POSITION_REPORT_VW,Position Report Public View,EDLE_PUBL_DB.PNC_DATA.STG_POSITION_REPORT_VW,P&C,VIEW,2026-04-27,d16b9d6f,60.0,AMBER,Paul Field,,100,GREEN,Workday,CORE,100,GREEN,0,0,0,2026-04-20 06:00:00,94.86389664887093,GREEN,2026-04-25 22:06:50.540797,168,25.89,100.0,GREEN,"TWID,POSITION_ID",TWID,0.0,79.16666666666667,AMBER,24,19,52.06611570247934,RED,121,63,100.0,GREEN,2,2,65.0,AMBER,39,1577,92.78742830335061,GREEN,4.64,10,85.76,GOLD,2026-05-06 15:37:37.578145,prototype
DS_POSITION_REPORT_VW,Position Report Public View,EDLE_PUBL_DB.PNC_DATA.STG_POSITION_REPORT_VW,P&C,VIEW,2026-04-28,adf3e908,60.0,AMBER,Paul Field,,100,GREEN,Workday,CORE,86,GREEN,1,1,1,2026-04-22 10:00:00,89.69518987118771,GREEN,2026-04-25 20:03:49.525023,168,51.94,98.71722126405389,GREEN,"TWID,POSITION_ID",TWID,1.28,83.33333333333333,GREEN,24,20,51.94174757281554,RED,206,107,100.0,GREEN,2,2,50.0,RED,30,1249,79.30778115524328,AMBER,3.97,11,82.23,SILVER,2026-05-06 15:37:37.579633,prototype
DS_POSITION_REPORT_VW,Position Report Public View,EDLE_PUBL_DB.PNC_DATA.STG_POSITION_REPORT_VW,P&C,VIEW,2026-04-29,60f5076d,60.0,AMBER,Paul Field,,100,GREEN,Workday,CORE,98,GREEN,0,0,2,2026-04-22 14:00:00,97.81350030413343,GREEN,2026-04-28 12:58:48.149518,168,11.02,96.62996668652755,GREEN,"TWID,POSITION_ID",POSITION_ID,3.37,83.33333333333333,GREEN,24,20,53.63636363636363,RED,110,59,100.0,GREEN,2,2,53.333333333333336,RED,32,1211,76.27435801197444,AMBER,3.81,9,84.72,SILVER,2026-05-06 15:37:37.581101,prototype
DS_POSITION_REPORT_VW,Position Report Public View,EDLE_PUBL_DB.PNC_DATA.STG_POSITION_REPORT_VW,P&C,VIEW,2026-04-30,c87216b8,60.0,AMBER,Paul Field,,100,GREEN,Workday,CORE,98,GREEN,0,0,2,2026-04-28 17:00:00,93.98943106053972,GREEN,2026-04-28 17:42:24.237162,168,30.29,93.70643210794735,GREEN,"TWID,POSITION_ID",POSITION_ID,6.29,87.5,GREEN,24,21,53.164556962025316,RED,79,42,100.0,GREEN,2,2,55.0,RED,33,1343,76.03222831969927,AMBER,3.8,12,84.33,SILVER,2026-05-06 15:37:37.582714,prototype
DS_POSITION_REPORT_VW,Position Report Public View,EDLE_PUBL_DB.PNC_DATA.STG_POSITION_REPORT_VW,P&C,VIEW,2026-05-01,40ca9c1d,60.0,AMBER,Paul Field,,100,GREEN,Workday,CORE,95,GREEN,0,1,2,2026-04-26 01:00:00,96.73279695696637,GREEN,2026-04-30 07:31:59.867987,168,16.47,99.35575179004209,GREEN,"TWID,POSITION_ID",POSITION_ID,0.64,87.5,GREEN,24,21,55.778894472361806,RED,199,111,100.0,GREEN,2,2,50.0,RED,30,1208,100.0,GREEN,5.0,9,86.01,GOLD,2026-05-06 15:37:37.584359,prototype
DS_POSITION_REPORT_VW,Position Report Public View,EDLE_PUBL_DB.PNC_DATA.STG_POSITION_REPORT_VW,P&C,VIEW,2026-05-02,060c7a1e,60.0,AMBER,Paul Field,,100,GREEN,Workday,CORE,99,GREEN,0,0,1,2026-04-28 11:00:00,95.23898594216244,GREEN,2026-05-01 00:00:16.160935,168,24.0,96.79740652869701,GREEN,"TWID,POSITION_ID",POSITION_ID,3.2,79.16666666666667,AMBER,24,19,57.64705882352941,RED,85,49,100.0,GREEN,2,2,65.0,AMBER,39,1589,80.97905263431365,GREEN,4.05,7,85.22,GOLD,2026-05-06 15:37:37.585799,prototype
DS_POSITION_REPORT_VW,Position Report Public View,EDLE_PUBL_DB.PNC_DATA.STG_POSITION_REPORT_VW,P&C,VIEW,2026-05-03,6b2f40a7,60.0,AMBER,Paul Field,,100,GREEN,Workday,CORE,100,GREEN,0,0,0,2026-04-24 19:00:00,97.24750823402056,GREEN,2026-05-02 10:07:38.789398,168,13.87,95.19609050561176,GREEN,"TWID,POSITION_ID",TWID,4.8,75.0,AMBER,24,18,47.32142857142857,RED,112,53,100.0,GREEN,2,2,53.333333333333336,RED,32,1260,78.03185880839114,AMBER,3.9,11,83.25,SILVER,2026-05-06 15:37:37.587180,prototype
DS_POSITION_REPORT_VW,Position Report Public View,EDLE_PUBL_DB.PNC_DATA.STG_POSITION_REPORT_VW,P&C,VIEW,2026-05-04,48e58f5b,60.0,AMBER,Paul Field,,100,GREEN,Workday,CORE,100,GREEN,0,0,0,2026-04-30 14:00:00,95.7558308247766,GREEN,2026-05-03 02:36:33.794485,168,21.39,96.9187654851499,GREEN,"TWID,POSITION_ID",TWID,3.08,83.33333333333333,GREEN,24,20,55.88235294117647,RED,170,95,100.0,GREEN,2,2,60.0,AMBER,36,1401,99.02005336970312,GREEN,4.95,7,86.21,GOLD,2026-05-06 15:37:37.588562,prototype
DS_POSITION_REPORT_VW,Position Report Public View,EDLE_PUBL_DB.PNC_DATA.STG_POSITION_REPORT_VW,P&C,VIEW,2026-05-05,60730851,60.0,AMBER,Paul Field,,100,GREEN,Workday,CORE,99,GREEN,0,0,1,2026-05-04 10:00:00,94.17041987681597,GREEN,2026-05-03 18:37:08.098245,168,29.38,99.86431831172156,GREEN,"TWID,POSITION_ID",TWID,0.14,79.16666666666667,AMBER,24,19,56.666666666666664,RED,120,68,100.0,GREEN,2,2,48.333333333333336,RED,29,1177,89.78104371503429,GREEN,4.49,3,84.77,SILVER,2026-05-06 15:37:37.589936,prototype
DS_POSITION_REPORT_VW,Position Report Public View,EDLE_PUBL_DB.PNC_DATA.STG_POSITION_REPORT_VW,P&C,VIEW,2026-05-06,f3d01ad8,60.0,AMBER,Paul Field,,100,GREEN,Workday,CORE,89,GREEN,1,0,1,2026-04-29 19:00:00,99.70576816731804,GREEN,2026-05-05 22:31:01.457628,168,1.48,95.83951013466272,GREEN,"TWID,POSITION_ID",TWID,4.16,79.16666666666667,AMBER,24,19,55.348837209302324,RED,215,119,100.0,GREEN,2,2,56.666666666666664,RED,34,1532,86.70200918171491,GREEN,4.34,8,84.05,SILVER,2026-05-06 15:37:37.591297,prototype
DS_TRENDED_REPORT,Workday Trended Report,EDLE_DW_DB.PNC_DATA.DT_TRENDED_REPORT,P&C,SILVER,2026-02-05,9e17ed9d,60.0,AMBER,Perri Ma,,100,GREEN,Workday,CORE,90,GREEN,1,0,0,2026-02-01 04:00:00,92.03743308922975,GREEN,2026-01-27 15:20:35.929855,840,200.66,95.7940060938168,GREEN,"TWID,POSITIONID",TWID,4.21,66.66666666666667,AMBER,24,16,41.48148148148148,RED,135,56,100.0,GREEN,2,2,25.0,RED,15,532,79.79087230911178,AMBER,3.99,13,78.31,SILVER,2026-05-06 15:37:37.592682,prototype
DS_TRENDED_REPORT,Workday Trended Report,EDLE_DW_DB.PNC_DATA.DT_TRENDED_REPORT,P&C,SILVER,2026-02-06,e75c61d0,60.0,AMBER,Perri Ma,,100,GREEN,Workday,CORE,96,GREEN,0,1,1,2026-01-28 21:00:00,88.73993722867411,GREEN,2026-01-25 04:14:47.105385,840,283.75,97.18693678177395,GREEN,"TWID,POSITIONID",POSITIONID,2.81,79.16666666666667,AMBER,24,19,43.689320388349515,RED,103,45,100.0,GREEN,2,2,11.666666666666666,RED,7,386,89.84806575854512,GREEN,4.49,3,80.04,SILVER,2026-05-06 15:37:37.594049,prototype
DS_TRENDED_REPORT,Workday Trended Report,EDLE_DW_DB.PNC_DATA.DT_TRENDED_REPORT,P&C,SILVER,2026-02-07,70ccb3f7,60.0,AMBER,Perri Ma,,100,GREEN,Workday,CORE,85,GREEN,1,1,2,2026-02-04 22:00:00,89.3895582516371,GREEN,2026-01-26 20:37:00.724589,840,267.38,95.09477597592372,GREEN,"TWID,POSITIONID",TWID,4.91,75.0,AMBER,24,18,46.42857142857143,RED,168,78,100.0,GREEN,2,2,30.0,RED,18,702,81.76900769813196,GREEN,4.09,4,79.01,SILVER,2026-05-06 15:37:37.595440,prototype
DS_TRENDED_REPORT,Workday Trended Report,EDLE_DW_DB.PNC_DATA.DT_TRENDED_REPORT,P&C,SILVER,2026-02-08,b4e35dd5,60.0,AMBER,Perri Ma,,100,GREEN,Workday,CORE,88,GREEN,0,3,3,2026-02-01 05:00:00,94.73234076438445,GREEN,2026-02-02 11:15:17.954145,840,132.75,93.77672214668172,GREEN,"TWID,POSITIONID",POSITIONID,6.22,70.83333333333333,AMBER,24,17,47.36842105263158,RED,76,36,100.0,GREEN,2,2,30.0,RED,18,755,73.0200297247325,AMBER,3.65,4,79.16,SILVER,2026-05-06 15:37:37.596801,prototype
DS_TRENDED_REPORT,Workday Trended Report,EDLE_DW_DB.PNC_DATA.DT_TRENDED_REPORT,P&C,SILVER,2026-02-09,625432c2,60.0,AMBER,Perri Ma,,100,GREEN,Workday,CORE,97,GREEN,0,1,0,2026-02-03 08:00:00,99.75012410297504,GREEN,2026-02-08 17:42:11.258622,840,6.3,99.65709701838432,GREEN,"TWID,POSITIONID",POSITIONID,0.34,79.16666666666667,AMBER,24,19,44.36619718309859,RED,142,63,100.0,GREEN,2,2,21.666666666666668,RED,13,545,77.59353063698393,AMBER,3.88,7,82.21,SILVER,2026-05-06 15:37:37.598152,prototype
DS_TRENDED_REPORT,Workday Trended Report,EDLE_DW_DB.PNC_DATA.DT_TRENDED_REPORT,P&C,SILVER,2026-02-10,09e4e10e,60.0,AMBER,Perri Ma,,100,GREEN,Workday,CORE,96,GREEN,0,0,4,2026-02-06 19:00:00,98.2056299111495,GREEN,2026-02-08 02:46:54.745539,840,45.22,98.53628494309473,GREEN,"TWID,POSITIONID",TWID,1.46,75.0,AMBER,24,18,47.2,RED,125,59,100.0,GREEN,2,2,16.666666666666668,RED,10,336,71.66266684741893,AMBER,3.58,5,80.91,SILVER,2026-05-06 15:37:37.599502,prototype
DS_TRENDED_REPORT,Workday Trended Report,EDLE_DW_DB.PNC_DATA.DT_TRENDED_REPORT,P&C,SILVER,2026-02-11,578ba5e5,60.0,AMBER,Perri Ma,,100,GREEN,Workday,CORE,97,GREEN,0,0,3,2026-02-06 17:00:00,90.93369503677951,GREEN,2026-02-01 11:31:44.813737,840,228.47,99.30498564236015,GREEN,"TWID,POSITIONID",POSITIONID,0.7,75.0,AMBER,24,18,46.26865671641791,RED,67,31,100.0,GREEN,2,2,15.0,RED,9,281,74.85380389015918,AMBER,3.74,6,80.07,SILVER,2026-05-06 15:37:37.600952,prototype
DS_TRENDED_REPORT,Workday Trended Report,EDLE_DW_DB.PNC_DATA.DT_TRENDED_REPORT,P&C,SILVER,2026-02-12,31c88a19,60.0,AMBER,Perri Ma,,100,GREEN,Workday,CORE,98,GREEN,0,0,2,2026-02-08 22:00:00,96.18088692514232,GREEN,2026-02-07 23:45:30.061849,840,96.24,94.04441667210084,GREEN,"TWID,POSITIONID",TWID,5.96,66.66666666666667,AMBER,24,16,45.17766497461929,RED,197,89,100.0,GREEN,2,2,20.0,RED,12,482,84.87859787873663,GREEN,4.24,3,79.8,SILVER,2026-05-06 15:37:37.602335,prototype
DS_TRENDED_REPORT,Workday Trended Report,EDLE_DW_DB.PNC_DATA.DT_TRENDED_REPORT,P&C,SILVER,2026-02-13,a753dfde,60.0,AMBER,Perri Ma,,100,GREEN,Workday,CORE,99,GREEN,0,0,1,2026-02-08 11:00:00,96.38394642149723,GREEN,2026-02-09 04:52:31.619358,840,91.12,98.9482505687012,GREEN,"TWID,POSITIONID",POSITIONID,1.05,83.33333333333333,GREEN,24,20,46.57534246575342,RED,73,34,100.0,GREEN,2,2,25.0,RED,15,511,96.94838009063682,GREEN,4.85,6,83.53,SILVER,2026-05-06 15:37:37.603699,prototype
DS_TRENDED_REPORT,Workday Trended Report,EDLE_DW_DB.PNC_DATA.DT_TRENDED_REPORT,P&C,SILVER,2026-02-14,60a2a80f,60.0,AMBER,Perri Ma,,100,GREEN,Workday,CORE,76,AMBER,2,1,1,2026-02-07 21:00:00,99.69169798879655,GREEN,2026-02-13 16:13:50.841544,840,7.77,97.21324651027243,GREEN,"TWID,POSITIONID",POSITIONID,2.79,83.33333333333333,GREEN,24,20,41.86046511627907,RED,43,18,100.0,GREEN,2,2,8.333333333333334,RED,5,204,70.39376552024721,AMBER,3.52,7,78.55,SILVER,2026-05-06 15:37:37.605130,prototype
DS_TRENDED_REPORT,Workday Trended Report,EDLE_DW_DB.PNC_DATA.DT_TRENDED_REPORT,P&C,SILVER,2026-02-15,918690b5,60.0,AMBER,Perri Ma,,100,GREEN,Workday,CORE,93,GREEN,0,2,1,2026-02-14 20:00:00,94.40214581009691,GREEN,2026-02-09 02:56:02.667892,840,141.07,99.29333867368787,GREEN,"TWID,POSITIONID",POSITIONID,0.71,70.83333333333333,AMBER,24,17,48.07692307692308,RED,156,75,100.0,GREEN,2,2,28.333333333333332,RED,17,569,70.34421102920126,AMBER,3.52,9,80.34,SILVER,2026-05-06 15:37:37.606491,prototype
DS_TRENDED_REPORT,Workday Trended Report,EDLE_DW_DB.PNC_DATA.DT_TRENDED_REPORT,P&C,SILVER,2026-02-16,7235641b,60.0,AMBER,Perri Ma,,100,GREEN,Workday,CORE,79,AMBER,2,0,1,2026-02-15 19:00:00,100.0,GREEN,2026-02-16 00:00:00.000000,840,0.0,97.28927116603244,GREEN,"TWID,POSITIONID",TWID,2.71,70.83333333333333,AMBER,24,17,42.1875,RED,128,54,100.0,GREEN,2,2,6.666666666666667,RED,4,157,77.43477180873965,AMBER,3.87,8,77.67,SILVER,2026-05-06 15:37:37.607843,prototype
DS_TRENDED_REPORT,Workday Trended Report,EDLE_DW_DB.PNC_DATA.DT_TRENDED_REPORT,P&C,SILVER,2026-02-17,607d4134,60.0,AMBER,Perri Ma,,100,GREEN,Workday,CORE,100,GREEN,0,0,0,2026-02-11 21:00:00,99.5972369093569,GREEN,2026-02-16 13:51:01.332417,840,10.15,95.55264046024064,GREEN,"TWID,POSITIONID",TWID,4.45,79.16666666666667,AMBER,24,19,46.89265536723164,RED,177,83,100.0,GREEN,2,2,30.0,RED,18,758,70.72473092677,AMBER,3.54,8,82.4,SILVER,2026-05-06 15:37:37.609263,prototype
DS_TRENDED_REPORT,Workday Trended Report,EDLE_DW_DB.PNC_DATA.DT_TRENDED_REPORT,P&C,SILVER,2026-02-18,0247a361,60.0,AMBER,Perri Ma,,100,GREEN,Workday,CORE,97,GREEN,0,1,0,2026-02-10 08:00:00,99.04558882770232,GREEN,2026-02-16 23:56:55.818449,840,24.05,96.94538459842741,GREEN,"TWID,POSITIONID",TWID,3.05,79.16666666666667,AMBER,24,19,45.833333333333336,RED,48,22,100.0,GREEN,2,2,0.0,RED,0,0,76.16399280295818,AMBER,3.81,3,80.49,SILVER,2026-05-06 15:37:37.610658,prototype
DS_TRENDED_REPORT,Workday Trended Report,EDLE_DW_DB.PNC_DATA.DT_TRENDED_REPORT,P&C,SILVER,2026-02-19,eca2dd84,60.0,AMBER,Perri Ma,,100,GREEN,Workday,CORE,97,GREEN,0,0,3,2026-02-15 22:00:00,89.14663792638714,GREEN,2026-02-07 14:29:42.992682,840,273.5,98.96196397656828,GREEN,"TWID,POSITIONID",POSITIONID,1.04,79.16666666666667,AMBER,24,19,45.18072289156626,RED,166,75,100.0,GREEN,2,2,23.333333333333332,RED,14,557,92.39610665185593,GREEN,4.62,9,81.39,SILVER,2026-05-06 15:37:37.612000,prototype
DS_TRENDED_REPORT,Workday Trended Report,EDLE_DW_DB.PNC_DATA.DT_TRENDED_REPORT,P&C,SILVER,2026-02-20,b252b237,60.0,AMBER,Perri Ma,,100,GREEN,Workday,CORE,95,GREEN,0,0,5,2026-02-19 09:00:00,95.0949815061243,GREEN,2026-02-14 20:23:36.722236,840,123.61,97.46032256588897,GREEN,"TWID,POSITIONID",TWID,2.54,75.0,AMBER,24,18,48.85496183206107,RED,131,64,100.0,GREEN,2,2,8.333333333333334,RED,5,221,79.11446561708408,AMBER,3.96,12,80.13,SILVER,2026-05-06 15:37:37.613361,prototype
DS_TRENDED_REPORT,Workday Trended Report,EDLE_DW_DB.PNC_DATA.DT_TRENDED_REPORT,P&C,SILVER,2026-02-21,4985f573,60.0,AMBER,Perri Ma,,100,GREEN,Workday,CORE,93,GREEN,0,2,1,2026-02-14 06:00:00,97.85161126248744,GREEN,2026-02-18 17:51:38.173733,840,54.14,95.64173277252793,GREEN,"TWID,POSITIONID",POSITIONID,4.36,75.0,AMBER,24,18,44.89795918367347,RED,98,44,100.0,GREEN,2,2,28.333333333333332,RED,17,720,81.46794064412313,GREEN,4.07,7,81.0,SILVER,2026-05-06 15:37:37.614727,prototype
DS_TRENDED_REPORT,Workday Trended Report,EDLE_DW_DB.PNC_DATA.DT_TRENDED_REPORT,P&C,SILVER,2026-02-22,c876c5f6,60.0,AMBER,Perri Ma,,100,GREEN,Workday,CORE,100,GREEN,0,0,0,2026-02-16 03:00:00,99.9956432166049,GREEN,2026-02-21 23:53:24.752610,840,0.11,95.72611182695908,GREEN,"TWID,POSITIONID",TWID,4.27,87.5,GREEN,24,21,48.07692307692308,RED,156,75,100.0,GREEN,2,2,5.0,RED,3,119,87.28695997072812,GREEN,4.36,6,82.74,SILVER,2026-05-06 15:37:37.616157,prototype
DS_TRENDED_REPORT,Workday Trended Report,EDLE_DW_DB.PNC_DATA.DT_TRENDED_REPORT,P&C,SILVER,2026-02-23,bfb88090,60.0,AMBER,Perri Ma,,100,GREEN,Workday,CORE,97,GREEN,0,1,0,2026-02-17 12:00:00,93.91513593440081,GREEN,2026-02-16 14:39:41.131969,840,153.34,98.5614293158693,GREEN,"TWID,POSITIONID",TWID,1.44,91.66666666666667,GREEN,24,22,42.608695652173914,RED,115,49,100.0,GREEN,2,2,11.666666666666666,RED,7,297,99.58727698744622,GREEN,4.98,7,82.88,SILVER,2026-05-06 15:37:37.618042,prototype
DS_TRENDED_REPORT,Workday Trended Report,EDLE_DW_DB.PNC_DATA.DT_TRENDED_REPORT,P&C,SILVER,2026-02-24,e3144f9f,60.0,AMBER,Perri Ma,,100,GREEN,Workday,CORE,100,GREEN,0,0,0,2026-02-23 16:00:00,96.93328570736846,GREEN,2026-02-20 18:43:07.679372,840,77.28,98.03839493102363,GREEN,"TWID,POSITIONID",POSITIONID,1.96,87.5,GREEN,24,21,45.56962025316456,RED,158,72,100.0,GREEN,2,2,18.333333333333332,RED,11,522,86.07569845070927,GREEN,4.3,14,83.18,SILVER,2026-05-06 15:37:37.619485,prototype
DS_TRENDED_REPORT,Workday Trended Report,EDLE_DW_DB.PNC_DATA.DT_TRENDED_REPORT,P&C,SILVER,2026-02-25,c22cb411,60.0,AMBER,Perri Ma,,100,GREEN,Workday,CORE,100,GREEN,0,0,0,2026-02-18 00:00:00,92.34020664168328,GREEN,2026-02-16 22:58:23.546534,840,193.03,98.0157739192831,GREEN,"TWID,POSITIONID",TWID,1.98,87.5,GREEN,24,21,47.31182795698925,RED,93,44,100.0,GREEN,2,2,15.0,RED,9,376,93.42788587756482,GREEN,4.67,8,82.77,SILVER,2026-05-06 15:37:37.620876,prototype
DS_TRENDED_REPORT,Workday Trended Report,EDLE_DW_DB.PNC_DATA.DT_TRENDED_REPORT,P&C,SILVER,2026-02-26,9a2a27eb,60.0,AMBER,Perri Ma,,100,GREEN,Workday,CORE,96,GREEN,0,1,1,2026-02-24 15:00:00,98.5644420247572,GREEN,2026-02-24 11:49:26.180486,840,36.18,94.7192370449641,GREEN,"TWID,POSITIONID",TWID,5.28,70.83333333333333,AMBER,24,17,53.125,RED,96,51,100.0,GREEN,2,2,25.0,RED,15,544,81.81278166334874,GREEN,4.09,6,81.3,SILVER,2026-05-06 15:37:37.622292,prototype
DS_TRENDED_REPORT,Workday Trended Report,EDLE_DW_DB.PNC_DATA.DT_TRENDED_REPORT,P&C,SILVER,2026-02-27,f2f183dd,60.0,AMBER,Perri Ma,,100,GREEN,Workday,CORE,99,GREEN,0,0,1,2026-02-19 08:00:00,97.55123041325878,GREEN,2026-02-24 10:17:27.623091,840,61.71,100.0,GREEN,"TWID,POSITIONID",TWID,0.0,83.33333333333333,GREEN,24,20,42.666666666666664,RED,75,32,100.0,GREEN,2,2,13.333333333333334,RED,8,395,81.7205047365056,GREEN,4.09,12,82.22,SILVER,2026-05-06 15:37:37.623659,prototype
DS_TRENDED_REPORT,Workday Trended Report,EDLE_DW_DB.PNC_DATA.DT_TRENDED_REPORT,P&C,SILVER,2026-02-28,3c8894d8,60.0,AMBER,Perri Ma,,100,GREEN,Workday,CORE,100,GREEN,0,0,0,2026-02-21 11:00:00,99.93884666015256,GREEN,2026-02-27 22:27:32.169009,840,1.54,98.79065503192861,GREEN,"TWID,POSITIONID",POSITIONID,1.21,83.33333333333333,GREEN,24,20,39.62264150943396,RED,53,21,100.0,GREEN,2,2,45.0,RED,27,1124,92.72840236068919,GREEN,4.64,7,84.6,SILVER,2026-05-06 15:37:37.625038,prototype
DS_TRENDED_REPORT,Workday Trended Report,EDLE_DW_DB.PNC_DATA.DT_TRENDED_REPORT,P&C,SILVER,2026-03-01,4de827be,60.0,AMBER,Perri Ma,,100,GREEN,Workday,CORE,97,GREEN,0,1,0,2026-02-20 17:00:00,100.0,GREEN,2026-03-01 00:00:00.000000,840,0.0,95.37785038274075,GREEN,"TWID,POSITIONID",TWID,4.62,79.16666666666667,AMBER,24,19,41.0958904109589,RED,73,30,100.0,GREEN,2,2,13.333333333333334,RED,8,284,74.1591304943296,AMBER,3.71,10,80.75,SILVER,2026-05-06 15:37:37.626426,prototype
DS_TRENDED_REPORT,Workday Trended Report,EDLE_DW_DB.PNC_DATA.DT_TRENDED_REPORT,P&C,SILVER,2026-03-02,f17faa1d,60.0,AMBER,Perri Ma,,100,GREEN,Workday,CORE,95,GREEN,0,1,2,2026-02-26 01:00:00,94.96214580310344,GREEN,2026-02-24 17:02:45.867258,840,126.95,97.28360882260232,GREEN,"TWID,POSITIONID",TWID,2.72,75.0,AMBER,24,18,45.911949685534594,RED,159,73,100.0,GREEN,2,2,23.333333333333332,RED,14,531,91.38732209544526,GREEN,4.57,6,81.24,SILVER,2026-05-06 15:37:37.627897,prototype
DS_TRENDED_REPORT,Workday Trended Report,EDLE_DW_DB.PNC_DATA.DT_TRENDED_REPORT,P&C,SILVER,2026-03-03,57a6696f,60.0,AMBER,Perri Ma,,100,GREEN,Workday,CORE,98,GREEN,0,0,2,2026-02-25 06:00:00,98.21695691625759,GREEN,2026-03-01 03:04:02.331443,840,44.93,97.6373992634246,GREEN,"TWID,POSITIONID",POSITIONID,2.36,79.16666666666667,AMBER,24,19,44.44444444444444,RED,117,52,100.0,GREEN,2,2,16.666666666666668,RED,10,512,65.2227762338032,AMBER,3.26,6,81.04,SILVER,2026-05-06 15:37:37.629276,prototype
DS_TRENDED_REPORT,Workday Trended Report,EDLE_DW_DB.PNC_DATA.DT_TRENDED_REPORT,P&C,SILVER,2026-03-04,e72a33ba,60.0,AMBER,Perri Ma,,100,GREEN,Workday,CORE,97,GREEN,0,1,0,2026-02-24 05:00:00,94.28591103029585,GREEN,2026-02-26 00:00:17.848668,840,144.0,100.0,GREEN,"TWID,POSITIONID",TWID,0.0,66.66666666666667,AMBER,24,16,46.36871508379888,RED,179,83,100.0,GREEN,2,2,21.666666666666668,RED,13,545,70.87589708442519,AMBER,3.54,9,79.88,SILVER,2026-05-06 15:37:37.630624,prototype
DS_TRENDED_REPORT,Workday Trended Report,EDLE_DW_DB.PNC_DATA.DT_TRENDED_REPORT,P&C,SILVER,2026-03-05,4ad1e2e6,60.0,AMBER,Perri Ma,,100,GREEN,Workday,CORE,98,GREEN,0,0,2,2026-03-04 02:00:00,96.10266455092587,GREEN,2026-02-28 21:47:13.728060,840,98.21,98.74262153705571,GREEN,"TWID,POSITIONID",POSITIONID,1.26,83.33333333333333,GREEN,24,20,44.24242424242424,RED,165,73,100.0,GREEN,2,2,26.666666666666668,RED,16,597,71.79857840566727,AMBER,3.59,11,82.25,SILVER,2026-05-06 15:37:37.631979,prototype
DS_TRENDED_REPORT,Workday Trended Report,EDLE_DW_DB.PNC_DATA.DT_TRENDED_REPORT,P&C,SILVER,2026-03-06,e7d9621a,60.0,AMBER,Perri Ma,,100,GREEN,Workday,CORE,99,GREEN,0,0,1,2026-02-26 10:00:00,100.0,GREEN,2026-03-06 00:00:00.000000,840,0.0,96.83204305584661,GREEN,"TWID,POSITIONID",POSITIONID,3.17,79.16666666666667,AMBER,24,19,44.01913875598086,RED,209,92,100.0,GREEN,2,2,20.0,RED,12,507,83.98288789151407,GREEN,4.2,9,82.22,SILVER,2026-05-06 15:37:37.633391,prototype
DS_TRENDED_REPORT,Workday Trended Report,EDLE_DW_DB.PNC_DATA.DT_TRENDED_REPORT,P&C,SILVER,2026-03-07,34800d84,60.0,AMBER,Perri Ma,,100,GREEN,Workday,CORE,100,GREEN,0,0,0,2026-02-27 17:00:00,97.742944851582,GREEN,2026-03-04 15:07:19.956936,840,56.88,97.18994504498612,GREEN,"TWID,POSITIONID",TWID,2.81,79.16666666666667,AMBER,24,19,43.529411764705884,RED,170,74,100.0,GREEN,2,2,33.333333333333336,RED,20,770,89.46940103104106,GREEN,4.47,11,83.05,SILVER,2026-05-06 15:37:37.634821,prototype
DS_TRENDED_REPORT,Workday Trended Report,EDLE_DW_DB.PNC_DATA.DT_TRENDED_REPORT,P&C,SILVER,2026-03-08,26837764,60.0,AMBER,Perri Ma,,100,GREEN,Workday,CORE,97,GREEN,0,1,0,2026-03-07 11:00:00,100.0,GREEN,2026-03-08 00:00:00.000000,840,0.0,98.52379482964591,GREEN,"TWID,POSITIONID",POSITIONID,1.48,87.5,GREEN,24,21,46.45669291338583,RED,127,59,100.0,GREEN,2,2,25.0,RED,15,563,83.94589936264738,GREEN,4.2,9,83.71,SILVER,2026-05-06 15:37:37.636167,prototype
DS_TRENDED_REPORT,Workday Trended Report,EDLE_DW_DB.PNC_DATA.DT_TRENDED_REPORT,P&C,SILVER,2026-03-09,11662054,60.0,AMBER,Perri Ma,,100,GREEN,Workday,CORE,100,GREEN,0,0,0,2026-03-06 23:00:00,99.57423374134058,GREEN,2026-03-08 13:16:14.485014,840,10.73,97.83077131464759,GREEN,"TWID,POSITIONID",TWID,2.17,75.0,AMBER,24,18,51.578947368421055,RED,95,49,100.0,GREEN,2,2,20.0,RED,12,420,83.45785431020003,GREEN,4.17,7,82.5,SILVER,2026-05-06 15:37:37.637528,prototype
DS_TRENDED_REPORT,Workday Trended Report,EDLE_DW_DB.PNC_DATA.DT_TRENDED_REPORT,P&C,SILVER,2026-03-10,df764df6,60.0,AMBER,Perri Ma,,100,GREEN,Workday,CORE,97,GREEN,0,1,0,2026-03-04 13:00:00,97.7080885888758,GREEN,2026-03-07 14:14:37.796783,840,57.76,94.74185087888374,GREEN,"TWID,POSITIONID",POSITIONID,5.26,75.0,AMBER,24,18,47.89915966386555,RED,119,57,100.0,GREEN,2,2,25.0,RED,15,526,72.89213492958329,AMBER,3.64,12,81.03,SILVER,2026-05-06 15:37:37.638996,prototype
DS_TRENDED_REPORT,Workday Trended Report,EDLE_DW_DB.PNC_DATA.DT_TRENDED_REPORT,P&C,SILVER,2026-03-11,e990ee73,60.0,AMBER,Perri Ma,,100,GREEN,Workday,CORE,97,GREEN,0,1,0,2026-03-03 22:00:00,95.13679494111315,GREEN,2026-03-05 21:26:50.037058,840,122.55,97.36918831620672,GREEN,"TWID,POSITIONID",TWID,2.63,87.5,GREEN,24,21,45.07772020725388,RED,193,87,100.0,GREEN,2,2,1.6666666666666667,RED,1,37,84.58167570593575,GREEN,4.23,6,81.38,SILVER,2026-05-06 15:37:37.640391,prototype
DS_TRENDED_REPORT,Workday Trended Report,EDLE_DW_DB.PNC_DATA.DT_TRENDED_REPORT,P&C,SILVER,2026-03-12,7b1a7141,60.0,AMBER,Perri Ma,,100,GREEN,Workday,CORE,86,GREEN,1,1,1,2026-03-05 14:00:00,94.96578413000522,GREEN,2026-03-06 17:08:15.936274,840,126.86,98.82375089164292,GREEN,"TWID,POSITIONID",TWID,1.18,79.16666666666667,AMBER,24,19,36.0655737704918,RED,61,22,100.0,GREEN,2,2,26.666666666666668,RED,16,592,85.17315824027298,GREEN,4.26,8,80.04,SILVER,2026-05-06 15:37:37.641778,prototype
DS_TRENDED_REPORT,Workday Trended Report,EDLE_DW_DB.PNC_DATA.DT_TRENDED_REPORT,P&C,SILVER,2026-03-13,cdca5421,60.0,AMBER,Perri Ma,,100,GREEN,Workday,CORE,96,GREEN,0,1,1,2026-03-09 16:00:00,96.24370409638054,GREEN,2026-03-09 01:20:28.835624,840,94.66,96.68860667392043,GREEN,"TWID,POSITIONID",POSITIONID,3.31,70.83333333333333,AMBER,24,17,43.30708661417323,RED,127,55,100.0,GREEN,2,2,25.0,RED,15,612,77.72068062558914,AMBER,3.89,13,80.3,SILVER,2026-05-06 15:37:37.643162,prototype
DS_TRENDED_REPORT,Workday Trended Report,EDLE_DW_DB.PNC_DATA.DT_TRENDED_REPORT,P&C,SILVER,2026-03-14,89939967,60.0,AMBER,Perri Ma,,100,GREEN,Workday,CORE,90,GREEN,1,0,0,2026-03-06 17:00:00,90.6754285427561,GREEN,2026-03-04 05:01:14.877399,840,234.98,97.36734309190244,GREEN,"TWID,POSITIONID",POSITIONID,2.63,83.33333333333333,GREEN,24,20,45.333333333333336,RED,150,68,100.0,GREEN,2,2,15.0,RED,9,401,70.34241075454274,AMBER,3.52,9,79.67,SILVER,2026-05-06 15:37:37.644597,prototype
DS_TRENDED_REPORT,Workday Trended Report,EDLE_DW_DB.PNC_DATA.DT_TRENDED_REPORT,P&C,SILVER,2026-03-15,31e176fc,60.0,AMBER,Perri Ma,,100,GREEN,Workday,CORE,97,GREEN,0,1,0,2026-03-09 15:00:00,100.0,GREEN,2026-03-15 00:00:00.000000,840,0.0,96.57612466991253,GREEN,"TWID,POSITIONID",TWID,3.42,75.0,AMBER,24,18,46.21848739495798,RED,119,55,100.0,GREEN,2,2,6.666666666666667,RED,4,89,93.09742776445853,GREEN,4.65,4,81.18,SILVER,2026-05-06 15:37:37.645958,prototype
DS_TRENDED_REPORT,Workday Trended Report,EDLE_DW_DB.PNC_DATA.DT_TRENDED_REPORT,P&C,SILVER,2026-03-16,baed67c2,60.0,AMBER,Perri Ma,,100,GREEN,Workday,CORE,98,GREEN,0,0,2,2026-03-15 08:00:00,100.0,GREEN,2026-03-16 00:00:00.000000,840,0.0,98.13854425986769,GREEN,"TWID,POSITIONID",TWID,1.86,83.33333333333333,GREEN,24,20,41.791044776119406,RED,201,84,100.0,GREEN,2,2,30.0,RED,18,761,91.604376935668,GREEN,4.58,3,83.51,SILVER,2026-05-06 15:37:37.647311,prototype
DS_TRENDED_REPORT,Workday Trended Report,EDLE_DW_DB.PNC_DATA.DT_TRENDED_REPORT,P&C,SILVER,2026-03-17,721a3bbf,60.0,AMBER,Perri Ma,,100,GREEN,Workday,CORE,92,GREEN,0,2,2,2026-03-12 20:00:00,91.78076893802636,GREEN,2026-03-08 08:52:31.358058,840,207.12,96.0056359723001,GREEN,"TWID,POSITIONID",TWID,3.99,75.0,AMBER,24,18,47.61904761904762,RED,105,50,100.0,GREEN,2,2,23.333333333333332,RED,14,567,90.01417757491262,GREEN,4.5,3,80.34,SILVER,2026-05-06 15:37:37.648673,prototype
DS_TRENDED_REPORT,Workday Trended Report,EDLE_DW_DB.PNC_DATA.DT_TRENDED_REPORT,P&C,SILVER,2026-03-18,30382885,60.0,AMBER,Perri Ma,,100,GREEN,Workday,CORE,96,GREEN,0,1,1,2026-03-16 23:00:00,96.5064663884181,GREEN,2026-03-14 07:57:46.630757,840,88.04,96.75120571863808,GREEN,"TWID,POSITIONID",POSITIONID,3.25,58.333333333333336,RED,24,14,46.15384615384615,RED,195,90,100.0,GREEN,2,2,11.666666666666666,RED,7,340,76.04433237969683,AMBER,3.8,9,78.21,SILVER,2026-05-06 15:37:37.650122,prototype
DS_TRENDED_REPORT,Workday Trended Report,EDLE_DW_DB.PNC_DATA.DT_TRENDED_REPORT,P&C,SILVER,2026-03-19,e260ca4e,60.0,AMBER,Perri Ma,,100,GREEN,Workday,CORE,100,GREEN,0,0,0,2026-03-16 05:00:00,92.58860286859982,GREEN,2026-03-11 05:13:58.052239,840,186.77,99.6305227040308,GREEN,"TWID,POSITIONID",POSITIONID,0.37,70.83333333333333,AMBER,24,17,47.82608695652174,RED,207,99,100.0,GREEN,2,2,21.666666666666668,RED,13,543,71.92883340296332,AMBER,3.6,4,80.61,SILVER,2026-05-06 15:37:37.651844,prototype
DS_TRENDED_REPORT,Workday Trended Report,EDLE_DW_DB.PNC_DATA.DT_TRENDED_REPORT,P&C,SILVER,2026-03-20,776a1730,60.0,AMBER,Perri Ma,,100,GREEN,Workday,CORE,100,GREEN,0,0,0,2026-03-16 10:00:00,92.61763775012875,GREEN,2026-03-12 05:57:52.096692,840,186.04,97.58217395533487,GREEN,"TWID,POSITIONID",POSITIONID,2.42,70.83333333333333,AMBER,24,17,46.82539682539682,RED,126,59,100.0,GREEN,2,2,15.0,RED,9,346,85.49149130878051,GREEN,4.27,7,80.39,SILVER,2026-05-06 15:37:37.653459,prototype
DS_TRENDED_REPORT,Workday Trended Report,EDLE_DW_DB.PNC_DATA.DT_TRENDED_REPORT,P&C,SILVER,2026-03-21,0bbb5071,60.0,AMBER,Perri Ma,,100,GREEN,Workday,CORE,100,GREEN,0,0,0,2026-03-12 19:00:00,97.78942349723975,GREEN,2026-03-18 16:17:36.499670,840,55.71,98.18330889845576,GREEN,"TWID,POSITIONID",TWID,1.82,87.5,GREEN,24,21,45.90163934426229,RED,122,56,100.0,GREEN,2,2,33.333333333333336,RED,20,813,82.72116209737123,GREEN,4.14,11,84.12,SILVER,2026-05-06 15:37:37.654904,prototype
DS_TRENDED_REPORT,Workday Trended Report,EDLE_DW_DB.PNC_DATA.DT_TRENDED_REPORT,P&C,SILVER,2026-03-22,48e26edc,60.0,AMBER,Perri Ma,,100,GREEN,Workday,CORE,95,GREEN,0,0,5,2026-03-14 22:00:00,96.9364062795967,GREEN,2026-03-18 18:47:50.777685,840,77.2,95.28657758275355,GREEN,"TWID,POSITIONID",POSITIONID,4.71,83.33333333333333,GREEN,24,20,43.29896907216495,RED,194,84,100.0,GREEN,2,2,13.333333333333334,RED,8,344,76.98774561455565,AMBER,3.85,8,80.85,SILVER,2026-05-06 15:37:37.656321,prototype
DS_TRENDED_REPORT,Workday Trended Report,EDLE_DW_DB.PNC_DATA.DT_TRENDED_REPORT,P&C,SILVER,2026-03-23,4361f529,60.0,AMBER,Perri Ma,,100,GREEN,Workday,CORE,92,GREEN,0,2,2,2026-03-20 08:00:00,89.70084757182184,GREEN,2026-03-12 04:27:40.891716,840,259.54,95.26472918399799,GREEN,"TWID,POSITIONID",TWID,4.74,75.0,AMBER,24,18,42.52873563218391,RED,87,37,100.0,GREEN,2,2,18.333333333333332,RED,11,436,100.0,GREEN,5.0,7,79.64,SILVER,2026-05-06 15:37:37.657731,prototype
DS_TRENDED_REPORT,Workday Trended Report,EDLE_DW_DB.PNC_DATA.DT_TRENDED_REPORT,P&C,SILVER,2026-03-24,232599f3,60.0,AMBER,Perri Ma,,100,GREEN,Workday,CORE,96,GREEN,0,1,1,2026-03-17 09:00:00,100.0,GREEN,2026-03-24 00:00:00.000000,840,0.0,98.31722802199005,GREEN,"TWID,POSITIONID",POSITIONID,1.68,79.16666666666667,AMBER,24,19,43.506493506493506,RED,154,67,100.0,GREEN,2,2,10.0,RED,6,180,68.30244080017661,AMBER,3.42,10,80.8,SILVER,2026-05-06 15:37:37.659149,prototype
DS_TRENDED_REPORT,Workday Trended Report,EDLE_DW_DB.PNC_DATA.DT_TRENDED_REPORT,P&C,SILVER,2026-03-25,0faea370,60.0,AMBER,Perri Ma,,100,GREEN,Workday,CORE,94,GREEN,0,2,0,2026-03-19 05:00:00,91.3548554277204,GREEN,2026-03-15 22:08:32.484403,840,217.86,95.49902158220698,GREEN,"TWID,POSITIONID",POSITIONID,4.5,75.0,AMBER,24,18,44.705882352941174,RED,170,76,100.0,GREEN,2,2,16.666666666666668,RED,10,418,77.5883541296374,AMBER,3.88,11,79.32,SILVER,2026-05-06 15:37:37.660627,prototype
DS_TRENDED_REPORT,Workday Trended Report,EDLE_DW_DB.PNC_DATA.DT_TRENDED_REPORT,P&C,SILVER,2026-03-26,486dd383,60.0,AMBER,Perri Ma,,100,GREEN,Workday,CORE,90,GREEN,1,0,0,2026-03-21 22:00:00,96.31391014197943,GREEN,2026-03-22 03:06:37.928080,840,92.89,95.2182050037519,GREEN,"TWID,POSITIONID",TWID,4.78,66.66666666666667,AMBER,24,16,44.74885844748859,RED,219,98,100.0,GREEN,2,2,33.333333333333336,RED,20,885,91.13572239086608,GREEN,4.56,7,80.04,SILVER,2026-05-06 15:37:37.662169,prototype
DS_TRENDED_REPORT,Workday Trended Report,EDLE_DW_DB.PNC_DATA.DT_TRENDED_REPORT,P&C,SILVER,2026-03-27,cd6b58ff,60.0,AMBER,Perri Ma,,100,GREEN,Workday,CORE,91,GREEN,0,2,3,2026-03-24 10:00:00,91.41854221142206,GREEN,2026-03-17 23:44:50.149420,840,216.25,95.88719829350272,GREEN,"TWID,POSITIONID",POSITIONID,4.11,62.5,AMBER,24,15,38.541666666666664,RED,96,37,100.0,GREEN,2,2,20.0,RED,12,456,74.7505698457562,AMBER,3.74,8,77.12,SILVER,2026-05-06 15:37:37.663659,prototype
DS_TRENDED_REPORT,Workday Trended Report,EDLE_DW_DB.PNC_DATA.DT_TRENDED_REPORT,P&C,SILVER,2026-03-28,1be24838,60.0,AMBER,Perri Ma,,100,GREEN,Workday,CORE,96,GREEN,0,1,1,2026-03-27 15:00:00,95.32741939050874,GREEN,2026-03-23 02:15:03.487107,840,117.75,94.47761553695587,GREEN,"TWID,POSITIONID",TWID,5.52,70.83333333333333,AMBER,24,17,46.601941747572816,RED,103,48,100.0,GREEN,2,2,23.333333333333332,RED,14,521,73.12904936592747,AMBER,3.66,9,79.85,SILVER,2026-05-06 15:37:37.665167,prototype
DS_TRENDED_REPORT,Workday Trended Report,EDLE_DW_DB.PNC_DATA.DT_TRENDED_REPORT,P&C,SILVER,2026-03-29,6f06445c,60.0,AMBER,Perri Ma,,100,GREEN,Workday,CORE,86,GREEN,1,0,4,2026-03-26 23:00:00,100.0,GREEN,2026-03-29 00:00:00.000000,840,0.0,99.43535700369051,GREEN,"TWID,POSITIONID",TWID,0.56,79.16666666666667,AMBER,24,19,47.340425531914896,RED,188,89,100.0,GREEN,2,2,40.0,RED,24,919,86.71472088823087,GREEN,4.34,6,82.6,SILVER,2026-05-06 15:37:37.666665,prototype
DS_TRENDED_REPORT,Workday Trended Report,EDLE_DW_DB.PNC_DATA.DT_TRENDED_REPORT,P&C,SILVER,2026-03-30,3ff711b7,60.0,AMBER,Perri Ma,,100,GREEN,Workday,CORE,95,GREEN,0,1,2,2026-03-22 06:00:00,100.0,GREEN,2026-03-30 00:00:00.000000,840,0.0,97.97087154478015,GREEN,"TWID,POSITIONID",TWID,2.03,66.66666666666667,AMBER,24,16,48.1203007518797,RED,133,64,100.0,GREEN,2,2,25.0,RED,15,598,76.72187221905419,AMBER,3.84,4,80.73,SILVER,2026-05-06 15:37:37.668250,prototype
DS_TRENDED_REPORT,Workday Trended Report,EDLE_DW_DB.PNC_DATA.DT_TRENDED_REPORT,P&C,SILVER,2026-03-31,a1eeca01,60.0,AMBER,Perri Ma,,100,GREEN,Workday,CORE,97,GREEN,0,0,3,2026-03-25 19:00:00,90.5964159707953,GREEN,2026-03-21 03:01:46.856871,840,236.97,97.62168200513442,GREEN,"TWID,POSITIONID",POSITIONID,2.38,91.66666666666667,GREEN,24,22,42.98245614035088,RED,114,49,100.0,GREEN,2,2,36.666666666666664,RED,22,880,97.07558590020992,GREEN,4.85,3,83.71,SILVER,2026-05-06 15:37:37.669644,prototype
DS_TRENDED_REPORT,Workday Trended Report,EDLE_DW_DB.PNC_DATA.DT_TRENDED_REPORT,P&C,SILVER,2026-04-01,7f452c59,60.0,AMBER,Perri Ma,,100,GREEN,Workday,CORE,98,GREEN,0,0,2,2026-03-31 17:00:00,96.42474872268504,GREEN,2026-03-28 05:54:13.204122,840,90.1,94.90296125505576,GREEN,"TWID,POSITIONID",POSITIONID,5.1,66.66666666666667,AMBER,24,16,41.42857142857143,RED,70,29,100.0,GREEN,2,2,23.333333333333332,RED,14,636,88.58105912752238,GREEN,4.43,6,80.0,SILVER,2026-05-06 15:37:37.671129,prototype
DS_TRENDED_REPORT,Workday Trended Report,EDLE_DW_DB.PNC_DATA.DT_TRENDED_REPORT,P&C,SILVER,2026-04-02,49806548,60.0,AMBER,Perri Ma,,100,GREEN,Workday,CORE,95,GREEN,0,1,2,2026-03-31 21:00:00,91.87610761144535,GREEN,2026-03-24 11:16:40.482510,840,204.72,95.10036229661137,GREEN,"TWID,POSITIONID",POSITIONID,4.9,70.83333333333333,AMBER,24,17,45.97156398104266,RED,211,97,100.0,GREEN,2,2,6.666666666666667,RED,4,160,81.79830765802907,GREEN,4.09,2,78.63,SILVER,2026-05-06 15:37:37.672619,prototype
DS_TRENDED_REPORT,Workday Trended Report,EDLE_DW_DB.PNC_DATA.DT_TRENDED_REPORT,P&C,SILVER,2026-04-03,348f278a,60.0,AMBER,Perri Ma,,100,GREEN,Workday,CORE,82,GREEN,1,2,2,2026-03-27 15:00:00,92.33510351567801,GREEN,2026-03-25 22:50:40.590942,840,193.16,97.8355373897419,GREEN,"TWID,POSITIONID",TWID,2.16,75.0,AMBER,24,18,42.5,RED,160,68,100.0,GREEN,2,2,16.666666666666668,RED,10,397,84.99664288150008,GREEN,4.25,6,78.46,SILVER,2026-05-06 15:37:37.674109,prototype
DS_TRENDED_REPORT,Workday Trended Report,EDLE_DW_DB.PNC_DATA.DT_TRENDED_REPORT,P&C,SILVER,2026-04-04,6ffcd3c9,60.0,AMBER,Perri Ma,,100,GREEN,Workday,CORE,87,GREEN,1,1,0,2026-03-30 06:00:00,95.18258734713076,GREEN,2026-03-29 22:36:04.324132,840,121.4,96.78854481477886,GREEN,"TWID,POSITIONID",TWID,3.21,66.66666666666667,AMBER,24,16,45.95959595959596,RED,198,91,100.0,GREEN,2,2,18.333333333333332,RED,11,498,75.36188017214401,AMBER,3.77,14,78.31,SILVER,2026-05-06 15:37:37.675627,prototype
DS_TRENDED_REPORT,Workday Trended Report,EDLE_DW_DB.PNC_DATA.DT_TRENDED_REPORT,P&C,SILVER,2026-04-05,c6ed83d8,60.0,AMBER,Perri Ma,,100,GREEN,Workday,CORE,92,GREEN,0,2,2,2026-03-27 20:00:00,92.50936524089941,GREEN,2026-03-28 03:14:09.614654,840,188.76,97.9490593321903,GREEN,"TWID,POSITIONID",TWID,2.05,75.0,AMBER,24,18,43.7037037037037,RED,135,59,100.0,GREEN,2,2,21.666666666666668,RED,13,466,72.36605797110965,AMBER,3.62,7,79.6,SILVER,2026-05-06 15:37:37.677123,prototype
DS_TRENDED_REPORT,Workday Trended Report,EDLE_DW_DB.PNC_DATA.DT_TRENDED_REPORT,P&C,SILVER,2026-04-06,ae6dca67,60.0,AMBER,Perri Ma,,100,GREEN,Workday,CORE,89,GREEN,1,0,1,2026-04-01 11:00:00,100.0,GREEN,2026-04-06 00:00:00.000000,840,0.0,97.62281699839292,GREEN,"TWID,POSITIONID",TWID,2.38,75.0,AMBER,24,18,45.16129032258065,RED,155,70,100.0,GREEN,2,2,13.333333333333334,RED,8,349,84.61794657858735,GREEN,4.23,5,80.34,SILVER,2026-05-06 15:37:37.678602,prototype
DS_TRENDED_REPORT,Workday Trended Report,EDLE_DW_DB.PNC_DATA.DT_TRENDED_REPORT,P&C,SILVER,2026-04-07,24aff4fc,60.0,AMBER,Perri Ma,,100,GREEN,Workday,CORE,84,GREEN,1,1,3,2026-03-31 04:00:00,100.0,GREEN,2026-04-07 00:00:00.000000,840,0.0,97.88438311087705,GREEN,"TWID,POSITIONID",POSITIONID,2.12,66.66666666666667,AMBER,24,16,45.0,RED,80,36,100.0,GREEN,2,2,33.333333333333336,RED,20,840,70.3789368261708,AMBER,3.52,7,79.4,SILVER,2026-05-06 15:37:37.680094,prototype
DS_TRENDED_REPORT,Workday Trended Report,EDLE_DW_DB.PNC_DATA.DT_TRENDED_REPORT,P&C,SILVER,2026-04-08,7e1797ec,60.0,AMBER,Perri Ma,,100,GREEN,Workday,CORE,99,GREEN,0,0,1,2026-03-31 03:00:00,94.69744869093307,GREEN,2026-04-02 10:22:32.545241,840,133.62,96.43708305359854,GREEN,"TWID,POSITIONID",TWID,3.56,62.5,AMBER,24,15,37.2093023255814,RED,86,32,100.0,GREEN,2,2,25.0,RED,15,539,79.66602528899041,AMBER,3.98,9,79.0,SILVER,2026-05-06 15:37:37.681569,prototype
DS_TRENDED_REPORT,Workday Trended Report,EDLE_DW_DB.PNC_DATA.DT_TRENDED_REPORT,P&C,SILVER,2026-04-09,fdf12559,60.0,AMBER,Perri Ma,,100,GREEN,Workday,CORE,99,GREEN,0,0,1,2026-04-08 03:00:00,94.28796298880332,GREEN,2026-04-03 00:03:24.002344,840,143.94,96.0778885473492,GREEN,"TWID,POSITIONID",TWID,3.92,58.333333333333336,RED,24,14,47.0,RED,200,94,100.0,GREEN,2,2,43.333333333333336,RED,26,1062,67.66939914723793,AMBER,3.38,3,79.8,SILVER,2026-05-06 15:37:37.683062,prototype
DS_TRENDED_REPORT,Workday Trended Report,EDLE_DW_DB.PNC_DATA.DT_TRENDED_REPORT,P&C,SILVER,2026-04-10,7883612c,60.0,AMBER,Perri Ma,,100,GREEN,Workday,CORE,84,GREEN,1,2,0,2026-04-04 20:00:00,95.85278122587832,GREEN,2026-04-05 15:29:24.312812,840,104.51,96.5360056294238,GREEN,"TWID,POSITIONID",TWID,3.46,66.66666666666667,AMBER,24,16,46.666666666666664,RED,150,70,100.0,GREEN,2,2,23.333333333333332,RED,14,584,91.40286443210357,GREEN,4.57,4,79.0,SILVER,2026-05-06 15:37:37.684560,prototype
DS_TRENDED_REPORT,Workday Trended Report,EDLE_DW_DB.PNC_DATA.DT_TRENDED_REPORT,P&C,SILVER,2026-04-11,4b3bda6b,60.0,AMBER,Perri Ma,,100,GREEN,Workday,CORE,75,AMBER,2,1,2,2026-04-06 01:00:00,97.41328949667151,GREEN,2026-04-08 06:48:53.623138,840,65.19,96.43785876446162,GREEN,"TWID,POSITIONID",TWID,3.56,79.16666666666667,AMBER,24,19,46.733668341708544,RED,199,93,100.0,GREEN,2,2,25.0,RED,15,618,77.35846946327209,AMBER,3.87,10,79.17,SILVER,2026-05-06 15:37:37.686029,prototype
DS_TRENDED_REPORT,Workday Trended Report,EDLE_DW_DB.PNC_DATA.DT_TRENDED_REPORT,P&C,SILVER,2026-04-12,a984db6d,60.0,AMBER,Perri Ma,,100,GREEN,Workday,CORE,93,GREEN,0,2,1,2026-04-05 18:00:00,100.0,GREEN,2026-04-12 00:00:00.000000,840,0.0,94.89811798916817,GREEN,"TWID,POSITIONID",POSITIONID,5.1,75.0,AMBER,24,18,34.375,RED,128,44,100.0,GREEN,2,2,26.666666666666668,RED,16,735,63.455731289447186,AMBER,3.17,7,79.53,SILVER,2026-05-06 15:37:37.687516,prototype
DS_TRENDED_REPORT,Workday Trended Report,EDLE_DW_DB.PNC_DATA.DT_TRENDED_REPORT,P&C,SILVER,2026-04-13,ad512bfb,60.0,AMBER,Perri Ma,,100,GREEN,Workday,CORE,90,GREEN,0,2,4,2026-04-12 06:00:00,95.79156217675768,GREEN,2026-04-08 13:56:50.520675,840,106.05,96.77648553480564,GREEN,"TWID,POSITIONID",TWID,3.22,79.16666666666667,AMBER,24,19,45.93023255813954,RED,172,79,100.0,GREEN,2,2,13.333333333333334,RED,8,311,64.65485917544248,AMBER,3.23,14,79.52,SILVER,2026-05-06 15:37:37.688994,prototype
DS_TRENDED_REPORT,Workday Trended Report,EDLE_DW_DB.PNC_DATA.DT_TRENDED_REPORT,P&C,SILVER,2026-04-14,b476f5e2,60.0,AMBER,Perri Ma,,100,GREEN,Workday,CORE,86,GREEN,1,0,4,2026-04-10 12:00:00,88.9545973439021,GREEN,2026-04-02 09:39:21.071039,840,278.34,97.92299755299386,GREEN,"TWID,POSITIONID",TWID,2.08,62.5,AMBER,24,15,36.8421052631579,RED,76,28,100.0,GREEN,2,2,35.0,RED,21,908,83.46006393225645,GREEN,4.17,9,77.57,SILVER,2026-05-06 15:37:37.690633,prototype
DS_TRENDED_REPORT,Workday Trended Report,EDLE_DW_DB.PNC_DATA.DT_TRENDED_REPORT,P&C,SILVER,2026-04-15,e555fb3a,60.0,AMBER,Perri Ma,,100,GREEN,Workday,CORE,86,GREEN,1,1,1,2026-04-09 22:00:00,92.1964318262409,GREEN,2026-04-06 19:21:00.295277,840,196.65,96.48204799319531,GREEN,"TWID,POSITIONID",TWID,3.52,66.66666666666667,AMBER,24,16,47.72727272727273,RED,88,42,100.0,GREEN,2,2,0.0,RED,0,19,99.93652187209791,GREEN,5.0,3,77.75,SILVER,2026-05-06 15:37:37.692111,prototype
DS_TRENDED_REPORT,Workday Trended Report,EDLE_DW_DB.PNC_DATA.DT_TRENDED_REPORT,P&C,SILVER,2026-04-16,5ed18a9f,60.0,AMBER,Perri Ma,,100,GREEN,Workday,CORE,86,GREEN,1,1,1,2026-04-11 06:00:00,94.53483102739308,GREEN,2026-04-10 06:16:39.870805,840,137.72,98.19836346802211,GREEN,"TWID,POSITIONID",POSITIONID,1.8,75.0,AMBER,24,18,35.55555555555556,RED,45,16,100.0,GREEN,2,2,0.0,RED,0,1,89.41180731346087,GREEN,4.47,5,77.92,SILVER,2026-05-06 15:37:37.693581,prototype
DS_TRENDED_REPORT,Workday Trended Report,EDLE_DW_DB.PNC_DATA.DT_TRENDED_REPORT,P&C,SILVER,2026-04-17,4f307e6f,60.0,AMBER,Perri Ma,,100,GREEN,Workday,CORE,98,GREEN,0,0,2,2026-04-15 05:00:00,92.28008725248412,GREEN,2026-04-08 21:27:29.515545,840,194.54,100.0,GREEN,"TWID,POSITIONID",TWID,0.0,62.5,AMBER,24,15,43.75,RED,80,35,100.0,GREEN,2,2,23.333333333333332,RED,14,576,87.3568344696197,GREEN,4.37,8,79.77,SILVER,2026-05-06 15:37:37.695066,prototype
DS_TRENDED_REPORT,Workday Trended Report,EDLE_DW_DB.PNC_DATA.DT_TRENDED_REPORT,P&C,SILVER,2026-04-18,e315237b,60.0,AMBER,Perri Ma,,100,GREEN,Workday,CORE,97,GREEN,0,1,0,2026-04-11 12:00:00,91.30011880874797,GREEN,2026-04-08 20:45:46.778330,840,219.24,97.78508675865645,GREEN,"TWID,POSITIONID",POSITIONID,2.21,87.5,GREEN,24,21,45.90163934426229,RED,183,84,100.0,GREEN,2,2,18.333333333333332,RED,11,495,100.0,GREEN,5.0,9,82.58,SILVER,2026-05-06 15:37:37.696544,prototype
DS_TRENDED_REPORT,Workday Trended Report,EDLE_DW_DB.PNC_DATA.DT_TRENDED_REPORT,P&C,SILVER,2026-04-19,7e6302e5,60.0,AMBER,Perri Ma,,100,GREEN,Workday,CORE,84,GREEN,1,1,3,2026-04-18 01:00:00,98.07607111890879,GREEN,2026-04-16 23:31:01.171907,840,48.48,92.31367043610923,GREEN,"TWID,POSITIONID",POSITIONID,7.69,66.66666666666667,AMBER,24,16,43.57798165137615,RED,218,95,100.0,GREEN,2,2,23.333333333333332,RED,14,536,66.28302692155629,AMBER,3.31,6,77.47,SILVER,2026-05-06 15:37:37.698049,prototype
DS_TRENDED_REPORT,Workday Trended Report,EDLE_DW_DB.PNC_DATA.DT_TRENDED_REPORT,P&C,SILVER,2026-04-20,7def178e,60.0,AMBER,Perri Ma,,100,GREEN,Workday,CORE,96,GREEN,0,1,1,2026-04-15 19:00:00,96.86601744650348,GREEN,2026-04-16 17:01:25.102747,840,78.98,96.74828531636571,GREEN,"TWID,POSITIONID",TWID,3.25,75.0,AMBER,24,18,45.08196721311475,RED,122,55,100.0,GREEN,2,2,15.0,RED,9,293,80.34345870495868,GREEN,4.02,9,80.55,SILVER,2026-05-06 15:37:37.699524,prototype
DS_TRENDED_REPORT,Workday Trended Report,EDLE_DW_DB.PNC_DATA.DT_TRENDED_REPORT,P&C,SILVER,2026-04-21,f13d0e8d,60.0,AMBER,Perri Ma,,100,GREEN,Workday,CORE,89,GREEN,0,3,2,2026-04-20 21:00:00,95.3064961795844,GREEN,2026-04-16 01:43:25.333412,840,118.28,94.28316584685653,GREEN,"TWID,POSITIONID",POSITIONID,5.72,75.0,AMBER,24,18,46.540880503144656,RED,159,74,100.0,GREEN,2,2,33.333333333333336,RED,20,828,78.35160649036393,AMBER,3.92,13,80.28,SILVER,2026-05-06 15:37:37.701150,prototype
DS_TRENDED_REPORT,Workday Trended Report,EDLE_DW_DB.PNC_DATA.DT_TRENDED_REPORT,P&C,SILVER,2026-04-22,bd54752f,60.0,AMBER,Perri Ma,,100,GREEN,Workday,CORE,100,GREEN,0,0,0,2026-04-20 19:00:00,97.11805760790644,GREEN,2026-04-18 23:22:30.186189,840,72.62,95.04641836937769,GREEN,"TWID,POSITIONID",TWID,4.95,87.5,GREEN,24,21,44.96124031007752,RED,129,58,100.0,GREEN,2,2,43.333333333333336,RED,26,1048,80.96341157175866,GREEN,4.05,8,84.04,SILVER,2026-05-06 15:37:37.702623,prototype
DS_TRENDED_REPORT,Workday Trended Report,EDLE_DW_DB.PNC_DATA.DT_TRENDED_REPORT,P&C,SILVER,2026-04-23,ca34c127,60.0,AMBER,Perri Ma,,100,GREEN,Workday,CORE,80,GREEN,2,0,0,2026-04-18 06:00:00,95.36925371238824,GREEN,2026-04-18 03:18:18.696788,840,116.69,93.34007288178657,GREEN,"TWID,POSITIONID",POSITIONID,6.66,79.16666666666667,AMBER,24,19,46.601941747572816,RED,206,96,100.0,GREEN,2,2,20.0,RED,12,469,81.61636978530758,GREEN,4.08,3,78.91,SILVER,2026-05-06 15:37:37.704049,prototype
DS_TRENDED_REPORT,Workday Trended Report,EDLE_DW_DB.PNC_DATA.DT_TRENDED_REPORT,P&C,SILVER,2026-04-24,59dae8db,60.0,AMBER,Perri Ma,,100,GREEN,Workday,CORE,77,AMBER,2,1,0,2026-04-21 08:00:00,95.650055819989,GREEN,2026-04-19 10:22:53.063989,840,109.62,96.06199551086985,GREEN,"TWID,POSITIONID",POSITIONID,3.94,83.33333333333333,GREEN,24,20,50.57471264367816,RED,87,44,100.0,GREEN,2,2,21.666666666666668,RED,13,548,78.75262799790434,AMBER,3.94,10,79.78,SILVER,2026-05-06 15:37:37.705433,prototype
DS_TRENDED_REPORT,Workday Trended Report,EDLE_DW_DB.PNC_DATA.DT_TRENDED_REPORT,P&C,SILVER,2026-04-25,c2bef5f8,60.0,AMBER,Perri Ma,,100,GREEN,Workday,CORE,99,GREEN,0,0,1,2026-04-21 11:00:00,94.28497565937103,GREEN,2026-04-18 23:58:52.991818,840,144.02,98.11710203304365,GREEN,"TWID,POSITIONID",POSITIONID,1.88,75.0,AMBER,24,18,33.333333333333336,RED,42,14,100.0,GREEN,2,2,8.333333333333334,RED,5,143,86.62829174762385,GREEN,4.33,3,79.65,SILVER,2026-05-06 15:37:37.706795,prototype
DS_TRENDED_REPORT,Workday Trended Report,EDLE_DW_DB.PNC_DATA.DT_TRENDED_REPORT,P&C,SILVER,2026-04-26,8a388448,60.0,AMBER,Perri Ma,,100,GREEN,Workday,CORE,88,GREEN,1,0,2,2026-04-25 13:00:00,85.369447110657,GREEN,2026-04-10 15:18:36.241879,840,368.69,96.2472357985059,GREEN,"TWID,POSITIONID",POSITIONID,3.75,62.5,AMBER,24,15,46.666666666666664,RED,60,28,100.0,GREEN,2,2,16.666666666666668,RED,10,406,73.25847016628286,AMBER,3.66,9,76.35,SILVER,2026-05-06 15:37:37.708166,prototype
DS_TRENDED_REPORT,Workday Trended Report,EDLE_DW_DB.PNC_DATA.DT_TRENDED_REPORT,P&C,SILVER,2026-04-27,ab48fad5,60.0,AMBER,Perri Ma,,100,GREEN,Workday,CORE,97,GREEN,0,0,3,2026-04-21 11:00:00,90.82967077882394,GREEN,2026-04-17 08:54:27.733055,840,231.09,97.09957593705607,GREEN,"TWID,POSITIONID",TWID,2.9,66.66666666666667,AMBER,24,16,41.26984126984127,RED,63,26,100.0,GREEN,2,2,5.0,RED,3,82,90.41530875980666,GREEN,4.52,3,78.37,SILVER,2026-05-06 15:37:37.709571,prototype
DS_TRENDED_REPORT,Workday Trended Report,EDLE_DW_DB.PNC_DATA.DT_TRENDED_REPORT,P&C,SILVER,2026-04-28,4b71c7e3,60.0,AMBER,Perri Ma,,100,GREEN,Workday,CORE,93,GREEN,0,2,1,2026-04-25 17:00:00,95.45455823028341,GREEN,2026-04-23 05:27:17.522651,840,114.55,98.38665497036213,GREEN,"TWID,POSITIONID",TWID,1.61,66.66666666666667,AMBER,24,16,45.283018867924525,RED,212,96,100.0,GREEN,2,2,35.0,RED,21,850,69.97298739472312,AMBER,3.5,10,80.02,SILVER,2026-05-06 15:37:37.710947,prototype
DS_TRENDED_REPORT,Workday Trended Report,EDLE_DW_DB.PNC_DATA.DT_TRENDED_REPORT,P&C,SILVER,2026-04-29,67d03d38,60.0,AMBER,Perri Ma,,100,GREEN,Workday,CORE,100,GREEN,0,0,0,2026-04-26 11:00:00,98.82324677949438,GREEN,2026-04-27 18:20:44.947836,840,29.65,95.2833277961576,GREEN,"TWID,POSITIONID",TWID,4.72,79.16666666666667,AMBER,24,19,44.44444444444444,RED,207,92,100.0,GREEN,2,2,18.333333333333332,RED,11,354,78.16703519624349,AMBER,3.91,11,81.66,SILVER,2026-05-06 15:37:37.712356,prototype
DS_TRENDED_REPORT,Workday Trended Report,EDLE_DW_DB.PNC_DATA.DT_TRENDED_REPORT,P&C,SILVER,2026-04-30,15d9fb7b,60.0,AMBER,Perri Ma,,100,GREEN,Workday,CORE,92,GREEN,0,2,2,2026-04-24 03:00:00,100.0,GREEN,2026-04-30 00:00:00.000000,840,0.0,95.99222202071248,GREEN,"TWID,POSITIONID",TWID,4.01,79.16666666666667,AMBER,24,19,43.421052631578945,RED,152,66,100.0,GREEN,2,2,26.666666666666668,RED,16,632,74.32138005395092,AMBER,3.72,7,81.23,SILVER,2026-05-06 15:37:37.713732,prototype
DS_TRENDED_REPORT,Workday Trended Report,EDLE_DW_DB.PNC_DATA.DT_TRENDED_REPORT,P&C,SILVER,2026-05-01,1b328b18,60.0,AMBER,Perri Ma,,100,GREEN,Workday,CORE,97,GREEN,0,1,0,2026-04-29 18:00:00,94.8195279689449,GREEN,2026-04-25 13:27:07.577343,840,130.55,93.91694893239885,GREEN,"TWID,POSITIONID",POSITIONID,6.08,70.83333333333333,AMBER,24,17,45.833333333333336,RED,192,88,100.0,GREEN,2,2,26.666666666666668,RED,16,582,71.10392451666453,AMBER,3.56,6,79.87,SILVER,2026-05-06 15:37:37.715133,prototype
DS_TRENDED_REPORT,Workday Trended Report,EDLE_DW_DB.PNC_DATA.DT_TRENDED_REPORT,P&C,SILVER,2026-05-02,259ac584,60.0,AMBER,Perri Ma,,100,GREEN,Workday,CORE,94,GREEN,0,1,3,2026-04-28 08:00:00,100.0,GREEN,2026-05-02 00:00:00.000000,840,0.0,96.18143644505011,GREEN,"TWID,POSITIONID",TWID,3.82,87.5,GREEN,24,21,42.71844660194175,RED,103,44,100.0,GREEN,2,2,21.666666666666668,RED,13,455,78.26427410022079,AMBER,3.91,9,82.29,SILVER,2026-05-06 15:37:37.716482,prototype
DS_TRENDED_REPORT,Workday Trended Report,EDLE_DW_DB.PNC_DATA.DT_TRENDED_REPORT,P&C,SILVER,2026-05-03,0e66c9ca,60.0,AMBER,Perri Ma,,100,GREEN,Workday,CORE,90,GREEN,0,3,1,2026-05-02 04:00:00,96.90537408614095,GREEN,2026-04-29 18:00:55.537095,840,77.98,97.42299140837754,GREEN,"TWID,POSITIONID",TWID,2.58,79.16666666666667,AMBER,24,19,46.733668341708544,RED,199,93,100.0,GREEN,2,2,6.666666666666667,RED,4,103,76.99367301739255,AMBER,3.85,4,79.92,SILVER,2026-05-06 15:37:37.717900,prototype
DS_TRENDED_REPORT,Workday Trended Report,EDLE_DW_DB.PNC_DATA.DT_TRENDED_REPORT,P&C,SILVER,2026-05-04,d3adedc6,60.0,AMBER,Perri Ma,,100,GREEN,Workday,CORE,95,GREEN,0,1,2,2026-04-30 18:00:00,96.47833316788733,GREEN,2026-04-30 07:15:14.384991,840,88.75,95.81964645731742,GREEN,"TWID,POSITIONID",POSITIONID,4.18,66.66666666666667,AMBER,24,16,46.06741573033708,RED,178,82,100.0,GREEN,2,2,18.333333333333332,RED,11,387,63.73692041209389,AMBER,3.19,14,78.86,SILVER,2026-05-06 15:37:37.719265,prototype
DS_TRENDED_REPORT,Workday Trended Report,EDLE_DW_DB.PNC_DATA.DT_TRENDED_REPORT,P&C,SILVER,2026-05-05,f3221010,60.0,AMBER,Perri Ma,,100,GREEN,Workday,CORE,98,GREEN,0,0,2,2026-05-04 16:00:00,97.47869412824414,GREEN,2026-05-02 08:27:47.131314,840,63.54,95.80164500257088,GREEN,"TWID,POSITIONID",POSITIONID,4.2,79.16666666666667,AMBER,24,19,43.712574850299404,RED,167,73,100.0,GREEN,2,2,20.0,RED,12,456,94.02725069497485,GREEN,4.7,7,81.98,SILVER,2026-05-06 15:37:37.720619,prototype
DS_TRENDED_REPORT,Workday Trended Report,EDLE_DW_DB.PNC_DATA.DT_TRENDED_REPORT,P&C,SILVER,2026-05-06,2db61a05,60.0,AMBER,Perri Ma,,100,GREEN,Workday,CORE,85,GREEN,1,1,2,2026-05-02 03:00:00,99.58512068188648,GREEN,2026-05-05 13:32:42.148261,840,10.45,95.88979906531209,GREEN,"TWID,POSITIONID",POSITIONID,4.11,62.5,AMBER,24,15,43.54838709677419,RED,124,54,100.0,GREEN,2,2,30.0,RED,18,647,82.15806188714834,GREEN,4.11,14,78.84,SILVER,2026-05-06 15:37:37.721982,prototype
DS_TRENDED_REPORT_VW,Trended Report Public View,EDLE_PUBL_DB.PNC_DATA.STG_TRENDED_REPORT_VW,P&C,VIEW,2026-02-05,fd45e89a,60.0,AMBER,Perri Ma,,100,GREEN,Workday,CORE,85,GREEN,1,1,2,2026-01-28 03:00:00,91.72884371891463,GREEN,2026-01-27 07:34:00.702180,840,208.43,95.80668799966612,GREEN,"TWID,POSITIONID",POSITIONID,4.19,70.83333333333333,AMBER,24,17,43.87755102040816,RED,196,86,100.0,GREEN,2,2,70.0,AMBER,42,1729,83.1046549516046,GREEN,4.16,10,81.19,SILVER,2026-05-06 15:37:37.723394,prototype
DS_TRENDED_REPORT_VW,Trended Report Public View,EDLE_PUBL_DB.PNC_DATA.STG_TRENDED_REPORT_VW,P&C,VIEW,2026-02-06,ab6ae3d0,60.0,AMBER,Perri Ma,,100,GREEN,Workday,CORE,99,GREEN,0,0,1,2026-02-02 12:00:00,95.49720491509547,GREEN,2026-02-01 06:31:46.429897,840,113.47,95.58972601267692,GREEN,"TWID,POSITIONID",TWID,4.41,83.33333333333333,GREEN,24,20,43.75,RED,64,28,100.0,GREEN,2,2,55.0,RED,33,1311,68.74245418566485,AMBER,3.44,3,83.38,SILVER,2026-05-06 15:37:37.724750,prototype
DS_TRENDED_REPORT_VW,Trended Report Public View,EDLE_PUBL_DB.PNC_DATA.STG_TRENDED_REPORT_VW,P&C,VIEW,2026-02-07,d0e0b491,60.0,AMBER,Perri Ma,,100,GREEN,Workday,CORE,98,GREEN,0,0,2,2026-02-03 05:00:00,90.5021226200278,GREEN,2026-01-28 00:39:12.564089,840,239.35,97.44646632864608,GREEN,"TWID,POSITIONID",TWID,2.55,83.33333333333333,GREEN,24,20,46.794871794871796,RED,156,73,100.0,GREEN,2,2,51.666666666666664,RED,31,1250,89.12746340432095,GREEN,4.46,8,83.68,SILVER,2026-05-06 15:37:37.726218,prototype
DS_TRENDED_REPORT_VW,Trended Report Public View,EDLE_PUBL_DB.PNC_DATA.STG_TRENDED_REPORT_VW,P&C,VIEW,2026-02-08,e762d4ec,60.0,AMBER,Perri Ma,,100,GREEN,Workday,CORE,99,GREEN,0,0,1,2026-01-31 07:00:00,96.04250414375147,GREEN,2026-02-03 20:16:15.975921,840,99.73,97.29874827948629,GREEN,"TWID,POSITIONID",POSITIONID,2.7,100.0,GREEN,24,24,43.85964912280702,RED,114,50,100.0,GREEN,2,2,56.666666666666664,RED,34,1397,96.65219411631179,GREEN,4.83,11,86.92,GOLD,2026-05-06 15:37:37.727586,prototype
DS_TRENDED_REPORT_VW,Trended Report Public View,EDLE_PUBL_DB.PNC_DATA.STG_TRENDED_REPORT_VW,P&C,VIEW,2026-02-09,13ffe742,60.0,AMBER,Perri Ma,,100,GREEN,Workday,CORE,100,GREEN,0,0,0,2026-02-06 19:00:00,100.0,GREEN,2026-02-09 00:00:00.000000,840,0.0,100.0,GREEN,"TWID,POSITIONID",TWID,0.0,83.33333333333333,GREEN,24,20,46.25,RED,160,74,100.0,GREEN,2,2,51.666666666666664,RED,31,1318,77.61352607522541,AMBER,3.88,11,85.1,GOLD,2026-05-06 15:37:37.728961,prototype
DS_TRENDED_REPORT_VW,Trended Report Public View,EDLE_PUBL_DB.PNC_DATA.STG_TRENDED_REPORT_VW,P&C,VIEW,2026-02-10,896e90ff,60.0,AMBER,Perri Ma,,100,GREEN,Workday,CORE,97,GREEN,0,1,0,2026-02-06 11:00:00,97.5302019843067,GREEN,2026-02-07 09:45:39.924016,840,62.24,99.45894246311352,GREEN,"TWID,POSITIONID",TWID,0.54,87.5,GREEN,24,21,40.19607843137255,RED,102,41,100.0,GREEN,2,2,55.0,RED,33,1325,79.5527269563102,AMBER,3.98,7,84.62,SILVER,2026-05-06 15:37:37.730318,prototype
DS_TRENDED_REPORT_VW,Trended Report Public View,EDLE_PUBL_DB.PNC_DATA.STG_TRENDED_REPORT_VW,P&C,VIEW,2026-02-11,e4dece16,60.0,AMBER,Perri Ma,,100,GREEN,Workday,CORE,95,GREEN,0,1,2,2026-02-08 19:00:00,95.21995693710635,GREEN,2026-02-05 23:32:34.493334,840,120.46,97.68084113017905,GREEN,"TWID,POSITIONID",TWID,2.32,75.0,AMBER,24,18,43.05555555555556,RED,144,62,100.0,GREEN,2,2,48.333333333333336,RED,29,1219,81.60683845410303,GREEN,4.08,7,82.21,SILVER,2026-05-06 15:37:37.731691,prototype
DS_TRENDED_REPORT_VW,Trended Report Public View,EDLE_PUBL_DB.PNC_DATA.STG_TRENDED_REPORT_VW,P&C,VIEW,2026-02-12,12e2036c,60.0,AMBER,Perri Ma,,100,GREEN,Workday,CORE,94,GREEN,0,2,0,2026-02-11 04:00:00,89.78135164712604,GREEN,2026-02-01 06:29:24.221427,840,257.51,97.49227855581427,GREEN,"TWID,POSITIONID",POSITIONID,2.51,70.83333333333333,AMBER,24,17,43.56435643564357,RED,101,44,100.0,GREEN,2,2,75.0,AMBER,45,1749,72.70981218558782,AMBER,3.64,9,82.09,SILVER,2026-05-06 15:37:37.733049,prototype
DS_TRENDED_REPORT_VW,Trended Report Public View,EDLE_PUBL_DB.PNC_DATA.STG_TRENDED_REPORT_VW,P&C,VIEW,2026-02-13,9508d696,60.0,AMBER,Perri Ma,,100,GREEN,Workday,CORE,95,GREEN,0,1,2,2026-02-10 13:00:00,91.37498996191793,GREEN,2026-02-03 22:38:59.089345,840,217.35,98.86951307512597,GREEN,"TWID,POSITIONID",POSITIONID,1.13,79.16666666666667,AMBER,24,19,44.61538461538461,RED,195,87,100.0,GREEN,2,2,43.333333333333336,RED,26,1059,81.10401265682702,GREEN,4.06,9,82.15,SILVER,2026-05-06 15:37:37.734602,prototype
DS_TRENDED_REPORT_VW,Trended Report Public View,EDLE_PUBL_DB.PNC_DATA.STG_TRENDED_REPORT_VW,P&C,VIEW,2026-02-14,0d738176,60.0,AMBER,Perri Ma,,100,GREEN,Workday,CORE,85,GREEN,1,1,2,2026-02-12 08:00:00,95.96955802054192,GREEN,2026-02-09 18:25:58.303624,840,101.57,98.3571284955954,GREEN,"TWID,POSITIONID",POSITIONID,1.64,66.66666666666667,AMBER,24,16,42.016806722689076,RED,119,50,100.0,GREEN,2,2,71.66666666666667,AMBER,43,1712,96.03617979184732,GREEN,4.8,5,82.11,SILVER,2026-05-06 15:37:37.736043,prototype
DS_TRENDED_REPORT_VW,Trended Report Public View,EDLE_PUBL_DB.PNC_DATA.STG_TRENDED_REPORT_VW,P&C,VIEW,2026-02-15,57eef6d3,60.0,AMBER,Perri Ma,,100,GREEN,Workday,CORE,95,GREEN,0,1,2,2026-02-07 13:00:00,99.41291066698219,GREEN,2026-02-14 09:12:19.255709,840,14.79,97.4446334458548,GREEN,"TWID,POSITIONID",TWID,2.56,87.5,GREEN,24,21,45.45454545454545,RED,88,40,100.0,GREEN,2,2,60.0,AMBER,36,1485,90.09833273513058,GREEN,4.5,3,85.5,GOLD,2026-05-06 15:37:37.737423,prototype
DS_TRENDED_REPORT_VW,Trended Report Public View,EDLE_PUBL_DB.PNC_DATA.STG_TRENDED_REPORT_VW,P&C,VIEW,2026-02-16,ab9b1ca1,60.0,AMBER,Perri Ma,,100,GREEN,Workday,CORE,99,GREEN,0,0,1,2026-02-14 11:00:00,97.37851896031597,GREEN,2026-02-13 05:56:19.240080,840,66.06,95.48441276192594,GREEN,"TWID,POSITIONID",POSITIONID,4.52,87.5,GREEN,24,21,45.16129032258065,RED,217,98,100.0,GREEN,2,2,55.0,RED,33,1336,83.46937137027015,GREEN,4.17,6,84.83,SILVER,2026-05-06 15:37:37.738820,prototype
DS_TRENDED_REPORT_VW,Trended Report Public View,EDLE_PUBL_DB.PNC_DATA.STG_TRENDED_REPORT_VW,P&C,VIEW,2026-02-17,788dc1d8,60.0,AMBER,Perri Ma,,100,GREEN,Workday,CORE,97,GREEN,0,0,3,2026-02-12 22:00:00,91.11867955835929,GREEN,2026-02-07 16:11:26.609534,840,223.81,96.16344914770364,GREEN,"TWID,POSITIONID",TWID,3.84,75.0,AMBER,24,18,39.34426229508197,RED,61,24,100.0,GREEN,2,2,40.0,RED,24,916,79.96126170092735,AMBER,4.0,2,80.81,SILVER,2026-05-06 15:37:37.740262,prototype
DS_TRENDED_REPORT_VW,Trended Report Public View,EDLE_PUBL_DB.PNC_DATA.STG_TRENDED_REPORT_VW,P&C,VIEW,2026-02-18,b03cf140,60.0,AMBER,Perri Ma,,100,GREEN,Workday,CORE,80,GREEN,1,3,1,2026-02-16 21:00:00,99.02373788832438,GREEN,2026-02-16 23:23:53.501229,840,24.6,95.85493425685348,GREEN,"TWID,POSITIONID",TWID,4.15,70.83333333333333,AMBER,24,17,44.89795918367347,RED,147,66,100.0,GREEN,2,2,58.333333333333336,RED,35,1301,81.1779583274901,GREEN,4.06,10,80.92,SILVER,2026-05-06 15:37:37.741714,prototype
DS_TRENDED_REPORT_VW,Trended Report Public View,EDLE_PUBL_DB.PNC_DATA.STG_TRENDED_REPORT_VW,P&C,VIEW,2026-02-19,498511b5,60.0,AMBER,Perri Ma,,100,GREEN,Workday,CORE,96,GREEN,0,1,1,2026-02-17 19:00:00,100.0,GREEN,2026-02-19 00:00:00.000000,840,0.0,100.0,GREEN,"TWID,POSITIONID",TWID,0.0,75.0,AMBER,24,18,45.22613065326633,RED,199,90,100.0,GREEN,2,2,60.0,AMBER,36,1493,89.25884425136461,GREEN,4.46,7,84.51,SILVER,2026-05-06 15:37:37.743183,prototype
DS_TRENDED_REPORT_VW,Trended Report Public View,EDLE_PUBL_DB.PNC_DATA.STG_TRENDED_REPORT_VW,P&C,VIEW,2026-02-20,9aa47598,60.0,AMBER,Perri Ma,,100,GREEN,Workday,CORE,95,GREEN,0,1,2,2026-02-17 03:00:00,100.0,GREEN,2026-02-20 00:00:00.000000,840,0.0,98.4838981833969,GREEN,"TWID,POSITIONID",TWID,1.52,66.66666666666667,AMBER,24,16,45.90163934426229,RED,122,56,100.0,GREEN,2,2,65.0,AMBER,39,1612,78.59366447674577,AMBER,3.93,11,83.1,SILVER,2026-05-06 15:37:37.744686,prototype
DS_TRENDED_REPORT_VW,Trended Report Public View,EDLE_PUBL_DB.PNC_DATA.STG_TRENDED_REPORT_VW,P&C,VIEW,2026-02-21,50d7fbbb,60.0,AMBER,Perri Ma,,100,GREEN,Workday,CORE,100,GREEN,0,0,0,2026-02-19 19:00:00,100.0,GREEN,2026-02-21 00:00:00.000000,840,0.0,97.24464316629629,GREEN,"TWID,POSITIONID",TWID,2.76,87.5,GREEN,24,21,45.714285714285715,RED,175,80,100.0,GREEN,2,2,70.0,AMBER,42,1629,79.69991087937595,AMBER,3.98,6,86.36,GOLD,2026-05-06 15:37:37.746178,prototype
DS_TRENDED_REPORT_VW,Trended Report Public View,EDLE_PUBL_DB.PNC_DATA.STG_TRENDED_REPORT_VW,P&C,VIEW,2026-02-22,8910b309,60.0,AMBER,Perri Ma,,100,GREEN,Workday,CORE,99,GREEN,0,0,1,2026-02-15 14:00:00,98.64346136340988,GREEN,2026-02-20 13:48:54.814889,840,34.18,97.46115006590196,GREEN,"TWID,POSITIONID",POSITIONID,2.54,79.16666666666667,AMBER,24,19,43.80165289256198,RED,121,53,100.0,GREEN,2,2,66.66666666666667,AMBER,40,1614,77.9937950474611,AMBER,3.9,8,84.66,SILVER,2026-05-06 15:37:37.747647,prototype
DS_TRENDED_REPORT_VW,Trended Report Public View,EDLE_PUBL_DB.PNC_DATA.STG_TRENDED_REPORT_VW,P&C,VIEW,2026-02-23,2417129e,60.0,AMBER,Perri Ma,,100,GREEN,Workday,CORE,87,GREEN,1,1,0,2026-02-22 06:00:00,94.72887654510409,GREEN,2026-02-17 11:10:03.680172,840,132.83,98.56830403532007,GREEN,"TWID,POSITIONID",POSITIONID,1.43,79.16666666666667,AMBER,24,19,45.833333333333336,RED,144,66,100.0,GREEN,2,2,51.666666666666664,RED,31,1115,74.45432981423743,AMBER,3.72,10,81.95,SILVER,2026-05-06 15:37:37.749123,prototype
DS_TRENDED_REPORT_VW,Trended Report Public View,EDLE_PUBL_DB.PNC_DATA.STG_TRENDED_REPORT_VW,P&C,VIEW,2026-02-24,5651b287,60.0,AMBER,Perri Ma,,100,GREEN,Workday,CORE,94,GREEN,0,1,3,2026-02-23 01:00:00,95.22708681147944,GREEN,2026-02-18 23:43:21.315537,840,120.28,98.53028444379126,GREEN,"TWID,POSITIONID",TWID,1.47,66.66666666666667,AMBER,24,16,45.0,RED,140,63,100.0,GREEN,2,2,55.0,RED,33,1303,82.84686896138933,GREEN,4.14,7,81.82,SILVER,2026-05-06 15:37:37.750601,prototype
DS_TRENDED_REPORT_VW,Trended Report Public View,EDLE_PUBL_DB.PNC_DATA.STG_TRENDED_REPORT_VW,P&C,VIEW,2026-02-25,58c62e0f,60.0,AMBER,Perri Ma,,100,GREEN,Workday,CORE,97,GREEN,0,1,0,2026-02-24 19:00:00,98.09491952336123,GREEN,2026-02-22 23:59:31.099159,840,48.01,99.58218982973283,GREEN,"TWID,POSITIONID",TWID,0.42,79.16666666666667,AMBER,24,19,46.728971962616825,RED,214,100,100.0,GREEN,2,2,53.333333333333336,RED,32,1269,90.20554481225277,GREEN,4.51,8,84.56,SILVER,2026-05-06 15:37:37.752102,prototype
DS_TRENDED_REPORT_VW,Trended Report Public View,EDLE_PUBL_DB.PNC_DATA.STG_TRENDED_REPORT_VW,P&C,VIEW,2026-02-26,4c9ce585,60.0,AMBER,Perri Ma,,100,GREEN,Workday,CORE,87,GREEN,0,4,1,2026-02-19 11:00:00,88.66259574936703,GREEN,2026-02-14 02:17:50.686383,840,285.7,96.97091444874339,GREEN,"TWID,POSITIONID",POSITIONID,3.03,91.66666666666667,GREEN,24,22,48.148148148148145,RED,54,26,100.0,GREEN,2,2,41.666666666666664,RED,25,930,79.07664122501532,AMBER,3.95,5,82.14,SILVER,2026-05-06 15:37:37.753581,prototype
DS_TRENDED_REPORT_VW,Trended Report Public View,EDLE_PUBL_DB.PNC_DATA.STG_TRENDED_REPORT_VW,P&C,VIEW,2026-02-27,b224ea9b,60.0,AMBER,Perri Ma,,100,GREEN,Workday,CORE,97,GREEN,0,1,0,2026-02-23 03:00:00,100.0,GREEN,2026-02-27 00:00:00.000000,840,0.0,98.90327081703921,GREEN,"TWID,POSITIONID",TWID,1.1,79.16666666666667,AMBER,24,19,46.666666666666664,RED,135,63,100.0,GREEN,2,2,50.0,RED,30,1286,72.69792629953017,AMBER,3.63,5,83.83,SILVER,2026-05-06 15:37:37.755278,prototype
DS_TRENDED_REPORT_VW,Trended Report Public View,EDLE_PUBL_DB.PNC_DATA.STG_TRENDED_REPORT_VW,P&C,VIEW,2026-02-28,a8f703b6,60.0,AMBER,Perri Ma,,100,GREEN,Workday,CORE,99,GREEN,0,0,1,2026-02-27 05:00:00,100.0,GREEN,2026-02-28 00:00:00.000000,840,0.0,99.042217376298,GREEN,"TWID,POSITIONID",POSITIONID,0.96,79.16666666666667,AMBER,24,19,41.84782608695652,RED,184,77,100.0,GREEN,2,2,56.666666666666664,RED,34,1435,91.64357160191196,GREEN,4.58,3,84.86,SILVER,2026-05-06 15:37:37.757063,prototype
DS_TRENDED_REPORT_VW,Trended Report Public View,EDLE_PUBL_DB.PNC_DATA.STG_TRENDED_REPORT_VW,P&C,VIEW,2026-03-01,e9f7495d,60.0,AMBER,Perri Ma,,100,GREEN,Workday,CORE,82,GREEN,1,2,2,2026-02-28 09:00:00,94.16343862568206,GREEN,2026-02-22 20:55:07.152122,840,147.08,94.28008234103118,GREEN,"TWID,POSITIONID",TWID,5.72,70.83333333333333,AMBER,24,17,42.4,RED,125,53,100.0,GREEN,2,2,43.333333333333336,RED,26,1113,75.1759575056289,AMBER,3.76,12,78.92,SILVER,2026-05-06 15:37:37.758695,prototype
DS_TRENDED_REPORT_VW,Trended Report Public View,EDLE_PUBL_DB.PNC_DATA.STG_TRENDED_REPORT_VW,P&C,VIEW,2026-03-02,f277b8dd,60.0,AMBER,Perri Ma,,100,GREEN,Workday,CORE,96,GREEN,0,1,1,2026-02-26 13:00:00,93.36985273200732,GREEN,2026-02-23 00:55:13.039848,840,167.08,98.39011750805045,GREEN,"TWID,POSITIONID",POSITIONID,1.61,83.33333333333333,GREEN,24,20,44.11764705882353,RED,170,75,100.0,GREEN,2,2,51.666666666666664,RED,31,1333,80.77650479400226,GREEN,4.04,15,83.43,SILVER,2026-05-06 15:37:37.760278,prototype
DS_TRENDED_REPORT_VW,Trended Report Public View,EDLE_PUBL_DB.PNC_DATA.STG_TRENDED_REPORT_VW,P&C,VIEW,2026-03-03,31949b24,60.0,AMBER,Perri Ma,,100,GREEN,Workday,CORE,95,GREEN,0,1,2,2026-02-24 12:00:00,97.9187510568491,GREEN,2026-02-28 19:33:09.095877,840,52.45,97.28906354193157,GREEN,"TWID,POSITIONID",TWID,2.71,79.16666666666667,AMBER,24,19,48.95104895104895,RED,143,70,100.0,GREEN,2,2,53.333333333333336,RED,32,1299,69.47758340488848,AMBER,3.47,7,83.32,SILVER,2026-05-06 15:37:37.761790,prototype
DS_TRENDED_REPORT_VW,Trended Report Public View,EDLE_PUBL_DB.PNC_DATA.STG_TRENDED_REPORT_VW,P&C,VIEW,2026-03-04,a75bae6b,60.0,AMBER,Perri Ma,,100,GREEN,Workday,CORE,75,AMBER,2,1,2,2026-03-03 08:00:00,98.72229950169752,GREEN,2026-03-02 15:48:07.010794,840,32.2,97.88506364053775,GREEN,"TWID,POSITIONID",POSITIONID,2.11,75.0,AMBER,24,18,42.5,RED,40,17,100.0,GREEN,2,2,46.666666666666664,RED,28,1237,91.08523965315975,GREEN,4.55,11,80.57,SILVER,2026-05-06 15:37:37.763622,prototype
DS_TRENDED_REPORT_VW,Trended Report Public View,EDLE_PUBL_DB.PNC_DATA.STG_TRENDED_REPORT_VW,P&C,VIEW,2026-03-05,e8e956af,60.0,AMBER,Perri Ma,,100,GREEN,Workday,CORE,99,GREEN,0,0,1,2026-03-01 17:00:00,98.38050096961544,GREEN,2026-03-03 07:11:19.047964,840,40.81,95.96186859449371,GREEN,"TWID,POSITIONID",TWID,4.04,70.83333333333333,AMBER,24,17,45.562130177514796,RED,169,77,100.0,GREEN,2,2,55.0,RED,33,1186,55.287148112224784,RED,2.76,8,81.94,SILVER,2026-05-06 15:37:37.765127,prototype
DS_TRENDED_REPORT_VW,Trended Report Public View,EDLE_PUBL_DB.PNC_DATA.STG_TRENDED_REPORT_VW,P&C,VIEW,2026-03-06,f55fb95a,60.0,AMBER,Perri Ma,,100,GREEN,Workday,CORE,100,GREEN,0,0,0,2026-03-01 14:00:00,95.99538905372759,GREEN,2026-03-01 19:05:01.694954,840,100.92,94.48263814652806,GREEN,"TWID,POSITIONID",POSITIONID,5.52,75.0,AMBER,24,18,43.47826086956522,RED,69,30,100.0,GREEN,2,2,61.666666666666664,AMBER,37,1450,81.47702514033523,GREEN,4.07,10,83.3,SILVER,2026-05-06 15:37:37.766643,prototype
DS_TRENDED_REPORT_VW,Trended Report Public View,EDLE_PUBL_DB.PNC_DATA.STG_TRENDED_REPORT_VW,P&C,VIEW,2026-03-07,7d201694,60.0,AMBER,Perri Ma,,100,GREEN,Workday,CORE,96,GREEN,0,1,1,2026-03-03 08:00:00,95.7167738486271,GREEN,2026-03-02 12:03:45.723547,840,107.94,98.00679727595572,GREEN,"TWID,POSITIONID",TWID,1.99,75.0,AMBER,24,18,48.57142857142857,RED,70,34,100.0,GREEN,2,2,46.666666666666664,RED,28,1101,69.96645505196624,AMBER,3.5,9,82.33,SILVER,2026-05-06 15:37:37.768203,prototype
DS_TRENDED_REPORT_VW,Trended Report Public View,EDLE_PUBL_DB.PNC_DATA.STG_TRENDED_REPORT_VW,P&C,VIEW,2026-03-08,5a004e07,60.0,AMBER,Perri Ma,,100,GREEN,Workday,CORE,81,GREEN,1,2,3,2026-03-07 00:00:00,94.23291402987908,GREEN,2026-03-01 22:40:09.960791,840,145.33,93.63349740425807,GREEN,"TWID,POSITIONID",TWID,6.37,70.83333333333333,AMBER,24,17,43.05555555555556,RED,72,31,100.0,GREEN,2,2,53.333333333333336,RED,32,1263,71.20552725616795,AMBER,3.56,3,79.21,SILVER,2026-05-06 15:37:37.769720,prototype
DS_TRENDED_REPORT_VW,Trended Report Public View,EDLE_PUBL_DB.PNC_DATA.STG_TRENDED_REPORT_VW,P&C,VIEW,2026-03-09,2467efce,60.0,AMBER,Perri Ma,,100,GREEN,Workday,CORE,97,GREEN,0,1,0,2026-03-06 00:00:00,95.82768090650833,GREEN,2026-03-04 14:51:27.211838,840,105.14,96.2809992535357,GREEN,"TWID,POSITIONID",POSITIONID,3.72,79.16666666666667,AMBER,24,19,45.833333333333336,RED,48,22,100.0,GREEN,2,2,71.66666666666667,AMBER,43,1698,75.82174935137802,AMBER,3.79,7,84.23,SILVER,2026-05-06 15:37:37.771177,prototype
DS_TRENDED_REPORT_VW,Trended Report Public View,EDLE_PUBL_DB.PNC_DATA.STG_TRENDED_REPORT_VW,P&C,VIEW,2026-03-10,4c6d43d9,60.0,AMBER,Perri Ma,,100,GREEN,Workday,CORE,75,AMBER,2,1,2,2026-03-01 22:00:00,96.70176932117205,GREEN,2026-03-06 12:53:04.512817,840,83.12,97.69327181075631,GREEN,"TWID,POSITIONID",TWID,2.31,79.16666666666667,AMBER,24,19,42.97520661157025,RED,121,52,100.0,GREEN,2,2,55.0,RED,33,1202,94.22710815349406,GREEN,4.71,10,81.42,SILVER,2026-05-06 15:37:37.772673,prototype
DS_TRENDED_REPORT_VW,Trended Report Public View,EDLE_PUBL_DB.PNC_DATA.STG_TRENDED_REPORT_VW,P&C,VIEW,2026-03-11,446c6819,60.0,AMBER,Perri Ma,,100,GREEN,Workday,CORE,90,GREEN,0,2,4,2026-03-09 23:00:00,100.0,GREEN,2026-03-11 00:00:00.000000,840,0.0,97.17698941183912,GREEN,"TWID,POSITIONID",POSITIONID,2.82,70.83333333333333,AMBER,24,17,47.82608695652174,RED,69,33,100.0,GREEN,2,2,51.666666666666664,RED,31,1179,77.71366325610867,AMBER,3.89,7,82.14,SILVER,2026-05-06 15:37:37.774138,prototype
DS_TRENDED_REPORT_VW,Trended Report Public View,EDLE_PUBL_DB.PNC_DATA.STG_TRENDED_REPORT_VW,P&C,VIEW,2026-03-12,aa2abc18,60.0,AMBER,Perri Ma,,100,GREEN,Workday,CORE,94,GREEN,0,2,0,2026-03-05 00:00:00,94.61659755815013,GREEN,2026-03-06 08:20:17.730475,840,135.66,100.0,GREEN,"TWID,POSITIONID",TWID,0.0,79.16666666666667,AMBER,24,19,44.067796610169495,RED,118,52,100.0,GREEN,2,2,43.333333333333336,RED,26,1009,79.52780940098279,AMBER,3.98,11,82.53,SILVER,2026-05-06 15:37:37.775589,prototype
DS_TRENDED_REPORT_VW,Trended Report Public View,EDLE_PUBL_DB.PNC_DATA.STG_TRENDED_REPORT_VW,P&C,VIEW,2026-03-13,d068dc25,60.0,AMBER,Perri Ma,,100,GREEN,Workday,CORE,93,GREEN,0,2,1,2026-03-05 13:00:00,90.57004697068596,GREEN,2026-03-03 02:21:54.661181,840,237.63,97.54570223801423,GREEN,"TWID,POSITIONID",TWID,2.45,70.83333333333333,AMBER,24,17,39.436619718309856,RED,71,28,100.0,GREEN,2,2,63.333333333333336,AMBER,38,1478,89.59575559497497,GREEN,4.48,6,81.73,SILVER,2026-05-06 15:37:37.777033,prototype
DS_TRENDED_REPORT_VW,Trended Report Public View,EDLE_PUBL_DB.PNC_DATA.STG_TRENDED_REPORT_VW,P&C,VIEW,2026-03-14,6bbf7dd1,60.0,AMBER,Perri Ma,,100,GREEN,Workday,CORE,100,GREEN,0,0,0,2026-03-12 00:00:00,94.5417054616956,GREEN,2026-03-08 06:27:03.519485,840,137.55,94.24140242279637,GREEN,"TWID,POSITIONID",TWID,5.76,87.5,GREEN,24,21,47.422680412371136,RED,97,46,100.0,GREEN,2,2,40.0,RED,24,1090,76.45790594362619,AMBER,3.82,13,83.38,SILVER,2026-05-06 15:37:37.778479,prototype
DS_TRENDED_REPORT_VW,Trended Report Public View,EDLE_PUBL_DB.PNC_DATA.STG_TRENDED_REPORT_VW,P&C,VIEW,2026-03-15,ea815b63,60.0,AMBER,Perri Ma,,100,GREEN,Workday,CORE,93,GREEN,0,2,1,2026-03-12 09:00:00,95.14237462988014,GREEN,2026-03-09 21:35:16.226423,840,122.41,95.30361063286273,GREEN,"TWID,POSITIONID",TWID,4.7,75.0,AMBER,24,18,46.666666666666664,RED,120,56,100.0,GREEN,2,2,66.66666666666667,AMBER,40,1595,75.48940849001453,AMBER,3.77,7,82.78,SILVER,2026-05-06 15:37:37.779922,prototype
DS_TRENDED_REPORT_VW,Trended Report Public View,EDLE_PUBL_DB.PNC_DATA.STG_TRENDED_REPORT_VW,P&C,VIEW,2026-03-16,f987ece6,60.0,AMBER,Perri Ma,,100,GREEN,Workday,CORE,91,GREEN,0,2,3,2026-03-15 14:00:00,96.96418179801316,GREEN,2026-03-12 19:29:50.572716,840,76.5,96.96885621292448,GREEN,"TWID,POSITIONID",POSITIONID,3.03,79.16666666666667,AMBER,24,19,47.27272727272727,RED,55,26,100.0,GREEN,2,2,63.333333333333336,AMBER,38,1470,89.14515178521688,GREEN,4.46,9,83.92,SILVER,2026-05-06 15:37:37.781493,prototype
DS_TRENDED_REPORT_VW,Trended Report Public View,EDLE_PUBL_DB.PNC_DATA.STG_TRENDED_REPORT_VW,P&C,VIEW,2026-03-17,121cf481,60.0,AMBER,Perri Ma,,100,GREEN,Workday,CORE,93,GREEN,0,2,1,2026-03-16 18:00:00,98.31578239232857,GREEN,2026-03-15 05:33:27.778632,840,42.44,97.61721207145075,GREEN,"TWID,POSITIONID",POSITIONID,2.38,75.0,AMBER,24,18,41.509433962264154,RED,53,22,100.0,GREEN,2,2,53.333333333333336,RED,32,1405,75.48671479721568,AMBER,3.77,6,82.33,SILVER,2026-05-06 15:37:37.783028,prototype
DS_TRENDED_REPORT_VW,Trended Report Public View,EDLE_PUBL_DB.PNC_DATA.STG_TRENDED_REPORT_VW,P&C,VIEW,2026-03-18,a5d17244,60.0,AMBER,Perri Ma,,100,GREEN,Workday,CORE,92,GREEN,0,2,2,2026-03-12 17:00:00,91.09798822998738,GREEN,2026-03-08 15:40:09.492224,840,224.33,93.47393851466835,GREEN,"TWID,POSITIONID",POSITIONID,6.53,75.0,AMBER,24,18,44.827586206896555,RED,116,52,100.0,GREEN,2,2,60.0,AMBER,36,1446,68.29898460868547,AMBER,3.41,6,81.0,SILVER,2026-05-06 15:37:37.784529,prototype
DS_TRENDED_REPORT_VW,Trended Report Public View,EDLE_PUBL_DB.PNC_DATA.STG_TRENDED_REPORT_VW,P&C,VIEW,2026-03-19,900ae702,60.0,AMBER,Perri Ma,,100,GREEN,Workday,CORE,99,GREEN,0,0,1,2026-03-16 08:00:00,97.2045345581779,GREEN,2026-03-16 01:33:15.375118,840,70.45,94.5495629415069,GREEN,"TWID,POSITIONID",POSITIONID,5.45,83.33333333333333,GREEN,24,20,46.03174603174603,RED,63,29,100.0,GREEN,2,2,56.666666666666664,RED,34,1390,81.1410920041868,GREEN,4.06,8,84.25,SILVER,2026-05-06 15:37:37.786072,prototype
DS_TRENDED_REPORT_VW,Trended Report Public View,EDLE_PUBL_DB.PNC_DATA.STG_TRENDED_REPORT_VW,P&C,VIEW,2026-03-20,742fc255,60.0,AMBER,Perri Ma,,100,GREEN,Workday,CORE,84,GREEN,1,1,3,2026-03-14 12:00:00,99.54369452102614,GREEN,2026-03-19 12:30:03.966947,840,11.5,96.00868622240048,GREEN,"TWID,POSITIONID",POSITIONID,3.99,79.16666666666667,AMBER,24,19,46.96969696969697,RED,66,31,100.0,GREEN,2,2,58.333333333333336,RED,35,1373,74.28888038980229,AMBER,3.71,4,82.39,SILVER,2026-05-06 15:37:37.787540,prototype
DS_TRENDED_REPORT_VW,Trended Report Public View,EDLE_PUBL_DB.PNC_DATA.STG_TRENDED_REPORT_VW,P&C,VIEW,2026-03-21,5ffa1f2f,60.0,AMBER,Perri Ma,,100,GREEN,Workday,CORE,100,GREEN,0,0,0,2026-03-19 21:00:00,100.0,GREEN,2026-03-21 00:00:00.000000,840,0.0,98.09062264348414,GREEN,"TWID,POSITIONID",POSITIONID,1.91,70.83333333333333,AMBER,24,17,41.02564102564103,RED,78,32,100.0,GREEN,2,2,63.333333333333336,AMBER,38,1516,84.00616403716862,GREEN,4.2,6,83.87,SILVER,2026-05-06 15:37:37.789008,prototype
DS_TRENDED_REPORT_VW,Trended Report Public View,EDLE_PUBL_DB.PNC_DATA.STG_TRENDED_REPORT_VW,P&C,VIEW,2026-03-22,8a5bc197,60.0,AMBER,Perri Ma,,100,GREEN,Workday,CORE,87,GREEN,1,0,3,2026-03-21 01:00:00,89.70442078914692,GREEN,2026-03-11 04:33:05.053991,840,259.45,95.30060849033572,GREEN,"TWID,POSITIONID",POSITIONID,4.7,66.66666666666667,AMBER,24,16,45.17766497461929,RED,197,89,100.0,GREEN,2,2,33.333333333333336,RED,20,743,83.7259893248928,GREEN,4.19,8,78.5,SILVER,2026-05-06 15:37:37.790486,prototype
DS_TRENDED_REPORT_VW,Trended Report Public View,EDLE_PUBL_DB.PNC_DATA.STG_TRENDED_REPORT_VW,P&C,VIEW,2026-03-23,3c895e9a,60.0,AMBER,Perri Ma,,100,GREEN,Workday,CORE,99,GREEN,0,0,1,2026-03-19 12:00:00,95.80979839463892,GREEN,2026-03-18 14:24:24.910362,840,105.59,95.26522335957031,GREEN,"TWID,POSITIONID",TWID,4.73,70.83333333333333,AMBER,24,17,45.588235294117645,RED,204,93,100.0,GREEN,2,2,61.666666666666664,AMBER,37,1453,85.45333620385043,GREEN,4.27,10,83.1,SILVER,2026-05-06 15:37:37.791953,prototype
DS_TRENDED_REPORT_VW,Trended Report Public View,EDLE_PUBL_DB.PNC_DATA.STG_TRENDED_REPORT_VW,P&C,VIEW,2026-03-24,3c1e5dbe,60.0,AMBER,Perri Ma,,100,GREEN,Workday,CORE,98,GREEN,0,0,2,2026-03-18 08:00:00,94.268242761443,GREEN,2026-03-17 23:33:34.983318,840,144.44,94.56922191245056,GREEN,"TWID,POSITIONID",POSITIONID,5.43,70.83333333333333,AMBER,24,17,48.717948717948715,RED,78,38,100.0,GREEN,2,2,75.0,AMBER,45,1757,79.04999537597863,AMBER,3.95,11,83.46,SILVER,2026-05-06 15:37:37.793409,prototype
DS_TRENDED_REPORT_VW,Trended Report Public View,EDLE_PUBL_DB.PNC_DATA.STG_TRENDED_REPORT_VW,P&C,VIEW,2026-03-25,ac4ee69d,60.0,AMBER,Perri Ma,,100,GREEN,Workday,CORE,100,GREEN,0,0,0,2026-03-23 10:00:00,97.69289115623305,GREEN,2026-03-22 13:51:39.085693,840,58.14,97.71465782832762,GREEN,"TWID,POSITIONID",TWID,2.29,79.16666666666667,AMBER,24,19,44.76190476190476,RED,210,94,100.0,GREEN,2,2,60.0,AMBER,36,1415,78.49297734070399,AMBER,3.92,11,84.38,SILVER,2026-05-06 15:37:37.794887,prototype
DS_TRENDED_REPORT_VW,Trended Report Public View,EDLE_PUBL_DB.PNC_DATA.STG_TRENDED_REPORT_VW,P&C,VIEW,2026-03-26,fe77e23e,60.0,AMBER,Perri Ma,,100,GREEN,Workday,CORE,95,GREEN,0,1,2,2026-03-20 20:00:00,91.54848259374069,GREEN,2026-03-17 03:01:18.340904,840,212.98,94.20780327629691,GREEN,"TWID,POSITIONID",TWID,5.79,70.83333333333333,AMBER,24,17,37.2093023255814,RED,43,16,100.0,GREEN,2,2,45.0,RED,27,1113,78.8317200410551,AMBER,3.94,4,79.94,SILVER,2026-05-06 15:37:37.796364,prototype
DS_TRENDED_REPORT_VW,Trended Report Public View,EDLE_PUBL_DB.PNC_DATA.STG_TRENDED_REPORT_VW,P&C,VIEW,2026-03-27,b1c53de6,60.0,AMBER,Perri Ma,,100,GREEN,Workday,CORE,93,GREEN,0,2,1,2026-03-25 07:00:00,98.56655809832193,GREEN,2026-03-25 11:52:38.150680,840,36.12,96.77643183184705,GREEN,"TWID,POSITIONID",TWID,3.22,58.333333333333336,RED,24,14,46.59090909090909,RED,88,41,100.0,GREEN,2,2,51.666666666666664,RED,31,1219,74.58502178455502,AMBER,3.73,4,80.52,SILVER,2026-05-06 15:37:37.797805,prototype
DS_TRENDED_REPORT_VW,Trended Report Public View,EDLE_PUBL_DB.PNC_DATA.STG_TRENDED_REPORT_VW,P&C,VIEW,2026-03-28,4ed8f4e6,60.0,AMBER,Perri Ma,,100,GREEN,Workday,CORE,90,GREEN,0,2,4,2026-03-26 23:00:00,100.0,GREEN,2026-03-28 00:00:00.000000,840,0.0,97.52311343948247,GREEN,"TWID,POSITIONID",POSITIONID,2.48,66.66666666666667,AMBER,24,16,44.26229508196721,RED,61,27,100.0,GREEN,2,2,53.333333333333336,RED,32,1334,78.24403671118013,AMBER,3.91,3,81.52,SILVER,2026-05-06 15:37:37.799252,prototype
DS_TRENDED_REPORT_VW,Trended Report Public View,EDLE_PUBL_DB.PNC_DATA.STG_TRENDED_REPORT_VW,P&C,VIEW,2026-03-29,b12ebe9d,60.0,AMBER,Perri Ma,,100,GREEN,Workday,CORE,79,AMBER,2,0,1,2026-03-23 08:00:00,93.74428383321704,GREEN,2026-03-22 10:21:21.429349,840,157.64,95.57621032643863,GREEN,"TWID,POSITIONID",TWID,4.42,70.83333333333333,AMBER,24,17,44.791666666666664,RED,192,86,100.0,GREEN,2,2,73.33333333333333,AMBER,44,1685,72.27678549965806,AMBER,3.61,17,80.56,SILVER,2026-05-06 15:37:37.800982,prototype
DS_TRENDED_REPORT_VW,Trended Report Public View,EDLE_PUBL_DB.PNC_DATA.STG_TRENDED_REPORT_VW,P&C,VIEW,2026-03-30,55d0e006,60.0,AMBER,Perri Ma,,100,GREEN,Workday,CORE,90,GREEN,0,3,1,2026-03-22 17:00:00,98.45890312806435,GREEN,2026-03-28 09:09:51.691778,840,38.84,94.74752016505865,GREEN,"TWID,POSITIONID",POSITIONID,5.25,79.16666666666667,AMBER,24,19,43.24324324324324,RED,185,80,100.0,GREEN,2,2,35.0,RED,21,893,81.43696354586794,GREEN,4.07,7,81.37,SILVER,2026-05-06 15:37:37.802676,prototype
DS_TRENDED_REPORT_VW,Trended Report Public View,EDLE_PUBL_DB.PNC_DATA.STG_TRENDED_REPORT_VW,P&C,VIEW,2026-03-31,67a19b46,60.0,AMBER,Perri Ma,,100,GREEN,Workday,CORE,90,GREEN,1,0,0,2026-03-25 05:00:00,99.75711464852147,GREEN,2026-03-30 17:52:45.440914,840,6.12,96.11605597391329,GREEN,"TWID,POSITIONID",TWID,3.88,70.83333333333333,AMBER,24,17,45.736434108527135,RED,129,59,100.0,GREEN,2,2,71.66666666666667,AMBER,43,1691,75.42299512206404,AMBER,3.77,6,82.9,SILVER,2026-05-06 15:37:37.804134,prototype
DS_TRENDED_REPORT_VW,Trended Report Public View,EDLE_PUBL_DB.PNC_DATA.STG_TRENDED_REPORT_VW,P&C,VIEW,2026-04-01,a6dcfa65,60.0,AMBER,Perri Ma,,100,GREEN,Workday,CORE,100,GREEN,0,0,0,2026-03-30 06:00:00,93.19398152558517,GREEN,2026-03-24 20:29:18.004001,840,171.51,96.74127119868119,GREEN,"TWID,POSITIONID",POSITIONID,3.26,70.83333333333333,AMBER,24,17,43.50282485875706,RED,177,77,100.0,GREEN,2,2,70.0,AMBER,42,1711,71.79260003684338,AMBER,3.59,10,82.84,SILVER,2026-05-06 15:37:37.805530,prototype
DS_TRENDED_REPORT_VW,Trended Report Public View,EDLE_PUBL_DB.PNC_DATA.STG_TRENDED_REPORT_VW,P&C,VIEW,2026-04-02,fb77768f,60.0,AMBER,Perri Ma,,100,GREEN,Workday,CORE,93,GREEN,0,0,7,2026-03-27 05:00:00,100.0,GREEN,2026-04-02 00:00:00.000000,840,0.0,95.24943655145375,GREEN,"TWID,POSITIONID",TWID,4.75,66.66666666666667,AMBER,24,16,44.73684210526316,RED,190,85,100.0,GREEN,2,2,60.0,AMBER,36,1403,63.78295934081286,AMBER,3.19,8,81.43,SILVER,2026-05-06 15:37:37.806918,prototype
DS_TRENDED_REPORT_VW,Trended Report Public View,EDLE_PUBL_DB.PNC_DATA.STG_TRENDED_REPORT_VW,P&C,VIEW,2026-04-03,4f42c85e,60.0,AMBER,Perri Ma,,100,GREEN,Workday,CORE,96,GREEN,0,1,1,2026-03-31 04:00:00,93.92401052532595,GREEN,2026-03-27 14:53:06.234858,840,153.11,96.26576790097026,GREEN,"TWID,POSITIONID",TWID,3.73,79.16666666666667,AMBER,24,19,44.0251572327044,RED,159,70,100.0,GREEN,2,2,61.666666666666664,AMBER,37,1509,92.617011547089,GREEN,4.63,8,83.77,SILVER,2026-05-06 15:37:37.808298,prototype
DS_TRENDED_REPORT_VW,Trended Report Public View,EDLE_PUBL_DB.PNC_DATA.STG_TRENDED_REPORT_VW,P&C,VIEW,2026-04-04,452c4ccc,60.0,AMBER,Perri Ma,,100,GREEN,Workday,CORE,95,GREEN,0,1,2,2026-03-29 20:00:00,94.14553856901453,GREEN,2026-03-28 20:28:03.258981,840,147.53,95.56974357125402,GREEN,"TWID,POSITIONID",POSITIONID,4.43,70.83333333333333,AMBER,24,17,45.78313253012048,RED,83,38,100.0,GREEN,2,2,65.0,AMBER,39,1566,83.70184857707477,GREEN,4.19,14,82.57,SILVER,2026-05-06 15:37:37.809648,prototype
DS_TRENDED_REPORT_VW,Trended Report Public View,EDLE_PUBL_DB.PNC_DATA.STG_TRENDED_REPORT_VW,P&C,VIEW,2026-04-05,e0d32bc5,60.0,AMBER,Perri Ma,,100,GREEN,Workday,CORE,95,GREEN,0,1,2,2026-03-30 09:00:00,95.77864611037495,GREEN,2026-03-31 13:37:18.775133,840,106.38,94.5739062661202,GREEN,"TWID,POSITIONID",POSITIONID,5.43,70.83333333333333,AMBER,24,17,47.77777777777778,RED,90,43,100.0,GREEN,2,2,66.66666666666667,AMBER,40,1633,64.75791428016532,AMBER,3.24,9,82.16,SILVER,2026-05-06 15:37:37.811028,prototype
DS_TRENDED_REPORT_VW,Trended Report Public View,EDLE_PUBL_DB.PNC_DATA.STG_TRENDED_REPORT_VW,P&C,VIEW,2026-04-06,5840b647,60.0,AMBER,Perri Ma,,100,GREEN,Workday,CORE,97,GREEN,0,0,3,2026-03-31 08:00:00,100.0,GREEN,2026-04-06 00:00:00.000000,840,0.0,95.7342451164805,GREEN,"TWID,POSITIONID",TWID,4.27,70.83333333333333,AMBER,24,17,45.98540145985402,RED,137,63,100.0,GREEN,2,2,55.0,RED,33,1261,94.53136317282976,GREEN,4.73,9,83.5,SILVER,2026-05-06 15:37:37.812401,prototype
DS_TRENDED_REPORT_VW,Trended Report Public View,EDLE_PUBL_DB.PNC_DATA.STG_TRENDED_REPORT_VW,P&C,VIEW,2026-04-07,96ed2a70,60.0,AMBER,Perri Ma,,100,GREEN,Workday,CORE,96,GREEN,0,1,1,2026-04-01 07:00:00,94.25245218110155,GREEN,2026-03-31 23:09:42.461870,840,144.84,95.94345471045304,GREEN,"TWID,POSITIONID",TWID,4.06,62.5,AMBER,24,15,43.975903614457835,RED,166,73,100.0,GREEN,2,2,68.33333333333333,AMBER,41,1547,73.18987760108881,AMBER,3.66,8,81.39,SILVER,2026-05-06 15:37:37.813763,prototype
DS_TRENDED_REPORT_VW,Trended Report Public View,EDLE_PUBL_DB.PNC_DATA.STG_TRENDED_REPORT_VW,P&C,VIEW,2026-04-08,e8aa2a83,60.0,AMBER,Perri Ma,,100,GREEN,Workday,CORE,88,GREEN,1,0,2,2026-04-05 21:00:00,100.0,GREEN,2026-04-08 00:00:00.000000,840,0.0,100.0,GREEN,"TWID,POSITIONID",TWID,0.0,66.66666666666667,AMBER,24,16,44.18604651162791,RED,86,38,100.0,GREEN,2,2,63.333333333333336,AMBER,38,1492,69.18524927754586,AMBER,3.46,9,81.86,SILVER,2026-05-06 15:37:37.815161,prototype
DS_TRENDED_REPORT_VW,Trended Report Public View,EDLE_PUBL_DB.PNC_DATA.STG_TRENDED_REPORT_VW,P&C,VIEW,2026-04-09,2a2445a0,60.0,AMBER,Perri Ma,,100,GREEN,Workday,CORE,87,GREEN,1,0,3,2026-04-03 04:00:00,99.03544037075183,GREEN,2026-04-07 23:41:35.150435,840,24.31,97.26605949576638,GREEN,"TWID,POSITIONID",TWID,2.73,62.5,AMBER,24,15,40.32258064516129,RED,62,25,100.0,GREEN,2,2,55.0,RED,33,1346,76.46876456865253,AMBER,3.82,8,80.21,SILVER,2026-05-06 15:37:37.816513,prototype
DS_TRENDED_REPORT_VW,Trended Report Public View,EDLE_PUBL_DB.PNC_DATA.STG_TRENDED_REPORT_VW,P&C,VIEW,2026-04-10,aef1f605,60.0,AMBER,Perri Ma,,100,GREEN,Workday,CORE,96,GREEN,0,1,1,2026-04-06 23:00:00,96.88481114731269,GREEN,2026-04-06 17:29:50.067284,840,78.5,95.83671954265445,GREEN,"TWID,POSITIONID",TWID,4.16,66.66666666666667,AMBER,24,16,35.44303797468354,RED,79,28,100.0,GREEN,2,2,55.0,RED,33,1324,75.2944918040152,AMBER,3.76,9,80.85,SILVER,2026-05-06 15:37:37.817946,prototype
DS_TRENDED_REPORT_VW,Trended Report Public View,EDLE_PUBL_DB.PNC_DATA.STG_TRENDED_REPORT_VW,P&C,VIEW,2026-04-11,d4f1f073,60.0,AMBER,Perri Ma,,100,GREEN,Workday,CORE,93,GREEN,0,2,1,2026-04-05 05:00:00,100.0,GREEN,2026-04-11 00:00:00.000000,840,0.0,93.72675805178244,GREEN,"TWID,POSITIONID",POSITIONID,6.27,66.66666666666667,AMBER,24,16,48.67256637168141,RED,113,55,100.0,GREEN,2,2,63.333333333333336,AMBER,38,1465,75.512028976774,AMBER,3.78,7,82.2,SILVER,2026-05-06 15:37:37.819421,prototype
DS_TRENDED_REPORT_VW,Trended Report Public View,EDLE_PUBL_DB.PNC_DATA.STG_TRENDED_REPORT_VW,P&C,VIEW,2026-04-12,efaa08a4,60.0,AMBER,Perri Ma,,100,GREEN,Workday,CORE,99,GREEN,0,0,1,2026-04-05 09:00:00,100.0,GREEN,2026-04-12 00:00:00.000000,840,0.0,95.31374444089482,GREEN,"TWID,POSITIONID",POSITIONID,4.69,70.83333333333333,AMBER,24,17,38.57142857142857,RED,70,27,100.0,GREEN,2,2,45.0,RED,27,1045,79.57864854499229,AMBER,3.98,9,81.89,SILVER,2026-05-06 15:37:37.820783,prototype
DS_TRENDED_REPORT_VW,Trended Report Public View,EDLE_PUBL_DB.PNC_DATA.STG_TRENDED_REPORT_VW,P&C,VIEW,2026-04-13,4fc9bf88,60.0,AMBER,Perri Ma,,100,GREEN,Workday,CORE,87,GREEN,1,1,0,2026-04-10 08:00:00,93.77919331213182,GREEN,2026-04-06 11:14:08.417277,840,156.76,94.3001079880168,GREEN,"TWID,POSITIONID",POSITIONID,5.7,62.5,AMBER,24,15,44.49760765550239,RED,209,93,100.0,GREEN,2,2,68.33333333333333,AMBER,41,1635,68.16352154677851,AMBER,3.41,4,79.86,SILVER,2026-05-06 15:37:37.822298,prototype
DS_TRENDED_REPORT_VW,Trended Report Public View,EDLE_PUBL_DB.PNC_DATA.STG_TRENDED_REPORT_VW,P&C,VIEW,2026-04-14,746e49db,60.0,AMBER,Perri Ma,,100,GREEN,Workday,CORE,80,GREEN,0,5,5,2026-04-07 05:00:00,98.59520660692598,GREEN,2026-04-12 12:35:57.143380,840,35.4,97.91801808409627,GREEN,"TWID,POSITIONID",TWID,2.08,75.0,AMBER,24,18,43.333333333333336,RED,210,91,100.0,GREEN,2,2,63.333333333333336,AMBER,38,1568,75.88591162462298,AMBER,3.79,7,81.61,SILVER,2026-05-06 15:37:37.823715,prototype
DS_TRENDED_REPORT_VW,Trended Report Public View,EDLE_PUBL_DB.PNC_DATA.STG_TRENDED_REPORT_VW,P&C,VIEW,2026-04-15,70804580,60.0,AMBER,Perri Ma,,100,GREEN,Workday,CORE,74,AMBER,1,5,1,2026-04-10 03:00:00,93.69281524135803,GREEN,2026-04-08 09:03:32.198696,840,158.94,93.34842584960494,GREEN,"TWID,POSITIONID",TWID,6.65,62.5,AMBER,24,15,46.98795180722892,RED,83,39,100.0,GREEN,2,2,55.0,RED,33,1377,72.63682170746266,AMBER,3.63,10,77.73,SILVER,2026-05-06 15:37:37.825093,prototype
DS_TRENDED_REPORT_VW,Trended Report Public View,EDLE_PUBL_DB.PNC_DATA.STG_TRENDED_REPORT_VW,P&C,VIEW,2026-04-16,7f7be302,60.0,AMBER,Perri Ma,,100,GREEN,Workday,CORE,86,GREEN,1,1,1,2026-04-15 19:00:00,99.78530861735054,GREEN,2026-04-15 18:35:23.197766,840,5.41,95.61769578192303,GREEN,"TWID,POSITIONID",POSITIONID,4.38,75.0,AMBER,24,18,50.442477876106196,RED,113,57,100.0,GREEN,2,2,40.0,RED,24,940,71.56783359461801,AMBER,3.58,15,81.17,SILVER,2026-05-06 15:37:37.826466,prototype
DS_TRENDED_REPORT_VW,Trended Report Public View,EDLE_PUBL_DB.PNC_DATA.STG_TRENDED_REPORT_VW,P&C,VIEW,2026-04-17,c4a9b759,60.0,AMBER,Perri Ma,,100,GREEN,Workday,CORE,94,GREEN,0,1,3,2026-04-13 22:00:00,96.957907504873,GREEN,2026-04-13 19:20:21.368842,840,76.66,95.31157310184184,GREEN,"TWID,POSITIONID",TWID,4.69,79.16666666666667,AMBER,24,19,41.666666666666664,RED,120,50,100.0,GREEN,2,2,43.333333333333336,RED,26,1009,66.9828438089253,AMBER,3.35,7,81.51,SILVER,2026-05-06 15:37:37.827822,prototype
DS_TRENDED_REPORT_VW,Trended Report Public View,EDLE_PUBL_DB.PNC_DATA.STG_TRENDED_REPORT_VW,P&C,VIEW,2026-04-18,ffcb7c36,60.0,AMBER,Perri Ma,,100,GREEN,Workday,CORE,100,GREEN,0,0,0,2026-04-10 18:00:00,98.22493366973187,GREEN,2026-04-16 03:16:05.982518,840,44.73,95.71815426305224,GREEN,"TWID,POSITIONID",POSITIONID,4.28,75.0,AMBER,24,18,43.57798165137615,RED,218,95,100.0,GREEN,2,2,65.0,AMBER,39,1588,70.24531489131599,AMBER,3.51,8,83.55,SILVER,2026-05-06 15:37:37.829205,prototype
DS_TRENDED_REPORT_VW,Trended Report Public View,EDLE_PUBL_DB.PNC_DATA.STG_TRENDED_REPORT_VW,P&C,VIEW,2026-04-19,9b0c7578,60.0,AMBER,Perri Ma,,100,GREEN,Workday,CORE,92,GREEN,0,2,2,2026-04-17 00:00:00,100.0,GREEN,2026-04-19 00:00:00.000000,840,0.0,97.21371499076821,GREEN,"TWID,POSITIONID",TWID,2.79,58.333333333333336,RED,24,14,49.549549549549546,RED,111,55,100.0,GREEN,2,2,51.666666666666664,RED,31,1158,86.15761962448397,GREEN,4.31,10,81.36,SILVER,2026-05-06 15:37:37.830576,prototype
DS_TRENDED_REPORT_VW,Trended Report Public View,EDLE_PUBL_DB.PNC_DATA.STG_TRENDED_REPORT_VW,P&C,VIEW,2026-04-20,4ef9f9ca,60.0,AMBER,Perri Ma,,100,GREEN,Workday,CORE,89,GREEN,1,0,1,2026-04-14 08:00:00,100.0,GREEN,2026-04-20 00:00:00.000000,840,0.0,94.1202467651031,GREEN,"TWID,POSITIONID",TWID,5.88,75.0,AMBER,24,18,43.0,RED,100,43,100.0,GREEN,2,2,40.0,RED,24,953,82.31123683847383,GREEN,4.12,10,81.19,SILVER,2026-05-06 15:37:37.831930,prototype
DS_TRENDED_REPORT_VW,Trended Report Public View,EDLE_PUBL_DB.PNC_DATA.STG_TRENDED_REPORT_VW,P&C,VIEW,2026-04-21,9bb683e3,60.0,AMBER,Perri Ma,,100,GREEN,Workday,CORE,95,GREEN,0,1,2,2026-04-19 16:00:00,89.21431464881019,GREEN,2026-04-09 16:12:02.624940,840,271.8,95.45982229208117,GREEN,"TWID,POSITIONID",POSITIONID,4.54,70.83333333333333,AMBER,24,17,41.81818181818182,RED,110,46,100.0,GREEN,2,2,60.0,AMBER,36,1440,71.1265200729236,AMBER,3.56,6,80.74,SILVER,2026-05-06 15:37:37.833319,prototype
DS_TRENDED_REPORT_VW,Trended Report Public View,EDLE_PUBL_DB.PNC_DATA.STG_TRENDED_REPORT_VW,P&C,VIEW,2026-04-22,97aa03b0,60.0,AMBER,Perri Ma,,100,GREEN,Workday,CORE,84,GREEN,1,1,3,2026-04-16 18:00:00,94.19586332352699,GREEN,2026-04-15 21:44:08.720710,840,146.26,94.5416197989874,GREEN,"TWID,POSITIONID",POSITIONID,5.46,75.0,AMBER,24,18,44.1747572815534,RED,206,91,100.0,GREEN,2,2,60.0,AMBER,36,1346,78.84996856501253,AMBER,3.94,11,80.99,SILVER,2026-05-06 15:37:37.834821,prototype
DS_TRENDED_REPORT_VW,Trended Report Public View,EDLE_PUBL_DB.PNC_DATA.STG_TRENDED_REPORT_VW,P&C,VIEW,2026-04-23,abec5636,60.0,AMBER,Perri Ma,,100,GREEN,Workday,CORE,91,GREEN,0,2,3,2026-04-22 02:00:00,93.30113125296737,GREEN,2026-04-15 23:11:18.627269,840,168.81,95.3566653581702,GREEN,"TWID,POSITIONID",POSITIONID,4.64,62.5,AMBER,24,15,45.36585365853659,RED,205,93,100.0,GREEN,2,2,60.0,AMBER,36,1482,62.6239316658766,AMBER,3.13,11,79.77,SILVER,2026-05-06 15:37:37.836337,prototype
DS_TRENDED_REPORT_VW,Trended Report Public View,EDLE_PUBL_DB.PNC_DATA.STG_TRENDED_REPORT_VW,P&C,VIEW,2026-04-24,f4cfd8f4,60.0,AMBER,Perri Ma,,100,GREEN,Workday,CORE,90,GREEN,1,0,0,2026-04-19 20:00:00,93.42108164375674,GREEN,2026-04-17 02:12:40.526722,840,165.79,96.93181343529449,GREEN,"TWID,POSITIONID",POSITIONID,3.07,66.66666666666667,AMBER,24,16,48.18181818181818,RED,110,53,100.0,GREEN,2,2,73.33333333333333,AMBER,44,1828,75.3888851111318,AMBER,3.77,10,81.92,SILVER,2026-05-06 15:37:37.837696,prototype
DS_TRENDED_REPORT_VW,Trended Report Public View,EDLE_PUBL_DB.PNC_DATA.STG_TRENDED_REPORT_VW,P&C,VIEW,2026-04-25,93ee430b,60.0,AMBER,Perri Ma,,100,GREEN,Workday,CORE,85,GREEN,1,1,2,2026-04-19 12:00:00,93.43540435025392,GREEN,2026-04-18 02:34:19.882655,840,165.43,92.33519780532932,GREEN,"TWID,POSITIONID",TWID,7.66,66.66666666666667,AMBER,24,16,48.113207547169814,RED,106,51,100.0,GREEN,2,2,45.0,RED,27,1070,78.65686945832147,AMBER,3.93,8,79.1,SILVER,2026-05-06 15:37:37.839048,prototype
DS_TRENDED_REPORT_VW,Trended Report Public View,EDLE_PUBL_DB.PNC_DATA.STG_TRENDED_REPORT_VW,P&C,VIEW,2026-04-26,5796fcd6,60.0,AMBER,Perri Ma,,100,GREEN,Workday,CORE,96,GREEN,0,1,1,2026-04-18 05:00:00,89.71672945976424,GREEN,2026-04-15 04:51:41.696590,840,259.14,94.89173599473465,GREEN,"TWID,POSITIONID",TWID,5.11,62.5,AMBER,24,15,55.0,RED,40,22,100.0,GREEN,2,2,56.666666666666664,RED,34,1273,85.24372026583676,GREEN,4.26,7,81.27,SILVER,2026-05-06 15:37:37.840472,prototype
DS_TRENDED_REPORT_VW,Trended Report Public View,EDLE_PUBL_DB.PNC_DATA.STG_TRENDED_REPORT_VW,P&C,VIEW,2026-04-27,4880f07a,60.0,AMBER,Perri Ma,,100,GREEN,Workday,CORE,93,GREEN,0,2,1,2026-04-26 18:00:00,96.84904787939888,GREEN,2026-04-23 16:35:45.623619,840,79.4,94.32280495071463,GREEN,"TWID,POSITIONID",POSITIONID,5.68,58.333333333333336,RED,24,14,47.44525547445255,RED,137,65,100.0,GREEN,2,2,70.0,AMBER,42,1723,72.67451076710219,AMBER,3.63,7,81.03,SILVER,2026-05-06 15:37:37.841862,prototype
DS_TRENDED_REPORT_VW,Trended Report Public View,EDLE_PUBL_DB.PNC_DATA.STG_TRENDED_REPORT_VW,P&C,VIEW,2026-04-28,10d4f8f1,60.0,AMBER,Perri Ma,,100,GREEN,Workday,CORE,95,GREEN,0,1,2,2026-04-23 10:00:00,95.56714882110957,GREEN,2026-04-23 08:17:31.741051,840,111.71,97.17476591489897,GREEN,"TWID,POSITIONID",TWID,2.83,70.83333333333333,AMBER,24,17,45.5026455026455,RED,189,86,100.0,GREEN,2,2,61.666666666666664,AMBER,37,1471,72.50136087501467,AMBER,3.63,7,82.32,SILVER,2026-05-06 15:37:37.843201,prototype
DS_TRENDED_REPORT_VW,Trended Report Public View,EDLE_PUBL_DB.PNC_DATA.STG_TRENDED_REPORT_VW,P&C,VIEW,2026-04-29,8a43d765,60.0,AMBER,Perri Ma,,100,GREEN,Workday,CORE,86,GREEN,1,1,1,2026-04-26 10:00:00,98.73298698319196,GREEN,2026-04-27 16:04:16.579115,840,31.93,97.79475830098356,GREEN,"TWID,POSITIONID",POSITIONID,2.21,62.5,AMBER,24,15,43.75,RED,176,77,100.0,GREEN,2,2,55.0,RED,33,1314,81.76831522543644,GREEN,4.09,8,80.6,SILVER,2026-05-06 15:37:37.844590,prototype
DS_TRENDED_REPORT_VW,Trended Report Public View,EDLE_PUBL_DB.PNC_DATA.STG_TRENDED_REPORT_VW,P&C,VIEW,2026-04-30,50541a35,60.0,AMBER,Perri Ma,,100,GREEN,Workday,CORE,92,GREEN,0,2,2,2026-04-26 23:00:00,93.63763582054358,GREEN,2026-04-23 07:40:06.321640,840,160.33,95.0938746863523,GREEN,"TWID,POSITIONID",POSITIONID,4.91,66.66666666666667,AMBER,24,16,45.0,RED,120,54,100.0,GREEN,2,2,45.0,RED,27,1028,79.63453030992238,AMBER,3.98,12,80.15,SILVER,2026-05-06 15:37:37.845960,prototype
DS_TRENDED_REPORT_VW,Trended Report Public View,EDLE_PUBL_DB.PNC_DATA.STG_TRENDED_REPORT_VW,P&C,VIEW,2026-05-01,64183297,60.0,AMBER,Perri Ma,,100,GREEN,Workday,CORE,91,GREEN,0,3,0,2026-04-29 02:00:00,100.0,GREEN,2026-05-01 00:00:00.000000,840,0.0,98.97594682476293,GREEN,"TWID,POSITIONID",TWID,1.02,87.5,GREEN,24,21,47.77777777777778,RED,90,43,100.0,GREEN,2,2,53.333333333333336,RED,32,1308,70.10120946807442,AMBER,3.51,2,84.3,SILVER,2026-05-06 15:37:37.847386,prototype
DS_TRENDED_REPORT_VW,Trended Report Public View,EDLE_PUBL_DB.PNC_DATA.STG_TRENDED_REPORT_VW,P&C,VIEW,2026-05-02,9ce34b5c,60.0,AMBER,Perri Ma,,100,GREEN,Workday,CORE,82,GREEN,1,2,2,2026-04-26 01:00:00,99.27319001962454,GREEN,2026-05-01 05:41:03.798580,840,18.32,96.40895629987646,GREEN,"TWID,POSITIONID",POSITIONID,3.59,79.16666666666667,AMBER,24,19,45.19774011299435,RED,177,80,100.0,GREEN,2,2,53.333333333333336,RED,32,1291,69.73230826698297,AMBER,3.49,4,81.54,SILVER,2026-05-06 15:37:37.848744,prototype
DS_TRENDED_REPORT_VW,Trended Report Public View,EDLE_PUBL_DB.PNC_DATA.STG_TRENDED_REPORT_VW,P&C,VIEW,2026-05-03,d6ceaaf6,60.0,AMBER,Perri Ma,,100,GREEN,Workday,CORE,71,AMBER,2,2,3,2026-05-02 19:00:00,95.66301694770384,GREEN,2026-04-28 10:42:28.897496,840,109.29,94.79438314425113,GREEN,"TWID,POSITIONID",POSITIONID,5.21,66.66666666666667,AMBER,24,16,43.63636363636363,RED,110,48,100.0,GREEN,2,2,63.333333333333336,AMBER,38,1544,83.55152280915043,GREEN,4.18,6,79.02,SILVER,2026-05-06 15:37:37.850138,prototype
DS_TRENDED_REPORT_VW,Trended Report Public View,EDLE_PUBL_DB.PNC_DATA.STG_TRENDED_REPORT_VW,P&C,VIEW,2026-05-04,5585e622,60.0,AMBER,Perri Ma,,100,GREEN,Workday,CORE,79,AMBER,1,3,2,2026-04-29 12:00:00,94.77589598902392,GREEN,2026-04-28 12:21:09.284124,840,131.65,94.6718037986185,GREEN,"TWID,POSITIONID",POSITIONID,5.33,75.0,AMBER,24,18,44.927536231884055,RED,207,93,100.0,GREEN,2,2,63.333333333333336,AMBER,38,1476,80.63066714497029,GREEN,4.03,5,80.82,SILVER,2026-05-06 15:37:37.851725,prototype
DS_TRENDED_REPORT_VW,Trended Report Public View,EDLE_PUBL_DB.PNC_DATA.STG_TRENDED_REPORT_VW,P&C,VIEW,2026-05-05,a01069a6,60.0,AMBER,Perri Ma,,100,GREEN,Workday,CORE,97,GREEN,0,0,3,2026-04-28 12:00:00,99.99614530420388,GREEN,2026-05-04 23:54:10.301997,840,0.1,95.5552264473284,GREEN,"TWID,POSITIONID",POSITIONID,4.44,66.66666666666667,AMBER,24,16,43.07692307692308,RED,130,56,100.0,GREEN,2,2,61.666666666666664,AMBER,37,1503,60.16307474581053,AMBER,3.01,10,81.77,SILVER,2026-05-06 15:37:37.853171,prototype
DS_TRENDED_REPORT_VW,Trended Report Public View,EDLE_PUBL_DB.PNC_DATA.STG_TRENDED_REPORT_VW,P&C,VIEW,2026-05-06,e540e945,60.0,AMBER,Perri Ma,,100,GREEN,Workday,CORE,94,GREEN,0,2,0,2026-05-03 22:00:00,92.33042342558655,GREEN,2026-04-27 22:43:36.013169,840,193.27,95.61611861540653,GREEN,"TWID,POSITIONID",POSITIONID,4.38,75.0,AMBER,24,18,42.38095238095238,RED,210,89,100.0,GREEN,2,2,73.33333333333333,AMBER,44,1816,81.54613524636034,GREEN,4.08,14,82.84,SILVER,2026-05-06 15:37:37.854583,prototype
DS_WORKPLACE_TRANSITION,Workplace Transition / RTO,EDLE_DW_DB.PNC_DATA.TRAN_DT_WRKPLCTRNS_CONSOLIDATED,P&C,SILVER,2026-02-05,97111c97,0.0,RED,,,75,AMBER,Workday + Badge (CCURE/DSX/RS2),APM,94,GREEN,0,1,3,2026-01-29 03:00:00,92.98473850756416,GREEN,2026-02-04 16:25:24.663317,36,7.58,96.29162293958437,GREEN,"TWID,POSITION_ID,BADGE_EVENT_TS",TWID,3.71,62.5,AMBER,24,15,37.80487804878049,RED,164,62,100.0,GREEN,3,3,23.333333333333332,RED,14,536,76.08338179167335,AMBER,3.8,5,68.25,BRONZE,2026-05-06 15:37:37.855991,prototype
DS_WORKPLACE_TRANSITION,Workplace Transition / RTO,EDLE_DW_DB.PNC_DATA.TRAN_DT_WRKPLCTRNS_CONSOLIDATED,P&C,SILVER,2026-02-06,dbfea772,0.0,RED,,,75,AMBER,Workday + Badge (CCURE/DSX/RS2),APM,87,GREEN,1,0,3,2026-02-01 04:00:00,88.06428312333186,GREEN,2026-02-05 11:06:33.932784,36,12.89,93.31456503387952,GREEN,"TWID,POSITION_ID,BADGE_EVENT_TS",POSITION_ID,6.69,54.166666666666664,RED,24,13,38.297872340425535,RED,47,18,100.0,GREEN,3,3,8.333333333333334,RED,5,224,70.79341839758983,AMBER,3.54,7,64.23,BRONZE,2026-05-06 15:37:37.857363,prototype
DS_WORKPLACE_TRANSITION,Workplace Transition / RTO,EDLE_DW_DB.PNC_DATA.TRAN_DT_WRKPLCTRNS_CONSOLIDATED,P&C,SILVER,2026-02-07,da7bc4e6,0.0,RED,,,75,AMBER,Workday + Badge (CCURE/DSX/RS2),APM,98,GREEN,0,0,2,2026-02-01 20:00:00,94.57192937981058,GREEN,2026-02-06 18:08:15.661429,36,5.86,94.98875962826091,GREEN,"TWID,POSITION_ID,BADGE_EVENT_TS",TWID,5.01,58.333333333333336,RED,24,14,41.666666666666664,RED,60,25,100.0,GREEN,3,3,16.666666666666668,RED,10,446,74.84555958897796,AMBER,3.74,8,68.13,BRONZE,2026-05-06 15:37:37.858750,prototype
DS_WORKPLACE_TRANSITION,Workplace Transition / RTO,EDLE_DW_DB.PNC_DATA.TRAN_DT_WRKPLCTRNS_CONSOLIDATED,P&C,SILVER,2026-02-08,e2040700,0.0,RED,,,75,AMBER,Workday + Badge (CCURE/DSX/RS2),APM,98,GREEN,0,0,2,2026-02-07 21:00:00,94.78079494649577,GREEN,2026-02-07 18:21:47.730752,36,5.64,94.8213066962293,GREEN,"TWID,POSITION_ID,BADGE_EVENT_TS",POSITION_ID,5.18,54.166666666666664,RED,24,13,41.911764705882355,RED,136,57,100.0,GREEN,3,3,18.333333333333332,RED,11,390,86.78121340092561,GREEN,4.34,8,68.23,BRONZE,2026-05-06 15:37:37.860118,prototype
DS_WORKPLACE_TRANSITION,Workplace Transition / RTO,EDLE_DW_DB.PNC_DATA.TRAN_DT_WRKPLCTRNS_CONSOLIDATED,P&C,SILVER,2026-02-09,bbcef5f9,0.0,RED,,,75,AMBER,Workday + Badge (CCURE/DSX/RS2),APM,96,GREEN,0,1,1,2026-02-01 08:00:00,95.96090661035213,GREEN,2026-02-08 19:38:16.004901,36,4.36,95.67202325447373,GREEN,"TWID,POSITION_ID,BADGE_EVENT_TS",POSITION_ID,4.33,62.5,AMBER,24,15,38.07339449541284,RED,218,83,100.0,GREEN,3,3,16.666666666666668,RED,10,435,80.6221008220451,GREEN,4.03,10,68.62,BRONZE,2026-05-06 15:37:37.861536,prototype
DS_WORKPLACE_TRANSITION,Workplace Transition / RTO,EDLE_DW_DB.PNC_DATA.TRAN_DT_WRKPLCTRNS_CONSOLIDATED,P&C,SILVER,2026-02-10,77d32ac5,0.0,RED,,,75,AMBER,Workday + Badge (CCURE/DSX/RS2),APM,88,GREEN,1,0,2,2026-02-09 06:00:00,93.32023510302028,GREEN,2026-02-09 16:47:09.074081,36,7.21,93.6071885201897,GREEN,"TWID,POSITION_ID,BADGE_EVENT_TS",TWID,6.39,54.166666666666664,RED,24,13,36.702127659574465,RED,188,69,100.0,GREEN,3,3,21.666666666666668,RED,13,622,78.31271435674205,AMBER,3.92,6,66.1,BRONZE,2026-05-06 15:37:37.862916,prototype
DS_WORKPLACE_TRANSITION,Workplace Transition / RTO,EDLE_DW_DB.PNC_DATA.TRAN_DT_WRKPLCTRNS_CONSOLIDATED,P&C,SILVER,2026-02-11,a96c8cd6,0.0,RED,,,75,AMBER,Workday + Badge (CCURE/DSX/RS2),APM,100,GREEN,0,0,0,2026-02-09 13:00:00,98.11462036785701,GREEN,2026-02-10 21:57:49.643990,36,2.04,96.51557543615044,GREEN,"TWID,POSITION_ID,BADGE_EVENT_TS",TWID,3.48,62.5,AMBER,24,15,38.83495145631068,RED,103,40,100.0,GREEN,3,3,6.666666666666667,RED,4,141,73.89307801504656,AMBER,3.69,9,68.71,BRONZE,2026-05-06 15:37:37.864284,prototype
DS_WORKPLACE_TRANSITION,Workplace Transition / RTO,EDLE_DW_DB.PNC_DATA.TRAN_DT_WRKPLCTRNS_CONSOLIDATED,P&C,SILVER,2026-02-12,e8a820bd,0.0,RED,,,75,AMBER,Workday + Badge (CCURE/DSX/RS2),APM,94,GREEN,0,1,3,2026-02-05 17:00:00,91.2868299277181,GREEN,2026-02-11 14:35:23.194759,36,9.41,95.65592671324478,GREEN,"TWID,POSITION_ID,BADGE_EVENT_TS",TWID,4.34,58.333333333333336,RED,24,14,40.44117647058823,RED,136,55,100.0,GREEN,3,3,40.0,RED,24,1020,77.37094915406627,AMBER,3.87,11,68.68,BRONZE,2026-05-06 15:37:37.865688,prototype
DS_WORKPLACE_TRANSITION,Workplace Transition / RTO,EDLE_DW_DB.PNC_DATA.TRAN_DT_WRKPLCTRNS_CONSOLIDATED,P&C,SILVER,2026-02-13,285480f8,0.0,RED,,,75,AMBER,Workday + Badge (CCURE/DSX/RS2),APM,99,GREEN,0,0,1,2026-02-06 06:00:00,90.92438655639909,GREEN,2026-02-12 14:11:54.014931,36,9.8,94.36570467484908,GREEN,"TWID,POSITION_ID,BADGE_EVENT_TS",BADGE_EVENT_TS,5.63,66.66666666666667,AMBER,24,16,37.5,RED,88,33,100.0,GREEN,3,3,21.666666666666668,RED,13,459,68.37530864652197,AMBER,3.42,11,68.36,BRONZE,2026-05-06 15:37:37.867051,prototype
DS_WORKPLACE_TRANSITION,Workplace Transition / RTO,EDLE_DW_DB.PNC_DATA.TRAN_DT_WRKPLCTRNS_CONSOLIDATED,P&C,SILVER,2026-02-14,4d7c6b27,0.0,RED,,,75,AMBER,Workday + Badge (CCURE/DSX/RS2),APM,79,AMBER,1,2,5,2026-02-10 21:00:00,96.36027139887555,GREEN,2026-02-13 20:04:08.735199,36,3.93,96.15362985898099,GREEN,"TWID,POSITION_ID,BADGE_EVENT_TS",POSITION_ID,3.85,58.333333333333336,RED,24,14,39.04109589041096,RED,146,57,100.0,GREEN,3,3,20.0,RED,12,507,76.43573317865447,AMBER,3.82,15,66.31,BRONZE,2026-05-06 15:37:37.868590,prototype
DS_WORKPLACE_TRANSITION,Workplace Transition / RTO,EDLE_DW_DB.PNC_DATA.TRAN_DT_WRKPLCTRNS_CONSOLIDATED,P&C,SILVER,2026-02-15,1f785403,0.0,RED,,,75,AMBER,Workday + Badge (CCURE/DSX/RS2),APM,81,GREEN,0,6,1,2026-02-09 12:00:00,95.3116610267713,GREEN,2026-02-14 18:56:11.738072,36,5.06,93.24110012339807,GREEN,"TWID,POSITION_ID,BADGE_EVENT_TS",BADGE_EVENT_TS,6.76,58.333333333333336,RED,24,14,42.857142857142854,RED,140,60,100.0,GREEN,3,3,11.666666666666666,RED,7,332,68.95089977327896,AMBER,3.45,10,65.5,BRONZE,2026-05-06 15:37:37.870053,prototype
DS_WORKPLACE_TRANSITION,Workplace Transition / RTO,EDLE_DW_DB.PNC_DATA.TRAN_DT_WRKPLCTRNS_CONSOLIDATED,P&C,SILVER,2026-02-16,f0d69ef4,0.0,RED,,,75,AMBER,Workday + Badge (CCURE/DSX/RS2),APM,91,GREEN,0,2,3,2026-02-11 08:00:00,93.38707790002033,GREEN,2026-02-15 16:51:28.958875,36,7.14,95.03963460146338,GREEN,"TWID,POSITION_ID,BADGE_EVENT_TS",BADGE_EVENT_TS,4.96,66.66666666666667,AMBER,24,16,38.46153846153846,RED,78,30,100.0,GREEN,3,3,21.666666666666668,RED,13,529,80.06218142107828,GREEN,4.0,4,68.38,BRONZE,2026-05-06 15:37:37.871562,prototype
DS_WORKPLACE_TRANSITION,Workplace Transition / RTO,EDLE_DW_DB.PNC_DATA.TRAN_DT_WRKPLCTRNS_CONSOLIDATED,P&C,SILVER,2026-02-17,350deeea,0.0,RED,,,75,AMBER,Workday + Badge (CCURE/DSX/RS2),APM,90,GREEN,0,2,4,2026-02-15 18:00:00,92.05860837467178,GREEN,2026-02-16 15:25:23.869361,36,8.58,96.08749583868716,GREEN,"TWID,POSITION_ID,BADGE_EVENT_TS",BADGE_EVENT_TS,3.91,62.5,AMBER,24,15,41.08527131782946,RED,129,53,100.0,GREEN,3,3,33.333333333333336,RED,20,798,94.36315018613924,GREEN,4.72,5,69.2,BRONZE,2026-05-06 15:37:37.872917,prototype
DS_WORKPLACE_TRANSITION,Workplace Transition / RTO,EDLE_DW_DB.PNC_DATA.TRAN_DT_WRKPLCTRNS_CONSOLIDATED,P&C,SILVER,2026-02-18,79b96ac9,0.0,RED,,,75,AMBER,Workday + Badge (CCURE/DSX/RS2),APM,92,GREEN,0,2,2,2026-02-17 08:00:00,99.02506863502626,GREEN,2026-02-17 22:56:49.466853,36,1.05,96.66862362379747,GREEN,"TWID,POSITION_ID,BADGE_EVENT_TS",BADGE_EVENT_TS,3.33,70.83333333333333,AMBER,24,17,38.70967741935484,RED,186,72,100.0,GREEN,3,3,15.0,RED,9,349,81.33081302334787,GREEN,4.07,5,69.69,BRONZE,2026-05-06 15:37:37.874281,prototype
DS_WORKPLACE_TRANSITION,Workplace Transition / RTO,EDLE_DW_DB.PNC_DATA.TRAN_DT_WRKPLCTRNS_CONSOLIDATED,P&C,SILVER,2026-02-19,ffad09a0,0.0,RED,,,75,AMBER,Workday + Badge (CCURE/DSX/RS2),APM,94,GREEN,0,1,3,2026-02-11 18:00:00,92.92383579511261,GREEN,2026-02-18 16:21:27.873571,36,7.64,94.61659776004655,GREEN,"TWID,POSITION_ID,BADGE_EVENT_TS",POSITION_ID,5.38,70.83333333333333,AMBER,24,17,38.25503355704698,RED,149,57,100.0,GREEN,3,3,21.666666666666668,RED,13,460,81.4460895243165,GREEN,4.07,6,69.15,BRONZE,2026-05-06 15:37:37.875690,prototype
DS_WORKPLACE_TRANSITION,Workplace Transition / RTO,EDLE_DW_DB.PNC_DATA.TRAN_DT_WRKPLCTRNS_CONSOLIDATED,P&C,SILVER,2026-02-20,f96bcfb0,0.0,RED,,,75,AMBER,Workday + Badge (CCURE/DSX/RS2),APM,88,GREEN,1,0,2,2026-02-18 12:00:00,96.89095232173554,GREEN,2026-02-19 20:38:32.022627,36,3.36,93.75654603092694,GREEN,"TWID,POSITION_ID,BADGE_EVENT_TS",POSITION_ID,6.24,62.5,AMBER,24,15,36.91588785046729,RED,214,79,100.0,GREEN,3,3,1.6666666666666667,RED,1,39,92.05434968682454,GREEN,4.6,10,66.99,BRONZE,2026-05-06 15:37:37.877048,prototype
DS_WORKPLACE_TRANSITION,Workplace Transition / RTO,EDLE_DW_DB.PNC_DATA.TRAN_DT_WRKPLCTRNS_CONSOLIDATED,P&C,SILVER,2026-02-21,8b01fa2f,0.0,RED,,,75,AMBER,Workday + Badge (CCURE/DSX/RS2),APM,100,GREEN,0,0,0,2026-02-19 09:00:00,96.31432224901734,GREEN,2026-02-20 20:01:10.084904,36,3.98,94.85855126012783,GREEN,"TWID,POSITION_ID,BADGE_EVENT_TS",BADGE_EVENT_TS,5.14,62.5,AMBER,24,15,37.5609756097561,RED,205,77,100.0,GREEN,3,3,1.6666666666666667,RED,1,0,82.05433960210114,GREEN,4.1,5,68.15,BRONZE,2026-05-06 15:37:37.878391,prototype
DS_WORKPLACE_TRANSITION,Workplace Transition / RTO,EDLE_DW_DB.PNC_DATA.TRAN_DT_WRKPLCTRNS_CONSOLIDATED,P&C,SILVER,2026-02-22,8b000df6,0.0,RED,,,75,AMBER,Workday + Badge (CCURE/DSX/RS2),APM,88,GREEN,0,3,3,2026-02-21 16:00:00,93.4167538347244,GREEN,2026-02-21 16:53:24.338909,36,7.11,93.98996587386203,GREEN,"TWID,POSITION_ID,BADGE_EVENT_TS",POSITION_ID,6.01,70.83333333333333,AMBER,24,17,40.625,RED,128,52,100.0,GREEN,3,3,15.0,RED,9,398,83.53324754028486,GREEN,4.18,16,68.29,BRONZE,2026-05-06 15:37:37.879763,prototype
DS_WORKPLACE_TRANSITION,Workplace Transition / RTO,EDLE_DW_DB.PNC_DATA.TRAN_DT_WRKPLCTRNS_CONSOLIDATED,P&C,SILVER,2026-02-23,7ab970c7,0.0,RED,,,75,AMBER,Workday + Badge (CCURE/DSX/RS2),APM,91,GREEN,0,2,3,2026-02-20 06:00:00,100.0,GREEN,2026-02-23 00:00:00.000000,36,0.0,95.07223786763726,GREEN,"TWID,POSITION_ID,BADGE_EVENT_TS",TWID,4.93,54.166666666666664,RED,24,13,42.857142857142854,RED,140,60,100.0,GREEN,3,3,8.333333333333334,RED,5,117,76.8352726489357,AMBER,3.84,11,67.23,BRONZE,2026-05-06 15:37:37.881217,prototype
DS_WORKPLACE_TRANSITION,Workplace Transition / RTO,EDLE_DW_DB.PNC_DATA.TRAN_DT_WRKPLCTRNS_CONSOLIDATED,P&C,SILVER,2026-02-24,ccf03be0,0.0,RED,,,75,AMBER,Workday + Badge (CCURE/DSX/RS2),APM,84,GREEN,1,2,0,2026-02-20 22:00:00,99.59360124564903,GREEN,2026-02-23 23:33:39.921643,36,0.44,95.57537518875807,GREEN,"TWID,POSITION_ID,BADGE_EVENT_TS",TWID,4.42,83.33333333333333,GREEN,24,20,40.54054054054054,RED,148,60,100.0,GREEN,3,3,15.0,RED,9,302,96.22116567523406,GREEN,4.81,6,70.9,SILVER,2026-05-06 15:37:37.882586,prototype
DS_WORKPLACE_TRANSITION,Workplace Transition / RTO,EDLE_DW_DB.PNC_DATA.TRAN_DT_WRKPLCTRNS_CONSOLIDATED,P&C,SILVER,2026-02-25,2a4da3fc,0.0,RED,,,75,AMBER,Workday + Badge (CCURE/DSX/RS2),APM,100,GREEN,0,0,0,2026-02-24 21:00:00,93.66542112084703,GREEN,2026-02-24 17:09:31.157318,36,6.84,97.65565557123482,GREEN,"TWID,POSITION_ID,BADGE_EVENT_TS",POSITION_ID,2.34,62.5,AMBER,24,15,39.285714285714285,RED,56,22,100.0,GREEN,3,3,8.333333333333334,RED,5,278,80.83724531492344,GREEN,4.04,11,68.66,BRONZE,2026-05-06 15:37:37.884020,prototype
DS_WORKPLACE_TRANSITION,Workplace Transition / RTO,EDLE_DW_DB.PNC_DATA.TRAN_DT_WRKPLCTRNS_CONSOLIDATED,P&C,SILVER,2026-02-26,0d7c103a,0.0,RED,,,75,AMBER,Workday + Badge (CCURE/DSX/RS2),APM,81,GREEN,1,2,3,2026-02-24 19:00:00,100.0,GREEN,2026-02-26 00:00:00.000000,36,0.0,95.42485042030752,GREEN,"TWID,POSITION_ID,BADGE_EVENT_TS",BADGE_EVENT_TS,4.58,58.333333333333336,RED,24,14,36.61971830985915,RED,142,52,100.0,GREEN,3,3,25.0,RED,15,653,76.67094448122563,AMBER,3.83,7,67.08,BRONZE,2026-05-06 15:37:37.885378,prototype
DS_WORKPLACE_TRANSITION,Workplace Transition / RTO,EDLE_DW_DB.PNC_DATA.TRAN_DT_WRKPLCTRNS_CONSOLIDATED,P&C,SILVER,2026-02-27,c38d2f51,0.0,RED,,,75,AMBER,Workday + Badge (CCURE/DSX/RS2),APM,94,GREEN,0,2,0,2026-02-21 23:00:00,92.11068632835361,GREEN,2026-02-26 15:28:46.348445,36,8.52,97.70164512406441,GREEN,"TWID,POSITION_ID,BADGE_EVENT_TS",BADGE_EVENT_TS,2.3,79.16666666666667,AMBER,24,19,42.3728813559322,RED,118,50,100.0,GREEN,3,3,3.3333333333333335,RED,2,147,88.97175915475356,GREEN,4.45,8,70.0,SILVER,2026-05-06 15:37:37.886761,prototype
DS_WORKPLACE_TRANSITION,Workplace Transition / RTO,EDLE_DW_DB.PNC_DATA.TRAN_DT_WRKPLCTRNS_CONSOLIDATED,P&C,SILVER,2026-02-28,b10c31f1,0.0,RED,,,75,AMBER,Workday + Badge (CCURE/DSX/RS2),APM,92,GREEN,0,2,2,2026-02-20 05:00:00,100.0,GREEN,2026-02-28 00:00:00.000000,36,0.0,94.51282523466516,GREEN,"TWID,POSITION_ID,BADGE_EVENT_TS",TWID,5.49,62.5,AMBER,24,15,40.666666666666664,RED,150,61,100.0,GREEN,3,3,18.333333333333332,RED,11,362,91.43967048733971,GREEN,4.57,5,69.28,BRONZE,2026-05-06 15:37:37.888198,prototype
DS_WORKPLACE_TRANSITION,Workplace Transition / RTO,EDLE_DW_DB.PNC_DATA.TRAN_DT_WRKPLCTRNS_CONSOLIDATED,P&C,SILVER,2026-03-01,d11a777f,0.0,RED,,,75,AMBER,Workday + Badge (CCURE/DSX/RS2),APM,59,RED,3,3,2,2026-02-23 03:00:00,93.71922839663732,GREEN,2026-02-28 17:13:00.360006,36,6.78,94.07828887489916,GREEN,"TWID,POSITION_ID,BADGE_EVENT_TS",POSITION_ID,5.92,50.0,RED,24,12,37.00787401574803,RED,127,47,100.0,GREEN,3,3,8.333333333333334,RED,5,236,54.84935877802367,RED,2.74,8,60.53,BRONZE,2026-05-06 15:37:37.889579,prototype
DS_WORKPLACE_TRANSITION,Workplace Transition / RTO,EDLE_DW_DB.PNC_DATA.TRAN_DT_WRKPLCTRNS_CONSOLIDATED,P&C,SILVER,2026-03-02,0a8d96ff,0.0,RED,,,75,AMBER,Workday + Badge (CCURE/DSX/RS2),APM,96,GREEN,0,0,4,2026-02-28 20:00:00,100.0,GREEN,2026-03-02 00:00:00.000000,36,0.0,93.84958346582688,GREEN,"TWID,POSITION_ID,BADGE_EVENT_TS",TWID,6.15,70.83333333333333,AMBER,24,17,41.86046511627907,RED,215,90,100.0,GREEN,3,3,16.666666666666668,RED,10,379,78.41019673961006,AMBER,3.92,7,70.14,SILVER,2026-05-06 15:37:37.890967,prototype
DS_WORKPLACE_TRANSITION,Workplace Transition / RTO,EDLE_DW_DB.PNC_DATA.TRAN_DT_WRKPLCTRNS_CONSOLIDATED,P&C,SILVER,2026-03-03,60a29782,0.0,RED,,,75,AMBER,Workday + Badge (CCURE/DSX/RS2),APM,76,AMBER,2,1,1,2026-03-01 10:00:00,90.68583886371862,GREEN,2026-03-02 13:56:26.541502,36,10.06,93.23927234842927,GREEN,"TWID,POSITION_ID,BADGE_EVENT_TS",POSITION_ID,6.76,75.0,AMBER,24,18,37.67123287671233,RED,146,55,100.0,GREEN,3,3,13.333333333333334,RED,8,348,86.92973725964323,GREEN,4.35,9,66.66,BRONZE,2026-05-06 15:37:37.892313,prototype
DS_WORKPLACE_TRANSITION,Workplace Transition / RTO,EDLE_DW_DB.PNC_DATA.TRAN_DT_WRKPLCTRNS_CONSOLIDATED,P&C,SILVER,2026-03-04,f3afeb33,0.0,RED,,,75,AMBER,Workday + Badge (CCURE/DSX/RS2),APM,77,AMBER,1,3,4,2026-02-26 10:00:00,96.9041676091685,GREEN,2026-03-03 20:39:23.403664,36,3.34,93.78651087193816,GREEN,"TWID,POSITION_ID,BADGE_EVENT_TS",BADGE_EVENT_TS,6.21,54.166666666666664,RED,24,13,38.144329896907216,RED,194,74,100.0,GREEN,3,3,26.666666666666668,RED,16,507,81.1851862760877,GREEN,4.06,7,65.84,BRONZE,2026-05-06 15:37:37.893660,prototype
DS_WORKPLACE_TRANSITION,Workplace Transition / RTO,EDLE_DW_DB.PNC_DATA.TRAN_DT_WRKPLCTRNS_CONSOLIDATED,P&C,SILVER,2026-03-05,628a9e24,0.0,RED,,,75,AMBER,Workday + Badge (CCURE/DSX/RS2),APM,95,GREEN,0,1,2,2026-03-02 13:00:00,99.13117326456764,GREEN,2026-03-04 23:03:42.001653,36,0.94,95.7025692137552,GREEN,"TWID,POSITION_ID,BADGE_EVENT_TS",BADGE_EVENT_TS,4.3,66.66666666666667,AMBER,24,16,37.01657458563536,RED,181,67,100.0,GREEN,3,3,13.333333333333334,RED,8,251,72.16563478003296,AMBER,3.61,9,68.82,BRONZE,2026-05-06 15:37:37.894999,prototype
DS_WORKPLACE_TRANSITION,Workplace Transition / RTO,EDLE_DW_DB.PNC_DATA.TRAN_DT_WRKPLCTRNS_CONSOLIDATED,P&C,SILVER,2026-03-06,0845eb64,0.0,RED,,,75,AMBER,Workday + Badge (CCURE/DSX/RS2),APM,87,GREEN,1,0,3,2026-02-26 01:00:00,97.1241913701243,GREEN,2026-03-05 20:53:38.856047,36,3.11,96.66867117292838,GREEN,"TWID,POSITION_ID,BADGE_EVENT_TS",BADGE_EVENT_TS,3.33,58.333333333333336,RED,24,14,42.0,RED,50,21,100.0,GREEN,3,3,0.0,RED,0,0,79.87571632473218,AMBER,3.99,3,66.63,BRONZE,2026-05-06 15:37:37.896429,prototype
DS_WORKPLACE_TRANSITION,Workplace Transition / RTO,EDLE_DW_DB.PNC_DATA.TRAN_DT_WRKPLCTRNS_CONSOLIDATED,P&C,SILVER,2026-03-07,8e433e4a,0.0,RED,,,75,AMBER,Workday + Badge (CCURE/DSX/RS2),APM,82,GREEN,1,2,2,2026-03-06 11:00:00,94.94388299262992,GREEN,2026-03-06 18:32:21.817075,36,5.46,95.71812099702073,GREEN,"TWID,POSITION_ID,BADGE_EVENT_TS",BADGE_EVENT_TS,4.28,70.83333333333333,AMBER,24,17,36.87150837988827,RED,179,66,100.0,GREEN,3,3,23.333333333333332,RED,14,614,81.8057132898587,GREEN,4.09,11,68.15,BRONZE,2026-05-06 15:37:37.897822,prototype
DS_WORKPLACE_TRANSITION,Workplace Transition / RTO,EDLE_DW_DB.PNC_DATA.TRAN_DT_WRKPLCTRNS_CONSOLIDATED,P&C,SILVER,2026-03-08,293f77e8,0.0,RED,,,75,AMBER,Workday + Badge (CCURE/DSX/RS2),APM,85,GREEN,1,1,2,2026-03-06 22:00:00,97.63674933126435,GREEN,2026-03-07 21:26:51.681400,36,2.55,94.56198010426418,GREEN,"TWID,POSITION_ID,BADGE_EVENT_TS",POSITION_ID,5.44,58.333333333333336,RED,24,14,38.57142857142857,RED,70,27,100.0,GREEN,3,3,21.666666666666668,RED,13,494,96.17241665290766,GREEN,4.81,7,67.84,BRONZE,2026-05-06 15:37:37.899203,prototype
DS_WORKPLACE_TRANSITION,Workplace Transition / RTO,EDLE_DW_DB.PNC_DATA.TRAN_DT_WRKPLCTRNS_CONSOLIDATED,P&C,SILVER,2026-03-09,1cc403fe,0.0,RED,,,75,AMBER,Workday + Badge (CCURE/DSX/RS2),APM,71,AMBER,2,2,3,2026-03-03 01:00:00,100.0,GREEN,2026-03-09 00:00:00.000000,36,0.0,93.17557719216063,GREEN,"TWID,POSITION_ID,BADGE_EVENT_TS",BADGE_EVENT_TS,6.82,75.0,AMBER,24,18,33.87096774193548,RED,62,21,100.0,GREEN,3,3,21.666666666666668,RED,13,471,73.34729600713123,AMBER,3.67,4,67.01,BRONZE,2026-05-06 15:37:37.900730,prototype
DS_WORKPLACE_TRANSITION,Workplace Transition / RTO,EDLE_DW_DB.PNC_DATA.TRAN_DT_WRKPLCTRNS_CONSOLIDATED,P&C,SILVER,2026-03-10,243ea450,0.0,RED,,,75,AMBER,Workday + Badge (CCURE/DSX/RS2),APM,94,GREEN,0,1,3,2026-03-04 01:00:00,99.1615568165652,GREEN,2026-03-09 23:05:40.132903,36,0.91,94.0731550778804,GREEN,"TWID,POSITION_ID,BADGE_EVENT_TS",TWID,5.93,62.5,AMBER,24,15,38.96103896103896,RED,77,30,100.0,GREEN,3,3,21.666666666666668,RED,13,473,74.73014610350123,AMBER,3.74,10,68.74,BRONZE,2026-05-06 15:37:37.902157,prototype
DS_WORKPLACE_TRANSITION,Workplace Transition / RTO,EDLE_DW_DB.PNC_DATA.TRAN_DT_WRKPLCTRNS_CONSOLIDATED,P&C,SILVER,2026-03-11,3a2fc93d,0.0,RED,,,75,AMBER,Workday + Badge (CCURE/DSX/RS2),APM,86,GREEN,1,1,1,2026-03-04 14:00:00,91.39007811493526,GREEN,2026-03-10 14:42:04.623711,36,9.3,96.43404663473201,GREEN,"TWID,POSITION_ID,BADGE_EVENT_TS",TWID,3.57,62.5,AMBER,24,15,42.06896551724138,RED,145,61,100.0,GREEN,3,3,51.666666666666664,RED,31,1300,71.02819269792114,AMBER,3.55,4,68.92,BRONZE,2026-05-06 15:37:37.903559,prototype
DS_WORKPLACE_TRANSITION,Workplace Transition / RTO,EDLE_DW_DB.PNC_DATA.TRAN_DT_WRKPLCTRNS_CONSOLIDATED,P&C,SILVER,2026-03-12,f37b8e25,0.0,RED,,,75,AMBER,Workday + Badge (CCURE/DSX/RS2),APM,90,GREEN,0,2,4,2026-03-04 03:00:00,93.98527945473629,GREEN,2026-03-11 17:30:14.766520,36,6.5,96.35085344193692,GREEN,"TWID,POSITION_ID,BADGE_EVENT_TS",POSITION_ID,3.65,58.333333333333336,RED,24,14,38.81278538812786,RED,219,85,100.0,GREEN,3,3,23.333333333333332,RED,14,544,83.92268742142676,GREEN,4.2,5,67.81,BRONZE,2026-05-06 15:37:37.904966,prototype
DS_WORKPLACE_TRANSITION,Workplace Transition / RTO,EDLE_DW_DB.PNC_DATA.TRAN_DT_WRKPLCTRNS_CONSOLIDATED,P&C,SILVER,2026-03-13,ba1e444d,0.0,RED,,,75,AMBER,Workday + Badge (CCURE/DSX/RS2),APM,83,GREEN,1,2,1,2026-03-05 20:00:00,97.58524088224175,GREEN,2026-03-12 21:23:31.416550,36,2.61,96.77930185056027,GREEN,"TWID,POSITION_ID,BADGE_EVENT_TS",TWID,3.22,62.5,AMBER,24,15,40.13157894736842,RED,152,61,100.0,GREEN,3,3,18.333333333333332,RED,11,492,71.35588615810518,AMBER,3.57,7,67.34,BRONZE,2026-05-06 15:37:37.906459,prototype
DS_WORKPLACE_TRANSITION,Workplace Transition / RTO,EDLE_DW_DB.PNC_DATA.TRAN_DT_WRKPLCTRNS_CONSOLIDATED,P&C,SILVER,2026-03-14,d0176473,0.0,RED,,,75,AMBER,Workday + Badge (CCURE/DSX/RS2),APM,98,GREEN,0,0,2,2026-03-09 14:00:00,95.05909203316625,GREEN,2026-03-13 18:39:49.749825,36,5.34,95.08600244335018,GREEN,"TWID,POSITION_ID,BADGE_EVENT_TS",TWID,4.91,58.333333333333336,RED,24,14,40.86021505376344,RED,186,76,100.0,GREEN,3,3,0.0,RED,0,39,61.224095927335426,AMBER,3.06,11,66.6,BRONZE,2026-05-06 15:37:37.907853,prototype
DS_WORKPLACE_TRANSITION,Workplace Transition / RTO,EDLE_DW_DB.PNC_DATA.TRAN_DT_WRKPLCTRNS_CONSOLIDATED,P&C,SILVER,2026-03-15,f39740a8,0.0,RED,,,75,AMBER,Workday + Badge (CCURE/DSX/RS2),APM,87,GREEN,1,1,0,2026-03-14 10:00:00,98.55664463460943,GREEN,2026-03-14 22:26:28.234339,36,1.56,96.5709067769206,GREEN,"TWID,POSITION_ID,BADGE_EVENT_TS",TWID,3.43,62.5,AMBER,24,15,37.2093023255814,RED,43,16,100.0,GREEN,3,3,11.666666666666666,RED,7,280,75.37207124885347,AMBER,3.77,7,67.45,BRONZE,2026-05-06 15:37:37.909241,prototype
DS_WORKPLACE_TRANSITION,Workplace Transition / RTO,EDLE_DW_DB.PNC_DATA.TRAN_DT_WRKPLCTRNS_CONSOLIDATED,P&C,SILVER,2026-03-16,cd8a9e6e,0.0,RED,,,75,AMBER,Workday + Badge (CCURE/DSX/RS2),APM,86,GREEN,1,1,1,2026-03-10 22:00:00,100.0,GREEN,2026-03-16 00:00:00.000000,36,0.0,93.67522839430383,GREEN,"TWID,POSITION_ID,BADGE_EVENT_TS",BADGE_EVENT_TS,6.32,58.333333333333336,RED,24,14,47.16981132075472,RED,53,25,100.0,GREEN,3,3,26.666666666666668,RED,16,630,73.30896484051608,AMBER,3.67,7,68.24,BRONZE,2026-05-06 15:37:37.910697,prototype
DS_WORKPLACE_TRANSITION,Workplace Transition / RTO,EDLE_DW_DB.PNC_DATA.TRAN_DT_WRKPLCTRNS_CONSOLIDATED,P&C,SILVER,2026-03-17,06bab4c2,0.0,RED,,,75,AMBER,Workday + Badge (CCURE/DSX/RS2),APM,92,GREEN,0,2,2,2026-03-10 03:00:00,92.8630353608869,GREEN,2026-03-16 16:17:31.481483,36,7.71,91.13138687769694,GREEN,"TWID,POSITION_ID,BADGE_EVENT_TS",BADGE_EVENT_TS,8.87,54.166666666666664,RED,24,13,43.05555555555556,RED,72,31,100.0,GREEN,3,3,10.0,RED,6,246,96.50445546323779,GREEN,4.83,2,66.7,BRONZE,2026-05-06 15:37:37.912204,prototype
DS_WORKPLACE_TRANSITION,Workplace Transition / RTO,EDLE_DW_DB.PNC_DATA.TRAN_DT_WRKPLCTRNS_CONSOLIDATED,P&C,SILVER,2026-03-18,0d9155c7,0.0,RED,,,75,AMBER,Workday + Badge (CCURE/DSX/RS2),APM,89,GREEN,0,2,5,2026-03-17 21:00:00,97.90521152495441,GREEN,2026-03-17 21:44:15.462409,36,2.26,95.84051376868203,GREEN,"TWID,POSITION_ID,BADGE_EVENT_TS",TWID,4.16,79.16666666666667,AMBER,24,19,36.53846153846154,RED,104,38,100.0,GREEN,3,3,16.666666666666668,RED,10,389,82.35348737425764,GREEN,4.12,8,70.02,SILVER,2026-05-06 15:37:37.913677,prototype
DS_WORKPLACE_TRANSITION,Workplace Transition / RTO,EDLE_DW_DB.PNC_DATA.TRAN_DT_WRKPLCTRNS_CONSOLIDATED,P&C,SILVER,2026-03-19,9be2960c,0.0,RED,,,75,AMBER,Workday + Badge (CCURE/DSX/RS2),APM,87,GREEN,0,3,4,2026-03-13 03:00:00,94.78342782169975,GREEN,2026-03-18 18:21:57.967371,36,5.63,94.09844120739272,GREEN,"TWID,POSITION_ID,BADGE_EVENT_TS",TWID,5.9,50.0,RED,24,12,38.16425120772947,RED,207,79,100.0,GREEN,3,3,6.666666666666667,RED,4,225,78.58098084419443,AMBER,3.93,11,64.98,BRONZE,2026-05-06 15:37:37.915231,prototype
DS_WORKPLACE_TRANSITION,Workplace Transition / RTO,EDLE_DW_DB.PNC_DATA.TRAN_DT_WRKPLCTRNS_CONSOLIDATED,P&C,SILVER,2026-03-20,06024a3b,0.0,RED,,,75,AMBER,Workday + Badge (CCURE/DSX/RS2),APM,97,GREEN,0,1,0,2026-03-12 11:00:00,88.88641324785655,GREEN,2026-03-19 11:59:50.374708,36,12.0,93.1358051480982,GREEN,"TWID,POSITION_ID,BADGE_EVENT_TS",POSITION_ID,6.86,58.333333333333336,RED,24,14,32.5,RED,40,13,100.0,GREEN,3,3,3.3333333333333335,RED,2,112,68.94317961097045,AMBER,3.45,5,65.18,BRONZE,2026-05-06 15:37:37.916628,prototype
DS_WORKPLACE_TRANSITION,Workplace Transition / RTO,EDLE_DW_DB.PNC_DATA.TRAN_DT_WRKPLCTRNS_CONSOLIDATED,P&C,SILVER,2026-03-21,f5ef68b2,0.0,RED,,,75,AMBER,Workday + Badge (CCURE/DSX/RS2),APM,93,GREEN,0,2,1,2026-03-16 03:00:00,92.23023507943952,GREEN,2026-03-20 15:36:31.153989,36,8.39,95.65786852510557,GREEN,"TWID,POSITION_ID,BADGE_EVENT_TS",BADGE_EVENT_TS,4.34,54.166666666666664,RED,24,13,40.77669902912621,RED,206,84,100.0,GREEN,3,3,18.333333333333332,RED,11,348,76.46903076131149,AMBER,3.82,5,66.89,BRONZE,2026-05-06 15:37:37.918101,prototype
DS_WORKPLACE_TRANSITION,Workplace Transition / RTO,EDLE_DW_DB.PNC_DATA.TRAN_DT_WRKPLCTRNS_CONSOLIDATED,P&C,SILVER,2026-03-22,2aeafe31,0.0,RED,,,75,AMBER,Workday + Badge (CCURE/DSX/RS2),APM,91,GREEN,0,2,3,2026-03-20 11:00:00,89.59859993486053,GREEN,2026-03-21 12:45:59.356547,36,11.23,92.72721032192838,GREEN,"TWID,POSITION_ID,BADGE_EVENT_TS",BADGE_EVENT_TS,7.27,54.166666666666664,RED,24,13,38.3177570093458,RED,107,41,100.0,GREEN,3,3,0.0,RED,0,31,74.69705550969992,AMBER,3.73,12,64.5,BRONZE,2026-05-06 15:37:37.919480,prototype
DS_WORKPLACE_TRANSITION,Workplace Transition / RTO,EDLE_DW_DB.PNC_DATA.TRAN_DT_WRKPLCTRNS_CONSOLIDATED,P&C,SILVER,2026-03-23,da2fa365,0.0,RED,,,75,AMBER,Workday + Badge (CCURE/DSX/RS2),APM,94,GREEN,0,2,0,2026-03-16 21:00:00,93.83198841465598,GREEN,2026-03-22 17:20:18.770956,36,6.66,91.36041193200595,GREEN,"TWID,POSITION_ID,BADGE_EVENT_TS",POSITION_ID,8.64,54.166666666666664,RED,24,13,36.904761904761905,RED,84,31,100.0,GREEN,3,3,20.0,RED,12,448,69.79546290801544,AMBER,3.49,7,66.15,BRONZE,2026-05-06 15:37:37.920848,prototype
DS_WORKPLACE_TRANSITION,Workplace Transition / RTO,EDLE_DW_DB.PNC_DATA.TRAN_DT_WRKPLCTRNS_CONSOLIDATED,P&C,SILVER,2026-03-24,21152755,0.0,RED,,,75,AMBER,Workday + Badge (CCURE/DSX/RS2),APM,85,GREEN,1,1,2,2026-03-23 00:00:00,94.20392212055604,GREEN,2026-03-23 17:44:24.849205,36,6.26,93.61516925321425,GREEN,"TWID,POSITION_ID,BADGE_EVENT_TS",TWID,6.38,58.333333333333336,RED,24,14,34.58646616541353,RED,133,46,100.0,GREEN,3,3,6.666666666666667,RED,4,191,72.65180189528287,AMBER,3.63,4,65.07,BRONZE,2026-05-06 15:37:37.922239,prototype
DS_WORKPLACE_TRANSITION,Workplace Transition / RTO,EDLE_DW_DB.PNC_DATA.TRAN_DT_WRKPLCTRNS_CONSOLIDATED,P&C,SILVER,2026-03-25,a84b8f11,0.0,RED,,,75,AMBER,Workday + Badge (CCURE/DSX/RS2),APM,97,GREEN,0,0,3,2026-03-23 08:00:00,91.08137898626104,GREEN,2026-03-24 14:22:04.401499,36,9.63,95.00878927791538,GREEN,"TWID,POSITION_ID,BADGE_EVENT_TS",POSITION_ID,4.99,66.66666666666667,AMBER,24,16,39.795918367346935,RED,196,78,100.0,GREEN,3,3,20.0,RED,12,505,69.31608573853498,AMBER,3.47,2,68.35,BRONZE,2026-05-06 15:37:37.923705,prototype
DS_WORKPLACE_TRANSITION,Workplace Transition / RTO,EDLE_DW_DB.PNC_DATA.TRAN_DT_WRKPLCTRNS_CONSOLIDATED,P&C,SILVER,2026-03-26,3b946f78,0.0,RED,,,75,AMBER,Workday + Badge (CCURE/DSX/RS2),APM,87,GREEN,0,4,1,2026-03-18 23:00:00,92.68211983068065,GREEN,2026-03-25 16:05:48.081902,36,7.9,93.59980664228492,GREEN,"TWID,POSITION_ID,BADGE_EVENT_TS",BADGE_EVENT_TS,6.4,62.5,AMBER,24,15,41.87192118226601,RED,203,85,100.0,GREEN,3,3,16.666666666666668,RED,10,333,78.61257835616117,AMBER,3.93,10,67.01,BRONZE,2026-05-06 15:37:37.925220,prototype
DS_WORKPLACE_TRANSITION,Workplace Transition / RTO,EDLE_DW_DB.PNC_DATA.TRAN_DT_WRKPLCTRNS_CONSOLIDATED,P&C,SILVER,2026-03-27,60a597a0,0.0,RED,,,75,AMBER,Workday + Badge (CCURE/DSX/RS2),APM,96,GREEN,0,1,1,2026-03-23 01:00:00,87.73541627376498,GREEN,2026-03-26 10:45:15.298472,36,13.25,93.01158073600634,GREEN,"TWID,POSITION_ID,BADGE_EVENT_TS",POSITION_ID,6.99,62.5,AMBER,24,15,42.3728813559322,RED,59,25,100.0,GREEN,3,3,18.333333333333332,RED,11,400,71.40346517163047,AMBER,3.57,2,67.17,BRONZE,2026-05-06 15:37:37.926680,prototype
DS_WORKPLACE_TRANSITION,Workplace Transition / RTO,EDLE_DW_DB.PNC_DATA.TRAN_DT_WRKPLCTRNS_CONSOLIDATED,P&C,SILVER,2026-03-28,6a24ac39,0.0,RED,,,75,AMBER,Workday + Badge (CCURE/DSX/RS2),APM,84,GREEN,1,1,3,2026-03-25 01:00:00,89.60695600083514,GREEN,2026-03-27 12:46:31.844931,36,11.22,92.43937511423509,GREEN,"TWID,POSITION_ID,BADGE_EVENT_TS",BADGE_EVENT_TS,7.56,66.66666666666667,AMBER,24,16,41.34615384615385,RED,104,43,100.0,GREEN,3,3,26.666666666666668,RED,16,752,54.01760874382228,RED,2.7,5,66.13,BRONZE,2026-05-06 15:37:37.928148,prototype
DS_WORKPLACE_TRANSITION,Workplace Transition / RTO,EDLE_DW_DB.PNC_DATA.TRAN_DT_WRKPLCTRNS_CONSOLIDATED,P&C,SILVER,2026-03-29,5a9bbe13,0.0,RED,,,75,AMBER,Workday + Badge (CCURE/DSX/RS2),APM,73,AMBER,1,5,2,2026-03-23 20:00:00,89.97373887134593,GREEN,2026-03-28 13:10:17.896732,36,10.83,95.06148706410933,GREEN,"TWID,POSITION_ID,BADGE_EVENT_TS",BADGE_EVENT_TS,4.94,54.166666666666664,RED,24,13,42.17687074829932,RED,147,62,100.0,GREEN,3,3,16.666666666666668,RED,10,395,76.25692079145763,AMBER,3.81,7,64.09,BRONZE,2026-05-06 15:37:37.929611,prototype
DS_WORKPLACE_TRANSITION,Workplace Transition / RTO,EDLE_DW_DB.PNC_DATA.TRAN_DT_WRKPLCTRNS_CONSOLIDATED,P&C,SILVER,2026-03-30,49a81089,0.0,RED,,,75,AMBER,Workday + Badge (CCURE/DSX/RS2),APM,100,GREEN,0,0,0,2026-03-28 17:00:00,92.17010459835352,GREEN,2026-03-29 15:32:37.366678,36,8.46,94.18472357319901,GREEN,"TWID,POSITION_ID,BADGE_EVENT_TS",POSITION_ID,5.82,70.83333333333333,AMBER,24,17,39.25233644859813,RED,214,84,100.0,GREEN,3,3,33.333333333333336,RED,20,829,74.13361589941918,AMBER,3.71,10,70.2,SILVER,2026-05-06 15:37:37.931075,prototype
DS_WORKPLACE_TRANSITION,Workplace Transition / RTO,EDLE_DW_DB.PNC_DATA.TRAN_DT_WRKPLCTRNS_CONSOLIDATED,P&C,SILVER,2026-03-31,f52c9d35,0.0,RED,,,75,AMBER,Workday + Badge (CCURE/DSX/RS2),APM,79,AMBER,1,2,5,2026-03-29 05:00:00,89.87718593165212,GREEN,2026-03-30 13:04:02.498902,36,10.93,91.71543560296014,GREEN,"TWID,POSITION_ID,BADGE_EVENT_TS",POSITION_ID,8.28,62.5,AMBER,24,15,32.8125,RED,64,21,100.0,GREEN,3,3,20.0,RED,12,473,63.63375882477001,AMBER,3.18,8,64.27,BRONZE,2026-05-06 15:37:37.932542,prototype
DS_WORKPLACE_TRANSITION,Workplace Transition / RTO,EDLE_DW_DB.PNC_DATA.TRAN_DT_WRKPLCTRNS_CONSOLIDATED,P&C,SILVER,2026-04-01,659de7f2,0.0,RED,,,75,AMBER,Workday + Badge (CCURE/DSX/RS2),APM,89,GREEN,1,0,1,2026-03-26 07:00:00,88.27823279212771,GREEN,2026-03-31 11:20:25.769096,36,12.66,94.55862786435783,GREEN,"TWID,POSITION_ID,BADGE_EVENT_TS",TWID,5.44,66.66666666666667,AMBER,24,16,33.333333333333336,RED,42,14,100.0,GREEN,3,3,36.666666666666664,RED,22,981,78.12168037387976,AMBER,3.91,6,67.77,BRONZE,2026-05-06 15:37:37.934008,prototype
DS_WORKPLACE_TRANSITION,Workplace Transition / RTO,EDLE_DW_DB.PNC_DATA.TRAN_DT_WRKPLCTRNS_CONSOLIDATED,P&C,SILVER,2026-04-02,c502be25,0.0,RED,,,75,AMBER,Workday + Badge (CCURE/DSX/RS2),APM,91,GREEN,0,3,0,2026-03-27 04:00:00,93.40259885134694,GREEN,2026-04-01 16:52:29.304334,36,7.13,94.36237661620733,GREEN,"TWID,POSITION_ID,BADGE_EVENT_TS",BADGE_EVENT_TS,5.64,41.666666666666664,RED,24,10,34.04255319148936,RED,94,32,100.0,GREEN,3,3,18.333333333333332,RED,11,429,74.6078612951626,AMBER,3.73,8,64.51,BRONZE,2026-05-06 15:37:37.935480,prototype
DS_WORKPLACE_TRANSITION,Workplace Transition / RTO,EDLE_DW_DB.PNC_DATA.TRAN_DT_WRKPLCTRNS_CONSOLIDATED,P&C,SILVER,2026-04-03,ef289cc2,0.0,RED,,,75,AMBER,Workday + Badge (CCURE/DSX/RS2),APM,87,GREEN,1,0,3,2026-03-29 13:00:00,93.7030165760825,GREEN,2026-04-02 17:11:57.328448,36,6.8,95.4266049360893,GREEN,"TWID,POSITION_ID,BADGE_EVENT_TS",POSITION_ID,4.57,62.5,AMBER,24,15,36.36363636363637,RED,143,52,100.0,GREEN,3,3,15.0,RED,9,404,76.62032312811577,AMBER,3.83,9,66.79,BRONZE,2026-05-06 15:37:37.936946,prototype
DS_WORKPLACE_TRANSITION,Workplace Transition / RTO,EDLE_DW_DB.PNC_DATA.TRAN_DT_WRKPLCTRNS_CONSOLIDATED,P&C,SILVER,2026-04-04,f02fc422,0.0,RED,,,75,AMBER,Workday + Badge (CCURE/DSX/RS2),APM,91,GREEN,0,3,0,2026-03-27 14:00:00,82.4155805365253,GREEN,2026-04-03 05:00:31.777126,36,18.99,95.82900183936829,GREEN,"TWID,POSITION_ID,BADGE_EVENT_TS",POSITION_ID,4.17,50.0,RED,24,12,38.53211009174312,RED,109,42,100.0,GREEN,3,3,28.333333333333332,RED,17,657,70.78466079036964,AMBER,3.54,8,64.99,BRONZE,2026-05-06 15:37:37.938407,prototype
DS_WORKPLACE_TRANSITION,Workplace Transition / RTO,EDLE_DW_DB.PNC_DATA.TRAN_DT_WRKPLCTRNS_CONSOLIDATED,P&C,SILVER,2026-04-05,8624e2a1,0.0,RED,,,75,AMBER,Workday + Badge (CCURE/DSX/RS2),APM,97,GREEN,0,0,3,2026-03-30 14:00:00,91.92615864192464,GREEN,2026-04-04 15:16:48.904800,36,8.72,94.72603475979723,GREEN,"TWID,POSITION_ID,BADGE_EVENT_TS",BADGE_EVENT_TS,5.27,58.333333333333336,RED,24,14,38.095238095238095,RED,63,24,100.0,GREEN,3,3,3.3333333333333335,RED,2,102,67.27377917723723,AMBER,3.36,6,66.21,BRONZE,2026-05-06 15:37:37.939874,prototype
DS_WORKPLACE_TRANSITION,Workplace Transition / RTO,EDLE_DW_DB.PNC_DATA.TRAN_DT_WRKPLCTRNS_CONSOLIDATED,P&C,SILVER,2026-04-06,f9a778d1,0.0,RED,,,75,AMBER,Workday + Badge (CCURE/DSX/RS2),APM,81,GREEN,0,5,4,2026-04-02 08:00:00,87.24883331698788,GREEN,2026-04-05 10:13:43.463936,36,13.77,91.24984989011011,GREEN,"TWID,POSITION_ID,BADGE_EVENT_TS",TWID,8.75,50.0,RED,24,12,40.86021505376344,RED,93,38,100.0,GREEN,3,3,3.3333333333333335,RED,2,51,82.94096203272566,GREEN,4.15,4,63.0,BRONZE,2026-05-06 15:37:37.941364,prototype
DS_WORKPLACE_TRANSITION,Workplace Transition / RTO,EDLE_DW_DB.PNC_DATA.TRAN_DT_WRKPLCTRNS_CONSOLIDATED,P&C,SILVER,2026-04-07,54fda57b,0.0,RED,,,75,AMBER,Workday + Badge (CCURE/DSX/RS2),APM,95,GREEN,0,1,2,2026-04-02 22:00:00,97.61857935925761,GREEN,2026-04-06 21:25:41.036549,36,2.57,93.77009149985437,GREEN,"TWID,POSITION_ID,BADGE_EVENT_TS",POSITION_ID,6.23,58.333333333333336,RED,24,14,36.22047244094488,RED,127,46,100.0,GREEN,3,3,18.333333333333332,RED,11,501,63.81682954780703,AMBER,3.19,4,67.24,BRONZE,2026-05-06 15:37:37.942929,prototype
DS_WORKPLACE_TRANSITION,Workplace Transition / RTO,EDLE_DW_DB.PNC_DATA.TRAN_DT_WRKPLCTRNS_CONSOLIDATED,P&C,SILVER,2026-04-08,c95a467c,0.0,RED,,,75,AMBER,Workday + Badge (CCURE/DSX/RS2),APM,89,GREEN,0,3,2,2026-04-05 14:00:00,91.14776885037837,GREEN,2026-04-07 14:26:22.525290,36,9.56,94.08549444920824,GREEN,"TWID,POSITION_ID,BADGE_EVENT_TS",TWID,5.91,62.5,AMBER,24,15,39.37007874015748,RED,127,50,100.0,GREEN,3,3,20.0,RED,12,403,78.46771769142873,AMBER,3.92,10,67.1,BRONZE,2026-05-06 15:37:37.944411,prototype
DS_WORKPLACE_TRANSITION,Workplace Transition / RTO,EDLE_DW_DB.PNC_DATA.TRAN_DT_WRKPLCTRNS_CONSOLIDATED,P&C,SILVER,2026-04-09,f61e4f57,0.0,RED,,,75,AMBER,Workday + Badge (CCURE/DSX/RS2),APM,81,GREEN,1,3,0,2026-04-05 21:00:00,89.58224445340296,GREEN,2026-04-08 12:44:55.766435,36,11.25,93.79182737139266,GREEN,"TWID,POSITION_ID,BADGE_EVENT_TS",POSITION_ID,6.21,66.66666666666667,AMBER,24,16,43.75,RED,48,21,100.0,GREEN,3,3,43.333333333333336,RED,26,1000,59.233713341593045,RED,2.96,2,67.36,BRONZE,2026-05-06 15:37:37.945862,prototype
DS_WORKPLACE_TRANSITION,Workplace Transition / RTO,EDLE_DW_DB.PNC_DATA.TRAN_DT_WRKPLCTRNS_CONSOLIDATED,P&C,SILVER,2026-04-10,a1c73757,0.0,RED,,,75,AMBER,Workday + Badge (CCURE/DSX/RS2),APM,75,AMBER,1,4,3,2026-04-01 18:00:00,95.05123262749503,GREEN,2026-04-09 18:39:19.192456,36,5.34,95.55625926207412,GREEN,"TWID,POSITION_ID,BADGE_EVENT_TS",BADGE_EVENT_TS,4.44,45.833333333333336,RED,24,11,34.883720930232556,RED,86,30,100.0,GREEN,3,3,31.666666666666668,RED,19,711,72.06177120662252,AMBER,3.6,9,64.26,BRONZE,2026-05-06 15:37:37.947343,prototype
DS_WORKPLACE_TRANSITION,Workplace Transition / RTO,EDLE_DW_DB.PNC_DATA.TRAN_DT_WRKPLCTRNS_CONSOLIDATED,P&C,SILVER,2026-04-11,31ec5db9,0.0,RED,,,75,AMBER,Workday + Badge (CCURE/DSX/RS2),APM,95,GREEN,0,1,2,2026-04-03 16:00:00,90.3207107186165,GREEN,2026-04-10 13:32:46.923274,36,10.45,94.33236680840987,GREEN,"TWID,POSITION_ID,BADGE_EVENT_TS",BADGE_EVENT_TS,5.67,58.333333333333336,RED,24,14,42.22222222222222,RED,180,76,100.0,GREEN,3,3,3.3333333333333335,RED,2,0,80.12018572965422,GREEN,4.01,7,66.53,BRONZE,2026-05-06 15:37:37.948812,prototype
DS_WORKPLACE_TRANSITION,Workplace Transition / RTO,EDLE_DW_DB.PNC_DATA.TRAN_DT_WRKPLCTRNS_CONSOLIDATED,P&C,SILVER,2026-04-12,4ff71e6c,0.0,RED,,,75,AMBER,Workday + Badge (CCURE/DSX/RS2),APM,81,GREEN,1,2,3,2026-04-11 19:00:00,94.74839265472163,GREEN,2026-04-11 18:19:41.750642,36,5.67,94.22274985900965,GREEN,"TWID,POSITION_ID,BADGE_EVENT_TS",BADGE_EVENT_TS,5.78,54.166666666666664,RED,24,13,46.98795180722892,RED,83,39,100.0,GREEN,3,3,11.666666666666666,RED,7,199,63.282711387992535,AMBER,3.16,5,65.17,BRONZE,2026-05-06 15:37:37.950265,prototype
DS_WORKPLACE_TRANSITION,Workplace Transition / RTO,EDLE_DW_DB.PNC_DATA.TRAN_DT_WRKPLCTRNS_CONSOLIDATED,P&C,SILVER,2026-04-13,b8d40157,0.0,RED,,,75,AMBER,Workday + Badge (CCURE/DSX/RS2),APM,70,AMBER,2,2,4,2026-04-11 11:00:00,92.40658123890955,GREEN,2026-04-12 15:47:56.787857,36,8.2,97.10307374232893,GREEN,"TWID,POSITION_ID,BADGE_EVENT_TS",BADGE_EVENT_TS,2.9,54.166666666666664,RED,24,13,40.42553191489362,RED,94,38,100.0,GREEN,3,3,11.666666666666666,RED,7,169,75.2956404150484,AMBER,3.76,8,63.88,BRONZE,2026-05-06 15:37:37.951746,prototype
DS_WORKPLACE_TRANSITION,Workplace Transition / RTO,EDLE_DW_DB.PNC_DATA.TRAN_DT_WRKPLCTRNS_CONSOLIDATED,P&C,SILVER,2026-04-14,b696ec31,0.0,RED,,,75,AMBER,Workday + Badge (CCURE/DSX/RS2),APM,84,GREEN,0,4,4,2026-04-06 18:00:00,99.19653774441656,GREEN,2026-04-13 23:07:56.138750,36,0.87,93.2411698711811,GREEN,"TWID,POSITION_ID,BADGE_EVENT_TS",TWID,6.76,54.166666666666664,RED,24,13,35.0,RED,80,28,100.0,GREEN,3,3,18.333333333333332,RED,11,450,69.98138879234263,AMBER,3.5,6,65.72,BRONZE,2026-05-06 15:37:37.953198,prototype
DS_WORKPLACE_TRANSITION,Workplace Transition / RTO,EDLE_DW_DB.PNC_DATA.TRAN_DT_WRKPLCTRNS_CONSOLIDATED,P&C,SILVER,2026-04-15,65d50116,0.0,RED,,,75,AMBER,Workday + Badge (CCURE/DSX/RS2),APM,75,AMBER,2,0,5,2026-04-12 10:00:00,92.01412399955528,GREEN,2026-04-14 15:22:30.914110,36,8.62,96.33778616081948,GREEN,"TWID,POSITION_ID,BADGE_EVENT_TS",BADGE_EVENT_TS,3.66,54.166666666666664,RED,24,13,39.15343915343915,RED,189,74,100.0,GREEN,3,3,41.666666666666664,RED,25,1020,61.55127271412895,AMBER,3.08,8,65.46,BRONZE,2026-05-06 15:37:37.954665,prototype
DS_WORKPLACE_TRANSITION,Workplace Transition / RTO,EDLE_DW_DB.PNC_DATA.TRAN_DT_WRKPLCTRNS_CONSOLIDATED,P&C,SILVER,2026-04-16,aa213be1,0.0,RED,,,75,AMBER,Workday + Badge (CCURE/DSX/RS2),APM,93,GREEN,0,2,1,2026-04-13 13:00:00,92.27656387255553,GREEN,2026-04-15 15:39:31.280336,36,8.34,95.99995944716066,GREEN,"TWID,POSITION_ID,BADGE_EVENT_TS",BADGE_EVENT_TS,4.0,62.5,AMBER,24,15,41.1764705882353,RED,170,70,100.0,GREEN,3,3,26.666666666666668,RED,16,649,71.42073167186994,AMBER,3.57,11,68.27,BRONZE,2026-05-06 15:37:37.956117,prototype
DS_WORKPLACE_TRANSITION,Workplace Transition / RTO,EDLE_DW_DB.PNC_DATA.TRAN_DT_WRKPLCTRNS_CONSOLIDATED,P&C,SILVER,2026-04-17,3f72d78f,0.0,RED,,,75,AMBER,Workday + Badge (CCURE/DSX/RS2),APM,86,GREEN,0,4,2,2026-04-15 22:00:00,94.78520781853832,GREEN,2026-04-16 18:22:04.887998,36,5.63,96.30515938964054,GREEN,"TWID,POSITION_ID,BADGE_EVENT_TS",BADGE_EVENT_TS,3.69,58.333333333333336,RED,24,14,38.1578947368421,RED,76,29,100.0,GREEN,3,3,18.333333333333332,RED,11,437,69.938153132107,AMBER,3.5,5,66.52,BRONZE,2026-05-06 15:37:37.957583,prototype
DS_WORKPLACE_TRANSITION,Workplace Transition / RTO,EDLE_DW_DB.PNC_DATA.TRAN_DT_WRKPLCTRNS_CONSOLIDATED,P&C,SILVER,2026-04-18,0adae8a3,0.0,RED,,,75,AMBER,Workday + Badge (CCURE/DSX/RS2),APM,95,GREEN,0,1,2,2026-04-12 23:00:00,90.42141187238025,GREEN,2026-04-17 13:39:18.449360,36,10.34,96.04319073380209,GREEN,"TWID,POSITION_ID,BADGE_EVENT_TS",BADGE_EVENT_TS,3.96,54.166666666666664,RED,24,13,44.19889502762431,RED,181,80,100.0,GREEN,3,3,15.0,RED,9,382,67.96939035324385,AMBER,3.4,9,66.66,BRONZE,2026-05-06 15:37:37.959043,prototype
DS_WORKPLACE_TRANSITION,Workplace Transition / RTO,EDLE_DW_DB.PNC_DATA.TRAN_DT_WRKPLCTRNS_CONSOLIDATED,P&C,SILVER,2026-04-19,6ce812ec,0.0,RED,,,75,AMBER,Workday + Badge (CCURE/DSX/RS2),APM,94,GREEN,0,1,3,2026-04-14 08:00:00,91.70074800252812,GREEN,2026-04-18 15:02:12.508234,36,8.96,95.13501753324512,GREEN,"TWID,POSITION_ID,BADGE_EVENT_TS",TWID,4.86,45.833333333333336,RED,24,11,40.55555555555556,RED,180,73,100.0,GREEN,3,3,20.0,RED,12,578,73.04411057009904,AMBER,3.65,9,65.8,BRONZE,2026-05-06 15:37:37.960503,prototype
DS_WORKPLACE_TRANSITION,Workplace Transition / RTO,EDLE_DW_DB.PNC_DATA.TRAN_DT_WRKPLCTRNS_CONSOLIDATED,P&C,SILVER,2026-04-20,e81c2163,0.0,RED,,,75,AMBER,Workday + Badge (CCURE/DSX/RS2),APM,92,GREEN,0,2,2,2026-04-16 16:00:00,93.78589933898812,GREEN,2026-04-19 17:17:19.576630,36,6.71,95.4491231250828,GREEN,"TWID,POSITION_ID,BADGE_EVENT_TS",BADGE_EVENT_TS,4.55,58.333333333333336,RED,24,14,36.0655737704918,RED,183,66,100.0,GREEN,3,3,20.0,RED,12,476,60.413779348483686,AMBER,3.02,10,66.53,BRONZE,2026-05-06 15:37:37.961994,prototype
DS_WORKPLACE_TRANSITION,Workplace Transition / RTO,EDLE_DW_DB.PNC_DATA.TRAN_DT_WRKPLCTRNS_CONSOLIDATED,P&C,SILVER,2026-04-21,855d684b,0.0,RED,,,75,AMBER,Workday + Badge (CCURE/DSX/RS2),APM,91,GREEN,0,3,0,2026-04-16 13:00:00,92.2584257435874,GREEN,2026-04-20 15:38:20.759291,36,8.36,94.97284634646584,GREEN,"TWID,POSITION_ID,BADGE_EVENT_TS",POSITION_ID,5.03,58.333333333333336,RED,24,14,38.888888888888886,RED,180,70,100.0,GREEN,3,3,30.0,RED,18,705,85.93368894577104,GREEN,4.3,9,67.98,BRONZE,2026-05-06 15:37:37.963449,prototype
DS_WORKPLACE_TRANSITION,Workplace Transition / RTO,EDLE_DW_DB.PNC_DATA.TRAN_DT_WRKPLCTRNS_CONSOLIDATED,P&C,SILVER,2026-04-22,8e472635,0.0,RED,,,75,AMBER,Workday + Badge (CCURE/DSX/RS2),APM,95,GREEN,0,1,2,2026-04-14 00:00:00,90.11096372726868,GREEN,2026-04-21 13:19:11.426972,36,10.68,94.8920827892523,GREEN,"TWID,POSITION_ID,BADGE_EVENT_TS",BADGE_EVENT_TS,5.11,54.166666666666664,RED,24,13,36.27450980392157,RED,102,37,100.0,GREEN,3,3,11.666666666666666,RED,7,267,79.53831154481422,AMBER,3.98,8,66.08,BRONZE,2026-05-06 15:37:37.964901,prototype
DS_WORKPLACE_TRANSITION,Workplace Transition / RTO,EDLE_DW_DB.PNC_DATA.TRAN_DT_WRKPLCTRNS_CONSOLIDATED,P&C,SILVER,2026-04-23,27e29607,0.0,RED,,,75,AMBER,Workday + Badge (CCURE/DSX/RS2),APM,76,AMBER,2,0,4,2026-04-17 01:00:00,93.68520425665896,GREEN,2026-04-22 17:10:48.074150,36,6.82,93.81578031378517,GREEN,"TWID,POSITION_ID,BADGE_EVENT_TS",BADGE_EVENT_TS,6.18,66.66666666666667,AMBER,24,16,35.13513513513514,RED,74,26,100.0,GREEN,3,3,31.666666666666668,RED,19,742,68.52157749727125,AMBER,3.43,9,66.32,BRONZE,2026-05-06 15:37:37.966378,prototype
DS_WORKPLACE_TRANSITION,Workplace Transition / RTO,EDLE_DW_DB.PNC_DATA.TRAN_DT_WRKPLCTRNS_CONSOLIDATED,P&C,SILVER,2026-04-24,8b1880b9,0.0,RED,,,75,AMBER,Workday + Badge (CCURE/DSX/RS2),APM,92,GREEN,0,2,2,2026-04-18 23:00:00,95.18294980929514,GREEN,2026-04-23 18:47:51.308859,36,5.2,92.59505323398636,GREEN,"TWID,POSITION_ID,BADGE_EVENT_TS",TWID,7.4,45.833333333333336,RED,24,11,29.41176470588235,RED,51,15,100.0,GREEN,3,3,13.333333333333334,RED,8,288,72.75234815836542,AMBER,3.64,11,64.39,BRONZE,2026-05-06 15:37:37.967904,prototype
DS_WORKPLACE_TRANSITION,Workplace Transition / RTO,EDLE_DW_DB.PNC_DATA.TRAN_DT_WRKPLCTRNS_CONSOLIDATED,P&C,SILVER,2026-04-25,ccd881cf,0.0,RED,,,75,AMBER,Workday + Badge (CCURE/DSX/RS2),APM,83,GREEN,1,1,4,2026-04-19 04:00:00,93.1281801496235,GREEN,2026-04-24 16:34:42.364422,36,7.42,94.60347616202851,GREEN,"TWID,POSITION_ID,BADGE_EVENT_TS",POSITION_ID,5.4,54.166666666666664,RED,24,13,37.81512605042017,RED,119,45,100.0,GREEN,3,3,38.333333333333336,RED,23,1014,72.09401562998048,AMBER,3.6,14,66.45,BRONZE,2026-05-06 15:37:37.969296,prototype
DS_WORKPLACE_TRANSITION,Workplace Transition / RTO,EDLE_DW_DB.PNC_DATA.TRAN_DT_WRKPLCTRNS_CONSOLIDATED,P&C,SILVER,2026-04-26,ae493bd3,0.0,RED,,,75,AMBER,Workday + Badge (CCURE/DSX/RS2),APM,91,GREEN,0,2,3,2026-04-20 22:00:00,92.24118538194506,GREEN,2026-04-25 15:37:13.728765,36,8.38,94.48920799892213,GREEN,"TWID,POSITION_ID,BADGE_EVENT_TS",BADGE_EVENT_TS,5.51,66.66666666666667,AMBER,24,16,39.0,RED,100,39,100.0,GREEN,3,3,3.3333333333333335,RED,2,0,71.1809417862108,AMBER,3.56,4,66.73,BRONZE,2026-05-06 15:37:37.970665,prototype
DS_WORKPLACE_TRANSITION,Workplace Transition / RTO,EDLE_DW_DB.PNC_DATA.TRAN_DT_WRKPLCTRNS_CONSOLIDATED,P&C,SILVER,2026-04-27,f03c8e7b,0.0,RED,,,75,AMBER,Workday + Badge (CCURE/DSX/RS2),APM,93,GREEN,0,1,4,2026-04-26 23:00:00,89.68271093938203,GREEN,2026-04-26 12:51:26.380132,36,11.14,97.19266973909461,GREEN,"TWID,POSITION_ID,BADGE_EVENT_TS",TWID,2.81,50.0,RED,24,12,38.857142857142854,RED,175,68,100.0,GREEN,3,3,10.0,RED,6,216,78.36281975731617,AMBER,3.92,8,65.67,BRONZE,2026-05-06 15:37:37.972033,prototype
DS_WORKPLACE_TRANSITION,Workplace Transition / RTO,EDLE_DW_DB.PNC_DATA.TRAN_DT_WRKPLCTRNS_CONSOLIDATED,P&C,SILVER,2026-04-28,53090775,0.0,RED,,,75,AMBER,Workday + Badge (CCURE/DSX/RS2),APM,87,GREEN,0,4,1,2026-04-21 23:00:00,92.96434239438443,GREEN,2026-04-27 16:24:05.363229,36,7.6,93.605713598328,GREEN,"TWID,POSITION_ID,BADGE_EVENT_TS",POSITION_ID,6.39,58.333333333333336,RED,24,14,43.05555555555556,RED,72,31,100.0,GREEN,3,3,23.333333333333332,RED,14,690,77.59428666509449,AMBER,3.88,6,67.01,BRONZE,2026-05-06 15:37:37.973398,prototype
DS_WORKPLACE_TRANSITION,Workplace Transition / RTO,EDLE_DW_DB.PNC_DATA.TRAN_DT_WRKPLCTRNS_CONSOLIDATED,P&C,SILVER,2026-04-29,a709ef47,0.0,RED,,,75,AMBER,Workday + Badge (CCURE/DSX/RS2),APM,96,GREEN,0,0,4,2026-04-26 07:00:00,92.35240368267745,GREEN,2026-04-28 15:44:26.145518,36,8.26,96.25380162182996,GREEN,"TWID,POSITION_ID,BADGE_EVENT_TS",TWID,3.75,70.83333333333333,AMBER,24,17,39.66480446927374,RED,179,71,100.0,GREEN,3,3,30.0,RED,18,789,70.78884804434742,AMBER,3.54,10,69.73,BRONZE,2026-05-06 15:37:37.974748,prototype
DS_WORKPLACE_TRANSITION,Workplace Transition / RTO,EDLE_DW_DB.PNC_DATA.TRAN_DT_WRKPLCTRNS_CONSOLIDATED,P&C,SILVER,2026-04-30,871085c9,0.0,RED,,,75,AMBER,Workday + Badge (CCURE/DSX/RS2),APM,95,GREEN,0,1,2,2026-04-25 17:00:00,88.85585730272386,GREEN,2026-04-29 11:57:51.573193,36,12.04,94.21842848793423,GREEN,"TWID,POSITION_ID,BADGE_EVENT_TS",TWID,5.78,58.333333333333336,RED,24,14,37.39837398373984,RED,123,46,100.0,GREEN,3,3,3.3333333333333335,RED,2,0,73.96356540823909,AMBER,3.7,6,65.68,BRONZE,2026-05-06 15:37:37.976117,prototype
DS_WORKPLACE_TRANSITION,Workplace Transition / RTO,EDLE_DW_DB.PNC_DATA.TRAN_DT_WRKPLCTRNS_CONSOLIDATED,P&C,SILVER,2026-05-01,e3fb1fc6,0.0,RED,,,75,AMBER,Workday + Badge (CCURE/DSX/RS2),APM,94,GREEN,0,1,3,2026-04-29 07:00:00,88.4563770869329,GREEN,2026-04-30 11:31:58.394114,36,12.47,93.6642431849437,GREEN,"TWID,POSITION_ID,BADGE_EVENT_TS",BADGE_EVENT_TS,6.34,58.333333333333336,RED,24,14,39.37007874015748,RED,127,50,100.0,GREEN,3,3,15.0,RED,9,325,78.04909498949962,AMBER,3.9,9,66.45,BRONZE,2026-05-06 15:37:37.977486,prototype
DS_WORKPLACE_TRANSITION,Workplace Transition / RTO,EDLE_DW_DB.PNC_DATA.TRAN_DT_WRKPLCTRNS_CONSOLIDATED,P&C,SILVER,2026-05-02,5b22570d,0.0,RED,,,75,AMBER,Workday + Badge (CCURE/DSX/RS2),APM,94,GREEN,0,1,3,2026-04-27 08:00:00,94.94719509457249,GREEN,2026-05-01 18:32:34.694528,36,5.46,95.4883239181332,GREEN,"TWID,POSITION_ID,BADGE_EVENT_TS",TWID,4.51,62.5,AMBER,24,15,37.03703703703704,RED,81,30,100.0,GREEN,3,3,26.666666666666668,RED,16,523,68.97054684221918,AMBER,3.45,6,68.26,BRONZE,2026-05-06 15:37:37.979012,prototype
DS_WORKPLACE_TRANSITION,Workplace Transition / RTO,EDLE_DW_DB.PNC_DATA.TRAN_DT_WRKPLCTRNS_CONSOLIDATED,P&C,SILVER,2026-05-03,8b34d3b9,0.0,RED,,,75,AMBER,Workday + Badge (CCURE/DSX/RS2),APM,83,GREEN,1,2,1,2026-05-01 20:00:00,90.7310708669131,GREEN,2026-05-02 13:59:22.403531,36,10.01,92.91402092940875,GREEN,"TWID,POSITION_ID,BADGE_EVENT_TS",POSITION_ID,7.09,62.5,AMBER,24,15,36.458333333333336,RED,96,35,100.0,GREEN,3,3,8.333333333333334,RED,5,183,74.41997204502762,AMBER,3.72,8,65.06,BRONZE,2026-05-06 15:37:37.980378,prototype
DS_WORKPLACE_TRANSITION,Workplace Transition / RTO,EDLE_DW_DB.PNC_DATA.TRAN_DT_WRKPLCTRNS_CONSOLIDATED,P&C,SILVER,2026-05-04,0e9e7401,0.0,RED,,,75,AMBER,Workday + Badge (CCURE/DSX/RS2),APM,87,GREEN,0,3,4,2026-04-30 03:00:00,95.06499846999506,GREEN,2026-05-03 18:40:12.714051,36,5.33,93.85377205329905,GREEN,"TWID,POSITION_ID,BADGE_EVENT_TS",POSITION_ID,6.15,66.66666666666667,AMBER,24,16,40.67796610169491,RED,177,72,100.0,GREEN,3,3,6.666666666666667,RED,4,113,88.50912782882901,GREEN,4.43,9,67.58,BRONZE,2026-05-06 15:37:37.981740,prototype
DS_WORKPLACE_TRANSITION,Workplace Transition / RTO,EDLE_DW_DB.PNC_DATA.TRAN_DT_WRKPLCTRNS_CONSOLIDATED,P&C,SILVER,2026-05-05,dfddba3d,0.0,RED,,,75,AMBER,Workday + Badge (CCURE/DSX/RS2),APM,74,AMBER,2,1,3,2026-04-29 00:00:00,87.93501193984413,GREEN,2026-05-04 10:58:11.326422,36,13.03,93.49032690293086,GREEN,"TWID,POSITION_ID,BADGE_EVENT_TS",POSITION_ID,6.51,70.83333333333333,AMBER,24,17,36.95652173913044,RED,92,34,100.0,GREEN,3,3,20.0,RED,12,494,86.28039597806305,GREEN,4.31,5,65.89,BRONZE,2026-05-06 15:37:37.983088,prototype
DS_WORKPLACE_TRANSITION,Workplace Transition / RTO,EDLE_DW_DB.PNC_DATA.TRAN_DT_WRKPLCTRNS_CONSOLIDATED,P&C,SILVER,2026-05-06,3b34703b,0.0,RED,,,75,AMBER,Workday + Badge (CCURE/DSX/RS2),APM,72,AMBER,1,4,6,2026-05-03 22:00:00,95.52432125553287,GREEN,2026-05-05 19:09:58.561042,36,4.83,92.73232977471963,GREEN,"TWID,POSITION_ID,BADGE_EVENT_TS",TWID,7.27,58.333333333333336,RED,24,14,36.56716417910448,RED,134,49,100.0,GREEN,3,3,26.666666666666668,RED,16,627,59.91259186153995,RED,3.0,12,64.42,BRONZE,2026-05-06 15:37:37.984570,prototype
DS_BEELINE_CONSO,Beeline Consolidated (FPA),EDLE_DW_DB.FPA_DATA.DT_BEELINE_CONSO,FPA,SILVER,2026-02-05,d49a55d7,0.0,RED,,,75,AMBER,Beeline,APM,83,GREEN,0,5,2,2026-01-31 16:00:00,92.64057185810334,GREEN,2026-02-04 18:42:04.362256,24,5.3,93.40509811351215,GREEN,"EmployeeID,CostCenter,ManagerID",EmployeeID,6.59,62.5,AMBER,24,15,36.36363636363637,RED,176,64,100.0,GREEN,3,3,30.0,RED,18,693,61.25178877846867,AMBER,3.06,12,66.17,BRONZE,2026-05-06 15:37:37.986008,prototype
DS_BEELINE_CONSO,Beeline Consolidated (FPA),EDLE_DW_DB.FPA_DATA.DT_BEELINE_CONSO,FPA,SILVER,2026-02-06,071a74a5,0.0,RED,,,75,AMBER,Beeline,APM,98,GREEN,0,0,2,2026-01-29 15:00:00,94.27140835476547,GREEN,2026-02-05 19:52:31.490456,24,4.12,97.18624503174752,GREEN,"EmployeeID,CostCenter,ManagerID",EmployeeID,2.81,54.166666666666664,RED,24,13,23.863636363636363,RED,88,21,100.0,GREEN,3,3,18.333333333333332,RED,11,556,92.14132750686075,GREEN,4.61,9,67.26,BRONZE,2026-05-06 15:37:37.987383,prototype
DS_BEELINE_CONSO,Beeline Consolidated (FPA),EDLE_DW_DB.FPA_DATA.DT_BEELINE_CONSO,FPA,SILVER,2026-02-07,6417b24a,0.0,RED,,,75,AMBER,Beeline,APM,78,AMBER,2,0,2,2026-02-06 16:00:00,100.0,GREEN,2026-02-07 00:00:00.000000,24,0.0,94.3939053117651,GREEN,"EmployeeID,CostCenter,ManagerID",EmployeeID,5.61,83.33333333333333,GREEN,24,20,33.165829145728644,RED,199,66,100.0,GREEN,3,3,20.0,RED,12,507,81.783021178125,GREEN,4.09,9,69.2,BRONZE,2026-05-06 15:37:37.988743,prototype
DS_BEELINE_CONSO,Beeline Consolidated (FPA),EDLE_DW_DB.FPA_DATA.DT_BEELINE_CONSO,FPA,SILVER,2026-02-08,0d3fb11f,0.0,RED,,,75,AMBER,Beeline,APM,85,GREEN,1,0,5,2026-02-06 15:00:00,90.06348561123464,GREEN,2026-02-07 16:50:44.554704,24,7.15,94.85570740636632,GREEN,"EmployeeID,CostCenter,ManagerID",CostCenter,5.14,62.5,AMBER,24,15,38.84892086330935,RED,139,54,100.0,GREEN,3,3,16.666666666666668,RED,10,404,83.70435919338556,GREEN,4.19,8,66.54,BRONZE,2026-05-06 15:37:37.990182,prototype
DS_BEELINE_CONSO,Beeline Consolidated (FPA),EDLE_DW_DB.FPA_DATA.DT_BEELINE_CONSO,FPA,SILVER,2026-02-09,d07a3d21,0.0,RED,,,75,AMBER,Beeline,APM,95,GREEN,0,1,2,2026-02-04 09:00:00,96.22329417406034,GREEN,2026-02-08 21:16:50.778499,24,2.72,96.53578416089559,GREEN,"EmployeeID,CostCenter,ManagerID",ManagerID,3.46,66.66666666666667,AMBER,24,16,34.44444444444444,RED,90,31,100.0,GREEN,3,3,40.0,RED,24,1066,69.62953096348974,AMBER,3.48,8,69.83,BRONZE,2026-05-06 15:37:37.991603,prototype
DS_BEELINE_CONSO,Beeline Consolidated (FPA),EDLE_DW_DB.FPA_DATA.DT_BEELINE_CONSO,FPA,SILVER,2026-02-10,91624ae4,0.0,RED,,,75,AMBER,Beeline,APM,92,GREEN,0,1,5,2026-02-02 16:00:00,95.6368183341457,GREEN,2026-02-09 20:51:30.633122,24,3.14,95.33540412091257,GREEN,"EmployeeID,CostCenter,ManagerID",CostCenter,4.66,62.5,AMBER,24,15,32.926829268292686,RED,82,27,100.0,GREEN,3,3,16.666666666666668,RED,10,474,71.08326782889338,AMBER,3.55,10,67.25,BRONZE,2026-05-06 15:37:37.993043,prototype
DS_BEELINE_CONSO,Beeline Consolidated (FPA),EDLE_DW_DB.FPA_DATA.DT_BEELINE_CONSO,FPA,SILVER,2026-02-11,49eee4cd,0.0,RED,,,75,AMBER,Beeline,APM,93,GREEN,0,2,1,2026-02-02 23:00:00,94.59302494362848,GREEN,2026-02-10 20:06:25.120654,24,3.89,92.93326988800844,GREEN,"EmployeeID,CostCenter,ManagerID",ManagerID,7.07,62.5,AMBER,24,15,36.25,RED,160,58,100.0,GREEN,3,3,0.0,RED,0,33,63.17430325152381,AMBER,3.16,11,65.84,BRONZE,2026-05-06 15:37:37.994497,prototype
DS_BEELINE_CONSO,Beeline Consolidated (FPA),EDLE_DW_DB.FPA_DATA.DT_BEELINE_CONSO,FPA,SILVER,2026-02-12,e7b27189,0.0,RED,,,75,AMBER,Beeline,APM,97,GREEN,0,1,0,2026-02-08 12:00:00,100.0,GREEN,2026-02-12 00:00:00.000000,24,0.0,94.31365095156224,GREEN,"EmployeeID,CostCenter,ManagerID",CostCenter,5.69,66.66666666666667,AMBER,24,16,35.18518518518518,RED,162,57,100.0,GREEN,3,3,41.666666666666664,RED,25,1000,87.11976108184007,GREEN,4.36,5,71.14,SILVER,2026-05-06 15:37:37.995941,prototype
DS_BEELINE_CONSO,Beeline Consolidated (FPA),EDLE_DW_DB.FPA_DATA.DT_BEELINE_CONSO,FPA,SILVER,2026-02-13,dcad0654,0.0,RED,,,75,AMBER,Beeline,APM,97,GREEN,0,0,3,2026-02-12 16:00:00,100.0,GREEN,2026-02-13 00:00:00.000000,24,0.0,93.93784856882435,GREEN,"EmployeeID,CostCenter,ManagerID",ManagerID,6.06,75.0,AMBER,24,18,36.68341708542714,RED,199,73,100.0,GREEN,3,3,6.666666666666667,RED,4,153,89.48012596434808,GREEN,4.47,7,70.21,SILVER,2026-05-06 15:37:37.997419,prototype
DS_BEELINE_CONSO,Beeline Consolidated (FPA),EDLE_DW_DB.FPA_DATA.DT_BEELINE_CONSO,FPA,SILVER,2026-02-14,8268b820,0.0,RED,,,75,AMBER,Beeline,APM,93,GREEN,0,2,1,2026-02-09 03:00:00,97.84424085441393,GREEN,2026-02-13 22:26:52.272295,24,1.55,96.97303975839118,GREEN,"EmployeeID,CostCenter,ManagerID",CostCenter,3.03,66.66666666666667,AMBER,24,16,31.147540983606557,RED,61,19,100.0,GREEN,3,3,23.333333333333332,RED,14,659,63.0096808525242,AMBER,3.15,4,68.35,BRONZE,2026-05-06 15:37:37.998871,prototype
DS_BEELINE_CONSO,Beeline Consolidated (FPA),EDLE_DW_DB.FPA_DATA.DT_BEELINE_CONSO,FPA,SILVER,2026-02-15,84b44dfa,0.0,RED,,,75,AMBER,Beeline,APM,92,GREEN,0,2,2,2026-02-11 23:00:00,97.09506235231893,GREEN,2026-02-14 21:54:30.401617,24,2.09,93.78461892831488,GREEN,"EmployeeID,CostCenter,ManagerID",EmployeeID,6.22,66.66666666666667,AMBER,24,16,35.18518518518518,RED,54,19,100.0,GREEN,3,3,0.0,RED,0,0,66.98781481033905,AMBER,3.35,7,66.76,BRONZE,2026-05-06 15:37:38.000317,prototype
DS_BEELINE_CONSO,Beeline Consolidated (FPA),EDLE_DW_DB.FPA_DATA.DT_BEELINE_CONSO,FPA,SILVER,2026-02-16,924328ae,0.0,RED,,,75,AMBER,Beeline,APM,81,GREEN,1,2,3,2026-02-15 01:00:00,96.35058348699056,GREEN,2026-02-15 21:22:20.712398,24,2.63,97.90148221654107,GREEN,"EmployeeID,CostCenter,ManagerID",EmployeeID,2.1,83.33333333333333,GREEN,24,20,37.91208791208791,RED,182,69,100.0,GREEN,3,3,18.333333333333332,RED,11,454,72.31237545995118,AMBER,3.62,5,69.44,BRONZE,2026-05-06 15:37:38.001815,prototype
DS_BEELINE_CONSO,Beeline Consolidated (FPA),EDLE_DW_DB.FPA_DATA.DT_BEELINE_CONSO,FPA,SILVER,2026-02-17,37ae0b66,0.0,RED,,,75,AMBER,Beeline,APM,94,GREEN,0,1,3,2026-02-10 23:00:00,94.31998916938055,GREEN,2026-02-16 19:54:37.411927,24,4.09,97.93766571281162,GREEN,"EmployeeID,CostCenter,ManagerID",ManagerID,2.06,62.5,AMBER,24,15,35.294117647058826,RED,51,18,100.0,GREEN,3,3,23.333333333333332,RED,14,608,71.24242470456414,AMBER,3.56,4,68.27,BRONZE,2026-05-06 15:37:38.003287,prototype
DS_BEELINE_CONSO,Beeline Consolidated (FPA),EDLE_DW_DB.FPA_DATA.DT_BEELINE_CONSO,FPA,SILVER,2026-02-18,451859ab,0.0,RED,,,75,AMBER,Beeline,APM,98,GREEN,0,0,2,2026-02-12 05:00:00,92.69299752396122,GREEN,2026-02-17 18:44:20.249582,24,5.26,94.48077877439896,GREEN,"EmployeeID,CostCenter,ManagerID",CostCenter,5.52,79.16666666666667,AMBER,24,19,36.92307692307692,RED,195,72,100.0,GREEN,3,3,10.0,RED,6,269,85.57119150484172,GREEN,4.28,14,69.94,BRONZE,2026-05-06 15:37:38.004765,prototype
DS_BEELINE_CONSO,Beeline Consolidated (FPA),EDLE_DW_DB.FPA_DATA.DT_BEELINE_CONSO,FPA,SILVER,2026-02-19,2e586cca,0.0,RED,,,75,AMBER,Beeline,APM,96,GREEN,0,1,1,2026-02-11 17:00:00,91.83764169057652,GREEN,2026-02-18 18:07:23.167262,24,5.88,94.1489072142441,GREEN,"EmployeeID,CostCenter,ManagerID",EmployeeID,5.85,66.66666666666667,AMBER,24,16,36.206896551724135,RED,58,21,100.0,GREEN,3,3,8.333333333333334,RED,5,196,100.0,GREEN,5.0,8,68.45,BRONZE,2026-05-06 15:37:38.006220,prototype
DS_BEELINE_CONSO,Beeline Consolidated (FPA),EDLE_DW_DB.FPA_DATA.DT_BEELINE_CONSO,FPA,SILVER,2026-02-20,fc032fea,0.0,RED,,,75,AMBER,Beeline,APM,100,GREEN,0,0,0,2026-02-19 00:00:00,87.37881185653872,GREEN,2026-02-19 14:54:45.880332,24,9.09,95.09577451837131,GREEN,"EmployeeID,CostCenter,ManagerID",ManagerID,4.9,75.0,AMBER,24,18,36.904761904761905,RED,84,31,100.0,GREEN,3,3,15.0,RED,9,298,81.31851883274919,GREEN,4.07,6,69.15,BRONZE,2026-05-06 15:37:38.007680,prototype
DS_BEELINE_CONSO,Beeline Consolidated (FPA),EDLE_DW_DB.FPA_DATA.DT_BEELINE_CONSO,FPA,SILVER,2026-02-21,c1a6b456,0.0,RED,,,75,AMBER,Beeline,APM,95,GREEN,0,1,2,2026-02-14 11:00:00,90.79338512017478,GREEN,2026-02-20 17:22:16.454231,24,6.63,95.6716931972858,GREEN,"EmployeeID,CostCenter,ManagerID",EmployeeID,4.33,75.0,AMBER,24,18,37.28813559322034,RED,59,22,100.0,GREEN,3,3,26.666666666666668,RED,16,671,79.03458809072627,AMBER,3.95,6,69.75,BRONZE,2026-05-06 15:37:38.009190,prototype
DS_BEELINE_CONSO,Beeline Consolidated (FPA),EDLE_DW_DB.FPA_DATA.DT_BEELINE_CONSO,FPA,SILVER,2026-02-22,03acbdf7,0.0,RED,,,75,AMBER,Beeline,APM,86,GREEN,1,1,1,2026-02-18 03:00:00,97.05094920021399,GREEN,2026-02-21 21:52:36.060327,24,2.12,96.83115227913706,GREEN,"EmployeeID,CostCenter,ManagerID",ManagerID,3.17,70.83333333333333,AMBER,24,17,33.60655737704918,RED,122,41,100.0,GREEN,3,3,23.333333333333332,RED,14,521,67.20079702978983,AMBER,3.36,11,68.24,BRONZE,2026-05-06 15:37:38.010738,prototype
DS_BEELINE_CONSO,Beeline Consolidated (FPA),EDLE_DW_DB.FPA_DATA.DT_BEELINE_CONSO,FPA,SILVER,2026-02-23,2272cc31,0.0,RED,,,75,AMBER,Beeline,APM,99,GREEN,0,0,1,2026-02-20 08:00:00,100.0,GREEN,2026-02-23 00:00:00.000000,24,0.0,95.69465749952698,GREEN,"EmployeeID,CostCenter,ManagerID",ManagerID,4.31,75.0,AMBER,24,18,35.60606060606061,RED,132,47,100.0,GREEN,3,3,3.3333333333333335,RED,2,86,71.74633563309477,AMBER,3.59,6,69.7,BRONZE,2026-05-06 15:37:38.012268,prototype
DS_BEELINE_CONSO,Beeline Consolidated (FPA),EDLE_DW_DB.FPA_DATA.DT_BEELINE_CONSO,FPA,SILVER,2026-02-24,817edb56,0.0,RED,,,75,AMBER,Beeline,APM,89,GREEN,1,0,1,2026-02-22 13:00:00,93.09239736650893,GREEN,2026-02-23 19:01:35.493974,24,4.97,96.3984425896153,GREEN,"EmployeeID,CostCenter,ManagerID",ManagerID,3.6,70.83333333333333,AMBER,24,17,28.26086956521739,RED,46,13,100.0,GREEN,3,3,20.0,RED,12,511,93.52811200800416,GREEN,4.68,4,68.41,BRONZE,2026-05-06 15:37:38.013718,prototype
DS_BEELINE_CONSO,Beeline Consolidated (FPA),EDLE_DW_DB.FPA_DATA.DT_BEELINE_CONSO,FPA,SILVER,2026-02-25,5843cf6f,0.0,RED,,,75,AMBER,Beeline,APM,82,GREEN,1,2,2,2026-02-19 20:00:00,96.34395643977355,GREEN,2026-02-24 21:22:03.535092,24,2.63,94.91320042567806,GREEN,"EmployeeID,CostCenter,ManagerID",EmployeeID,5.09,70.83333333333333,AMBER,24,17,33.9080459770115,RED,174,59,100.0,GREEN,3,3,15.0,RED,9,364,75.90254401079642,AMBER,3.8,8,67.26,BRONZE,2026-05-06 15:37:38.015296,prototype
DS_BEELINE_CONSO,Beeline Consolidated (FPA),EDLE_DW_DB.FPA_DATA.DT_BEELINE_CONSO,FPA,SILVER,2026-02-26,9b4d139c,0.0,RED,,,75,AMBER,Beeline,APM,100,GREEN,0,0,0,2026-02-19 17:00:00,88.63097328203452,GREEN,2026-02-25 15:48:51.482747,24,8.19,98.15167886013194,GREEN,"EmployeeID,CostCenter,ManagerID",EmployeeID,1.85,83.33333333333333,GREEN,24,20,41.791044776119406,RED,67,28,100.0,GREEN,3,3,10.0,RED,6,203,77.60261433326006,AMBER,3.88,6,70.7,SILVER,2026-05-06 15:37:38.016772,prototype
DS_BEELINE_CONSO,Beeline Consolidated (FPA),EDLE_DW_DB.FPA_DATA.DT_BEELINE_CONSO,FPA,SILVER,2026-02-27,dbd11c9c,0.0,RED,,,75,AMBER,Beeline,APM,97,GREEN,0,1,0,2026-02-23 02:00:00,97.82525767410853,GREEN,2026-02-26 22:26:03.067891,24,1.57,98.69549984073738,GREEN,"EmployeeID,CostCenter,ManagerID",CostCenter,1.3,70.83333333333333,AMBER,24,17,32.25806451612903,RED,217,70,100.0,GREEN,3,3,20.0,RED,12,464,71.35822513479721,AMBER,3.57,3,69.79,BRONZE,2026-05-06 15:37:38.018271,prototype
DS_BEELINE_CONSO,Beeline Consolidated (FPA),EDLE_DW_DB.FPA_DATA.DT_BEELINE_CONSO,FPA,SILVER,2026-02-28,7e26c767,0.0,RED,,,75,AMBER,Beeline,APM,89,GREEN,1,0,1,2026-02-23 21:00:00,91.46171405542235,GREEN,2026-02-27 17:51:08.762832,24,6.15,94.9215335241743,GREEN,"EmployeeID,CostCenter,ManagerID",CostCenter,5.08,70.83333333333333,AMBER,24,17,32.25806451612903,RED,217,70,100.0,GREEN,3,3,16.666666666666668,RED,10,388,88.51577222982874,GREEN,4.43,6,67.89,BRONZE,2026-05-06 15:37:38.019741,prototype
DS_BEELINE_CONSO,Beeline Consolidated (FPA),EDLE_DW_DB.FPA_DATA.DT_BEELINE_CONSO,FPA,SILVER,2026-03-01,f974e1a7,0.0,RED,,,75,AMBER,Beeline,APM,100,GREEN,0,0,0,2026-02-24 16:00:00,98.16092939682159,GREEN,2026-02-28 22:40:33.128997,24,1.32,96.26693153605495,GREEN,"EmployeeID,CostCenter,ManagerID",CostCenter,3.73,75.0,AMBER,24,18,34.10852713178294,RED,129,44,100.0,GREEN,3,3,33.333333333333336,RED,20,884,88.59281465414499,GREEN,4.43,7,71.99,SILVER,2026-05-06 15:37:38.021204,prototype
DS_BEELINE_CONSO,Beeline Consolidated (FPA),EDLE_DW_DB.FPA_DATA.DT_BEELINE_CONSO,FPA,SILVER,2026-03-02,59a36b6c,0.0,RED,,,75,AMBER,Beeline,APM,93,GREEN,0,1,4,2026-03-01 01:00:00,95.59999739919476,GREEN,2026-03-01 20:49:55.193259,24,3.17,98.29880393501715,GREEN,"EmployeeID,CostCenter,ManagerID",EmployeeID,1.7,83.33333333333333,GREEN,24,20,36.97478991596638,RED,119,44,100.0,GREEN,3,3,33.333333333333336,RED,20,819,60.10776206745176,AMBER,3.01,8,71.17,SILVER,2026-05-06 15:37:38.022678,prototype
DS_BEELINE_CONSO,Beeline Consolidated (FPA),EDLE_DW_DB.FPA_DATA.DT_BEELINE_CONSO,FPA,SILVER,2026-03-03,1ea8222d,0.0,RED,,,75,AMBER,Beeline,APM,87,GREEN,1,0,3,2026-02-22 20:00:00,100.0,GREEN,2026-03-03 00:00:00.000000,24,0.0,94.17661665876207,GREEN,"EmployeeID,CostCenter,ManagerID",CostCenter,5.82,79.16666666666667,AMBER,24,19,31.666666666666668,RED,60,19,100.0,GREEN,3,3,13.333333333333334,RED,8,324,75.59553475815625,AMBER,3.78,7,68.98,BRONZE,2026-05-06 15:37:38.024127,prototype
DS_BEELINE_CONSO,Beeline Consolidated (FPA),EDLE_DW_DB.FPA_DATA.DT_BEELINE_CONSO,FPA,SILVER,2026-03-04,38f5a8e8,0.0,RED,,,75,AMBER,Beeline,APM,97,GREEN,0,1,0,2026-02-26 13:00:00,95.20728101827133,GREEN,2026-03-03 20:32:57.272399,24,3.45,96.58285132499816,GREEN,"EmployeeID,CostCenter,ManagerID",EmployeeID,3.42,70.83333333333333,AMBER,24,17,37.03703703703704,RED,54,20,100.0,GREEN,3,3,16.666666666666668,RED,10,385,94.52427334715873,GREEN,4.73,12,70.23,SILVER,2026-05-06 15:37:38.025580,prototype
DS_BEELINE_CONSO,Beeline Consolidated (FPA),EDLE_DW_DB.FPA_DATA.DT_BEELINE_CONSO,FPA,SILVER,2026-03-05,7ac6c95b,0.0,RED,,,75,AMBER,Beeline,APM,92,GREEN,0,1,5,2026-03-04 04:00:00,100.0,GREEN,2026-03-05 00:00:00.000000,24,0.0,95.53732123700267,GREEN,"EmployeeID,CostCenter,ManagerID",CostCenter,4.46,79.16666666666667,AMBER,24,19,32.142857142857146,RED,112,36,100.0,GREEN,3,3,25.0,RED,15,651,83.06853043704827,GREEN,4.15,10,70.81,SILVER,2026-05-06 15:37:38.027045,prototype
DS_BEELINE_CONSO,Beeline Consolidated (FPA),EDLE_DW_DB.FPA_DATA.DT_BEELINE_CONSO,FPA,SILVER,2026-03-06,e2282c23,0.0,RED,,,75,AMBER,Beeline,APM,89,GREEN,0,3,2,2026-03-04 15:00:00,96.16655383966138,GREEN,2026-03-05 21:14:23.707552,24,2.76,96.12331083888648,GREEN,"EmployeeID,CostCenter,ManagerID",EmployeeID,3.88,62.5,AMBER,24,15,37.01298701298701,RED,154,57,100.0,GREEN,3,3,20.0,RED,12,395,81.00754487126898,GREEN,4.05,11,68.0,BRONZE,2026-05-06 15:37:38.028530,prototype
DS_BEELINE_CONSO,Beeline Consolidated (FPA),EDLE_DW_DB.FPA_DATA.DT_BEELINE_CONSO,FPA,SILVER,2026-03-07,1b883d7a,0.0,RED,,,75,AMBER,Beeline,APM,97,GREEN,0,0,3,2026-03-04 11:00:00,95.3201161788646,GREEN,2026-03-06 20:37:49.741136,24,3.37,95.56261432184085,GREEN,"EmployeeID,CostCenter,ManagerID",CostCenter,4.44,83.33333333333333,GREEN,24,20,35.483870967741936,RED,186,66,100.0,GREEN,3,3,18.333333333333332,RED,11,479,87.80055526732298,GREEN,4.39,7,71.31,SILVER,2026-05-06 15:37:38.030052,prototype
DS_BEELINE_CONSO,Beeline Consolidated (FPA),EDLE_DW_DB.FPA_DATA.DT_BEELINE_CONSO,FPA,SILVER,2026-03-08,93a3f3c4,0.0,RED,,,75,AMBER,Beeline,APM,92,GREEN,0,2,2,2026-03-04 13:00:00,97.9068267052622,GREEN,2026-03-07 22:29:34.494820,24,1.51,94.66533553086835,GREEN,"EmployeeID,CostCenter,ManagerID",EmployeeID,5.33,66.66666666666667,AMBER,24,16,41.666666666666664,RED,48,20,100.0,GREEN,3,3,20.0,RED,12,402,65.7042087658878,AMBER,3.29,13,68.66,BRONZE,2026-05-06 15:37:38.031645,prototype
DS_BEELINE_CONSO,Beeline Consolidated (FPA),EDLE_DW_DB.FPA_DATA.DT_BEELINE_CONSO,FPA,SILVER,2026-03-09,e4c26696,0.0,RED,,,75,AMBER,Beeline,APM,91,GREEN,0,2,3,2026-03-05 22:00:00,98.74056961656746,GREEN,2026-03-08 23:05:35.556446,24,0.91,95.03344464657647,GREEN,"EmployeeID,CostCenter,ManagerID",CostCenter,4.97,75.0,AMBER,24,18,35.37735849056604,RED,212,75,100.0,GREEN,3,3,21.666666666666668,RED,13,494,84.61914596482444,GREEN,4.23,5,70.06,SILVER,2026-05-06 15:37:38.033118,prototype
DS_BEELINE_CONSO,Beeline Consolidated (FPA),EDLE_DW_DB.FPA_DATA.DT_BEELINE_CONSO,FPA,SILVER,2026-03-10,629fdb51,0.0,RED,,,75,AMBER,Beeline,APM,97,GREEN,0,1,0,2026-03-02 15:00:00,89.53879935451204,GREEN,2026-03-09 16:28:04.567927,24,7.53,95.83088202507146,GREEN,"EmployeeID,CostCenter,ManagerID",EmployeeID,4.17,75.0,AMBER,24,18,42.5,RED,40,17,100.0,GREEN,3,3,13.333333333333334,RED,8,329,78.8383673098849,AMBER,3.94,11,69.45,BRONZE,2026-05-06 15:37:38.034698,prototype
DS_BEELINE_CONSO,Beeline Consolidated (FPA),EDLE_DW_DB.FPA_DATA.DT_BEELINE_CONSO,FPA,SILVER,2026-03-11,6a1e7fe5,0.0,RED,,,75,AMBER,Beeline,APM,97,GREEN,0,0,3,2026-03-06 10:00:00,98.32437160818014,GREEN,2026-03-10 22:47:36.771208,24,1.21,93.44442970133252,GREEN,"EmployeeID,CostCenter,ManagerID",EmployeeID,6.56,66.66666666666667,AMBER,24,16,37.267080745341616,RED,161,60,100.0,GREEN,3,3,36.666666666666664,RED,22,930,89.39517740575339,GREEN,4.47,7,70.74,SILVER,2026-05-06 15:37:38.036089,prototype
DS_BEELINE_CONSO,Beeline Consolidated (FPA),EDLE_DW_DB.FPA_DATA.DT_BEELINE_CONSO,FPA,SILVER,2026-03-12,777fb421,0.0,RED,,,75,AMBER,Beeline,APM,86,GREEN,1,1,1,2026-03-04 06:00:00,97.5724617901069,GREEN,2026-03-11 22:15:07.820960,24,1.75,95.17436157472996,GREEN,"EmployeeID,CostCenter,ManagerID",ManagerID,4.83,79.16666666666667,AMBER,24,19,33.333333333333336,RED,84,28,100.0,GREEN,3,3,6.666666666666667,RED,4,142,85.47270641782154,GREEN,4.27,9,68.79,BRONZE,2026-05-06 15:37:38.037456,prototype
DS_BEELINE_CONSO,Beeline Consolidated (FPA),EDLE_DW_DB.FPA_DATA.DT_BEELINE_CONSO,FPA,SILVER,2026-03-13,34913c04,0.0,RED,,,75,AMBER,Beeline,APM,100,GREEN,0,0,0,2026-03-10 07:00:00,98.25816969385374,GREEN,2026-03-12 22:44:45.175846,24,1.25,93.62140874633226,GREEN,"EmployeeID,CostCenter,ManagerID",ManagerID,6.38,75.0,AMBER,24,18,36.470588235294116,RED,85,31,100.0,GREEN,3,3,1.6666666666666667,RED,1,0,89.62206349110241,GREEN,4.48,9,69.97,BRONZE,2026-05-06 15:37:38.038808,prototype
DS_BEELINE_CONSO,Beeline Consolidated (FPA),EDLE_DW_DB.FPA_DATA.DT_BEELINE_CONSO,FPA,SILVER,2026-03-14,1431907c,0.0,RED,,,75,AMBER,Beeline,APM,94,GREEN,0,1,3,2026-03-12 11:00:00,99.0646047164499,GREEN,2026-03-13 23:19:35.455425,24,0.67,95.47286867768524,GREEN,"EmployeeID,CostCenter,ManagerID",ManagerID,4.53,66.66666666666667,AMBER,24,16,25.0,RED,48,12,100.0,GREEN,3,3,16.666666666666668,RED,10,492,68.66677656025054,AMBER,3.43,5,67.76,BRONZE,2026-05-06 15:37:38.040216,prototype
DS_BEELINE_CONSO,Beeline Consolidated (FPA),EDLE_DW_DB.FPA_DATA.DT_BEELINE_CONSO,FPA,SILVER,2026-03-15,d8918049,0.0,RED,,,75,AMBER,Beeline,APM,99,GREEN,0,0,1,2026-03-07 13:00:00,99.55615876871302,GREEN,2026-03-14 23:40:49.563529,24,0.32,94.60929513538399,GREEN,"EmployeeID,CostCenter,ManagerID",EmployeeID,5.39,66.66666666666667,AMBER,24,16,34.25925925925926,RED,108,37,100.0,GREEN,3,3,8.333333333333334,RED,5,106,73.01714818702041,AMBER,3.65,17,68.72,BRONZE,2026-05-06 15:37:38.041711,prototype
DS_BEELINE_CONSO,Beeline Consolidated (FPA),EDLE_DW_DB.FPA_DATA.DT_BEELINE_CONSO,FPA,SILVER,2026-03-16,80573d84,0.0,RED,,,75,AMBER,Beeline,APM,90,GREEN,0,3,1,2026-03-12 01:00:00,95.05113479924465,GREEN,2026-03-15 20:26:12.541400,24,3.56,97.07433653166035,GREEN,"EmployeeID,CostCenter,ManagerID",EmployeeID,2.93,66.66666666666667,AMBER,24,16,33.76623376623377,RED,154,52,100.0,GREEN,3,3,40.0,RED,24,892,76.38656965055279,AMBER,3.82,7,69.35,BRONZE,2026-05-06 15:37:38.043171,prototype
DS_BEELINE_CONSO,Beeline Consolidated (FPA),EDLE_DW_DB.FPA_DATA.DT_BEELINE_CONSO,FPA,SILVER,2026-03-17,2dda1a43,0.0,RED,,,75,AMBER,Beeline,APM,75,AMBER,2,1,2,2026-03-13 16:00:00,94.86350976823655,GREEN,2026-03-16 20:18:06.217319,24,3.7,96.70382106633008,GREEN,"EmployeeID,CostCenter,ManagerID",CostCenter,3.3,62.5,AMBER,24,15,31.944444444444443,RED,72,23,100.0,GREEN,3,3,21.666666666666668,RED,13,613,81.88883365856873,GREEN,4.09,5,65.95,BRONZE,2026-05-06 15:37:38.044608,prototype
DS_BEELINE_CONSO,Beeline Consolidated (FPA),EDLE_DW_DB.FPA_DATA.DT_BEELINE_CONSO,FPA,SILVER,2026-03-18,699154b4,0.0,RED,,,75,AMBER,Beeline,APM,98,GREEN,0,0,2,2026-03-13 01:00:00,98.47554492081983,GREEN,2026-03-17 22:54:08.612435,24,1.1,95.51282020636899,GREEN,"EmployeeID,CostCenter,ManagerID",EmployeeID,4.49,62.5,AMBER,24,15,33.05785123966942,RED,121,40,100.0,GREEN,3,3,25.0,RED,15,581,76.85770044652185,AMBER,3.84,8,69.14,BRONZE,2026-05-06 15:37:38.046078,prototype
DS_BEELINE_CONSO,Beeline Consolidated (FPA),EDLE_DW_DB.FPA_DATA.DT_BEELINE_CONSO,FPA,SILVER,2026-03-19,9c1726c1,0.0,RED,,,75,AMBER,Beeline,APM,98,GREEN,0,0,2,2026-03-14 15:00:00,94.93929279098245,GREEN,2026-03-18 20:21:22.646914,24,3.64,93.3061612678533,GREEN,"EmployeeID,CostCenter,ManagerID",ManagerID,6.69,58.333333333333336,RED,24,14,32.926829268292686,RED,82,27,100.0,GREEN,3,3,13.333333333333334,RED,8,315,85.79554759105669,GREEN,4.29,7,67.48,BRONZE,2026-05-06 15:37:38.047552,prototype
DS_BEELINE_CONSO,Beeline Consolidated (FPA),EDLE_DW_DB.FPA_DATA.DT_BEELINE_CONSO,FPA,SILVER,2026-03-20,5975ffb9,0.0,RED,,,75,AMBER,Beeline,APM,92,GREEN,0,2,2,2026-03-16 13:00:00,94.51163455128643,GREEN,2026-03-19 20:02:54.156757,24,3.95,95.18648500450921,GREEN,"EmployeeID,CostCenter,ManagerID",ManagerID,4.81,66.66666666666667,AMBER,24,16,35.526315789473685,RED,152,54,100.0,GREEN,3,3,6.666666666666667,RED,4,151,86.71375494404734,GREEN,4.34,8,67.81,BRONZE,2026-05-06 15:37:38.049019,prototype
DS_BEELINE_CONSO,Beeline Consolidated (FPA),EDLE_DW_DB.FPA_DATA.DT_BEELINE_CONSO,FPA,SILVER,2026-03-21,a8c9a68c,0.0,RED,,,75,AMBER,Beeline,APM,100,GREEN,0,0,0,2026-03-19 08:00:00,96.7453648147181,GREEN,2026-03-20 21:39:23.985600,24,2.34,95.83841669063521,GREEN,"EmployeeID,CostCenter,ManagerID",ManagerID,4.16,66.66666666666667,AMBER,24,16,34.74576271186441,RED,118,41,100.0,GREEN,3,3,31.666666666666668,RED,19,826,64.4172722314382,AMBER,3.22,8,69.72,BRONZE,2026-05-06 15:37:38.050480,prototype
DS_BEELINE_CONSO,Beeline Consolidated (FPA),EDLE_DW_DB.FPA_DATA.DT_BEELINE_CONSO,FPA,SILVER,2026-03-22,f29dc4a3,0.0,RED,,,75,AMBER,Beeline,APM,96,GREEN,0,0,4,2026-03-17 18:00:00,93.04083232679686,GREEN,2026-03-21 18:59:21.837391,24,5.01,96.7337465253318,GREEN,"EmployeeID,CostCenter,ManagerID",EmployeeID,3.27,62.5,AMBER,24,15,35.45454545454545,RED,110,39,100.0,GREEN,3,3,20.0,RED,12,490,64.57925053509545,AMBER,3.23,8,67.71,BRONZE,2026-05-06 15:37:38.052112,prototype
DS_BEELINE_CONSO,Beeline Consolidated (FPA),EDLE_DW_DB.FPA_DATA.DT_BEELINE_CONSO,FPA,SILVER,2026-03-23,74979e04,0.0,RED,,,75,AMBER,Beeline,APM,88,GREEN,1,0,2,2026-03-21 10:00:00,95.54447158967389,GREEN,2026-03-22 20:47:31.270360,24,3.21,94.2657071478876,GREEN,"EmployeeID,CostCenter,ManagerID",CostCenter,5.73,66.66666666666667,AMBER,24,16,36.241610738255034,RED,149,54,100.0,GREEN,3,3,23.333333333333332,RED,14,450,82.64720697569344,GREEN,4.13,8,68.24,BRONZE,2026-05-06 15:37:38.053583,prototype
DS_BEELINE_CONSO,Beeline Consolidated (FPA),EDLE_DW_DB.FPA_DATA.DT_BEELINE_CONSO,FPA,SILVER,2026-03-24,144d9539,0.0,RED,,,75,AMBER,Beeline,APM,65,AMBER,3,1,2,2026-03-19 23:00:00,96.55979230381851,GREEN,2026-03-23 21:31:22.981651,24,2.48,96.10957502014594,GREEN,"EmployeeID,CostCenter,ManagerID",CostCenter,3.89,62.5,AMBER,24,15,37.755102040816325,RED,98,37,100.0,GREEN,3,3,20.0,RED,12,486,77.94848456180561,AMBER,3.9,6,65.11,BRONZE,2026-05-06 15:37:38.055058,prototype
DS_BEELINE_CONSO,Beeline Consolidated (FPA),EDLE_DW_DB.FPA_DATA.DT_BEELINE_CONSO,FPA,SILVER,2026-03-25,058f377e,0.0,RED,,,75,AMBER,Beeline,APM,96,GREEN,0,0,4,2026-03-22 13:00:00,89.38678038177805,GREEN,2026-03-24 16:21:30.534750,24,7.64,97.35778266115732,GREEN,"EmployeeID,CostCenter,ManagerID",ManagerID,2.64,66.66666666666667,AMBER,24,16,34.375,RED,192,66,100.0,GREEN,3,3,3.3333333333333335,RED,2,137,94.09223197843505,GREEN,4.7,12,67.88,BRONZE,2026-05-06 15:37:38.056521,prototype
DS_BEELINE_CONSO,Beeline Consolidated (FPA),EDLE_DW_DB.FPA_DATA.DT_BEELINE_CONSO,FPA,SILVER,2026-03-26,defc1469,0.0,RED,,,75,AMBER,Beeline,APM,91,GREEN,0,2,3,2026-03-21 22:00:00,95.1189809650507,GREEN,2026-03-25 20:29:08.398661,24,3.51,96.8781384517982,GREEN,"EmployeeID,CostCenter,ManagerID",CostCenter,3.12,50.0,RED,24,12,33.80281690140845,RED,71,24,100.0,GREEN,3,3,0.0,RED,0,0,77.53715234938137,AMBER,3.88,12,65.11,BRONZE,2026-05-06 15:37:38.057987,prototype
DS_BEELINE_CONSO,Beeline Consolidated (FPA),EDLE_DW_DB.FPA_DATA.DT_BEELINE_CONSO,FPA,SILVER,2026-03-27,68559c91,0.0,RED,,,75,AMBER,Beeline,APM,84,GREEN,1,2,0,2026-03-20 15:00:00,98.36381594006605,GREEN,2026-03-26 22:49:19.010917,24,1.18,95.30173190691802,GREEN,"EmployeeID,CostCenter,ManagerID",ManagerID,4.7,70.83333333333333,AMBER,24,17,38.46153846153846,RED,117,45,100.0,GREEN,3,3,26.666666666666668,RED,16,666,93.25480231059215,GREEN,4.66,6,69.6,BRONZE,2026-05-06 15:37:38.059488,prototype
DS_BEELINE_CONSO,Beeline Consolidated (FPA),EDLE_DW_DB.FPA_DATA.DT_BEELINE_CONSO,FPA,SILVER,2026-03-28,1f11ad7c,0.0,RED,,,75,AMBER,Beeline,APM,88,GREEN,0,3,3,2026-03-27 04:00:00,97.42272686475478,GREEN,2026-03-27 22:08:39.708033,24,1.86,94.65003962569746,GREEN,"EmployeeID,CostCenter,ManagerID",CostCenter,5.35,66.66666666666667,AMBER,24,16,35.60606060606061,RED,132,47,100.0,GREEN,3,3,25.0,RED,15,631,79.20141146161886,AMBER,3.96,5,68.47,BRONZE,2026-05-06 15:37:38.060946,prototype
DS_BEELINE_CONSO,Beeline Consolidated (FPA),EDLE_DW_DB.FPA_DATA.DT_BEELINE_CONSO,FPA,SILVER,2026-03-29,f21001fe,0.0,RED,,,75,AMBER,Beeline,APM,93,GREEN,0,2,1,2026-03-25 18:00:00,98.30682181335891,GREEN,2026-03-28 22:46:51.282140,24,1.22,96.2527744763106,GREEN,"EmployeeID,CostCenter,ManagerID",EmployeeID,3.75,62.5,AMBER,24,15,32.544378698224854,RED,169,55,100.0,GREEN,3,3,8.333333333333334,RED,5,184,74.6517672887523,AMBER,3.73,11,67.49,BRONZE,2026-05-06 15:37:38.062413,prototype
DS_BEELINE_CONSO,Beeline Consolidated (FPA),EDLE_DW_DB.FPA_DATA.DT_BEELINE_CONSO,FPA,SILVER,2026-03-30,6c08f378,0.0,RED,,,75,AMBER,Beeline,APM,92,GREEN,0,2,2,2026-03-22 13:00:00,94.05589387464813,GREEN,2026-03-29 19:43:12.876923,24,4.28,97.44605354109319,GREEN,"EmployeeID,CostCenter,ManagerID",EmployeeID,2.55,66.66666666666667,AMBER,24,16,35.294117647058826,RED,153,54,100.0,GREEN,3,3,1.6666666666666667,RED,1,37,69.1141034978857,AMBER,3.46,11,67.04,BRONZE,2026-05-06 15:37:38.063870,prototype
DS_BEELINE_CONSO,Beeline Consolidated (FPA),EDLE_DW_DB.FPA_DATA.DT_BEELINE_CONSO,FPA,SILVER,2026-03-31,e0e31c84,0.0,RED,,,75,AMBER,Beeline,APM,83,GREEN,1,2,1,2026-03-24 17:00:00,93.1121911211565,GREEN,2026-03-30 19:02:26.799386,24,4.96,95.23621137649367,GREEN,"EmployeeID,CostCenter,ManagerID",CostCenter,4.76,62.5,AMBER,24,15,31.428571428571427,RED,105,33,100.0,GREEN,3,3,18.333333333333332,RED,11,430,79.48428705228457,AMBER,3.97,6,66.12,BRONZE,2026-05-06 15:37:38.065328,prototype
DS_BEELINE_CONSO,Beeline Consolidated (FPA),EDLE_DW_DB.FPA_DATA.DT_BEELINE_CONSO,FPA,SILVER,2026-04-01,0939f18d,0.0,RED,,,75,AMBER,Beeline,APM,94,GREEN,0,1,3,2026-03-28 06:00:00,92.353561474456,GREEN,2026-03-31 18:29:40.431342,24,5.51,94.13913855232417,GREEN,"EmployeeID,CostCenter,ManagerID",CostCenter,5.86,58.333333333333336,RED,24,14,39.705882352941174,RED,68,27,100.0,GREEN,3,3,3.3333333333333335,RED,2,52,71.4926628998903,AMBER,3.57,10,66.13,BRONZE,2026-05-06 15:37:38.066781,prototype
DS_BEELINE_CONSO,Beeline Consolidated (FPA),EDLE_DW_DB.FPA_DATA.DT_BEELINE_CONSO,FPA,SILVER,2026-04-02,3c68164e,0.0,RED,,,75,AMBER,Beeline,APM,96,GREEN,0,1,1,2026-03-29 07:00:00,91.09161407830085,GREEN,2026-04-01 17:35:09.463691,24,6.41,96.89245832880678,GREEN,"EmployeeID,CostCenter,ManagerID",EmployeeID,3.11,58.333333333333336,RED,24,14,33.333333333333336,RED,42,14,100.0,GREEN,3,3,13.333333333333334,RED,8,296,77.57302209681237,AMBER,3.88,10,66.91,BRONZE,2026-05-06 15:37:38.068304,prototype
DS_BEELINE_CONSO,Beeline Consolidated (FPA),EDLE_DW_DB.FPA_DATA.DT_BEELINE_CONSO,FPA,SILVER,2026-04-03,35312808,0.0,RED,,,75,AMBER,Beeline,APM,96,GREEN,0,1,1,2026-03-28 00:00:00,98.05400774172377,GREEN,2026-04-02 22:35:55.988067,24,1.4,95.57615626964653,GREEN,"EmployeeID,CostCenter,ManagerID",EmployeeID,4.42,58.333333333333336,RED,24,14,30.82191780821918,RED,146,45,100.0,GREEN,3,3,15.0,RED,9,396,78.21704457872559,AMBER,3.91,9,67.62,BRONZE,2026-05-06 15:37:38.069817,prototype
DS_BEELINE_CONSO,Beeline Consolidated (FPA),EDLE_DW_DB.FPA_DATA.DT_BEELINE_CONSO,FPA,SILVER,2026-04-04,4ef05a10,0.0,RED,,,75,AMBER,Beeline,APM,96,GREEN,0,1,1,2026-03-26 20:00:00,93.99090300718558,GREEN,2026-04-03 19:40:24.420595,24,4.33,95.44217552502793,GREEN,"EmployeeID,CostCenter,ManagerID",EmployeeID,4.56,66.66666666666667,AMBER,24,16,35.36585365853659,RED,82,29,100.0,GREEN,3,3,10.0,RED,6,278,65.25486004779313,AMBER,3.26,5,67.58,BRONZE,2026-05-06 15:37:38.071272,prototype
DS_BEELINE_CONSO,Beeline Consolidated (FPA),EDLE_DW_DB.FPA_DATA.DT_BEELINE_CONSO,FPA,SILVER,2026-04-05,473a4da0,0.0,RED,,,75,AMBER,Beeline,APM,86,GREEN,1,1,1,2026-04-02 04:00:00,98.14685124984841,GREEN,2026-04-04 22:39:56.638440,24,1.33,95.08979924991255,GREEN,"EmployeeID,CostCenter,ManagerID",EmployeeID,4.91,62.5,AMBER,24,15,33.75,RED,160,54,100.0,GREEN,3,3,8.333333333333334,RED,5,168,76.59555267132842,AMBER,3.83,7,66.64,BRONZE,2026-05-06 15:37:38.072731,prototype
DS_BEELINE_CONSO,Beeline Consolidated (FPA),EDLE_DW_DB.FPA_DATA.DT_BEELINE_CONSO,FPA,SILVER,2026-04-06,6fcdebeb,0.0,RED,,,75,AMBER,Beeline,APM,79,AMBER,2,0,1,2026-04-04 14:00:00,98.2778263878574,GREEN,2026-04-05 22:45:36.125997,24,1.24,93.01669028800039,GREEN,"EmployeeID,CostCenter,ManagerID",ManagerID,6.98,62.5,AMBER,24,15,35.08771929824562,RED,171,60,100.0,GREEN,3,3,8.333333333333334,RED,5,224,63.865246668837486,AMBER,3.19,9,65.12,BRONZE,2026-05-06 15:37:38.074186,prototype
DS_BEELINE_CONSO,Beeline Consolidated (FPA),EDLE_DW_DB.FPA_DATA.DT_BEELINE_CONSO,FPA,SILVER,2026-04-07,793c607b,0.0,RED,,,75,AMBER,Beeline,APM,96,GREEN,0,0,4,2026-04-03 20:00:00,97.1376311730429,GREEN,2026-04-06 21:56:20.740001,24,2.06,97.87449114934971,GREEN,"EmployeeID,CostCenter,ManagerID",ManagerID,2.13,58.333333333333336,RED,24,14,34.54545454545455,RED,110,38,100.0,GREEN,3,3,11.666666666666666,RED,7,256,72.8465994717843,AMBER,3.64,4,67.7,BRONZE,2026-05-06 15:37:38.075654,prototype
DS_BEELINE_CONSO,Beeline Consolidated (FPA),EDLE_DW_DB.FPA_DATA.DT_BEELINE_CONSO,FPA,SILVER,2026-04-08,be6466b6,0.0,RED,,,75,AMBER,Beeline,APM,92,GREEN,0,2,2,2026-04-06 02:00:00,96.20251886059098,GREEN,2026-04-07 21:15:56.928887,24,2.73,94.71692147971513,GREEN,"EmployeeID,CostCenter,ManagerID",CostCenter,5.28,62.5,AMBER,24,15,32.89473684210526,RED,76,25,100.0,GREEN,3,3,26.666666666666668,RED,16,647,78.34648815422955,AMBER,3.92,7,68.13,BRONZE,2026-05-06 15:37:38.077123,prototype
DS_BEELINE_CONSO,Beeline Consolidated (FPA),EDLE_DW_DB.FPA_DATA.DT_BEELINE_CONSO,FPA,SILVER,2026-04-09,87b84e77,0.0,RED,,,75,AMBER,Beeline,APM,93,GREEN,0,2,1,2026-04-04 20:00:00,97.45340103321062,GREEN,2026-04-08 22:09:59.215478,24,1.83,96.02689963765306,GREEN,"EmployeeID,CostCenter,ManagerID",ManagerID,3.97,75.0,AMBER,24,18,34.05797101449275,RED,138,47,100.0,GREEN,3,3,25.0,RED,15,601,77.09187262847018,AMBER,3.85,7,70.06,SILVER,2026-05-06 15:37:38.078648,prototype
DS_BEELINE_CONSO,Beeline Consolidated (FPA),EDLE_DW_DB.FPA_DATA.DT_BEELINE_CONSO,FPA,SILVER,2026-04-10,24028ff9,0.0,RED,,,75,AMBER,Beeline,APM,93,GREEN,0,2,1,2026-04-03 12:00:00,90.18179073072692,GREEN,2026-04-09 16:55:51.201574,24,7.07,93.02441435558245,GREEN,"EmployeeID,CostCenter,ManagerID",EmployeeID,6.98,66.66666666666667,AMBER,24,16,39.80582524271845,RED,103,41,100.0,GREEN,3,3,0.0,RED,0,18,71.13037944834063,AMBER,3.56,9,66.34,BRONZE,2026-05-06 15:37:38.080090,prototype
DS_BEELINE_CONSO,Beeline Consolidated (FPA),EDLE_DW_DB.FPA_DATA.DT_BEELINE_CONSO,FPA,SILVER,2026-04-11,8b0743aa,0.0,RED,,,75,AMBER,Beeline,APM,90,GREEN,0,2,4,2026-04-04 12:00:00,94.02001103845896,GREEN,2026-04-10 19:41:39.868612,24,4.31,94.33655851300485,GREEN,"EmployeeID,CostCenter,ManagerID",ManagerID,5.66,66.66666666666667,AMBER,24,16,36.320754716981135,RED,212,77,100.0,GREEN,3,3,11.666666666666666,RED,7,238,77.25408473844654,AMBER,3.86,8,67.37,BRONZE,2026-05-06 15:37:38.081546,prototype
DS_BEELINE_CONSO,Beeline Consolidated (FPA),EDLE_DW_DB.FPA_DATA.DT_BEELINE_CONSO,FPA,SILVER,2026-04-12,9f5b395a,0.0,RED,,,75,AMBER,Beeline,APM,80,GREEN,1,1,7,2026-04-05 12:00:00,95.64546653971858,GREEN,2026-04-11 20:51:53.049271,24,3.14,94.01229747847059,GREEN,"EmployeeID,CostCenter,ManagerID",EmployeeID,5.99,70.83333333333333,AMBER,24,17,29.213483146067414,RED,89,26,100.0,GREEN,3,3,0.0,RED,0,45,77.68668295061084,AMBER,3.88,9,65.6,BRONZE,2026-05-06 15:37:38.083001,prototype
DS_BEELINE_CONSO,Beeline Consolidated (FPA),EDLE_DW_DB.FPA_DATA.DT_BEELINE_CONSO,FPA,SILVER,2026-04-13,1ba77826,0.0,RED,,,75,AMBER,Beeline,APM,99,GREEN,0,0,1,2026-04-07 14:00:00,100.0,GREEN,2026-04-13 00:00:00.000000,24,0.0,95.3644336960943,GREEN,"EmployeeID,CostCenter,ManagerID",EmployeeID,4.64,58.333333333333336,RED,24,14,34.09090909090909,RED,176,60,100.0,GREEN,3,3,8.333333333333334,RED,5,237,65.38900841470516,AMBER,3.27,7,67.57,BRONZE,2026-05-06 15:37:38.084554,prototype
DS_BEELINE_CONSO,Beeline Consolidated (FPA),EDLE_DW_DB.FPA_DATA.DT_BEELINE_CONSO,FPA,SILVER,2026-04-14,fb75ab6d,0.0,RED,,,75,AMBER,Beeline,APM,85,GREEN,1,1,2,2026-04-10 13:00:00,92.85713765950106,GREEN,2026-04-13 18:51:25.700813,24,5.14,92.92217137375569,GREEN,"EmployeeID,CostCenter,ManagerID",EmployeeID,7.08,66.66666666666667,AMBER,24,16,30.357142857142858,RED,56,17,100.0,GREEN,3,3,16.666666666666668,RED,10,311,68.84953043819671,AMBER,3.44,10,65.89,BRONZE,2026-05-06 15:37:38.085950,prototype
DS_BEELINE_CONSO,Beeline Consolidated (FPA),EDLE_DW_DB.FPA_DATA.DT_BEELINE_CONSO,FPA,SILVER,2026-04-15,a7ecd6e6,0.0,RED,,,75,AMBER,Beeline,APM,80,GREEN,1,2,4,2026-04-11 11:00:00,88.64707749688554,GREEN,2026-04-14 15:49:33.224872,24,8.17,95.72833607836276,GREEN,"EmployeeID,CostCenter,ManagerID",CostCenter,4.27,62.5,AMBER,24,15,35.294117647058826,RED,68,24,100.0,GREEN,3,3,13.333333333333334,RED,8,329,75.70293400630038,AMBER,3.79,5,65.06,BRONZE,2026-05-06 15:37:38.087322,prototype
DS_BEELINE_CONSO,Beeline Consolidated (FPA),EDLE_DW_DB.FPA_DATA.DT_BEELINE_CONSO,FPA,SILVER,2026-04-16,9201ae9b,0.0,RED,,,75,AMBER,Beeline,APM,86,GREEN,1,0,4,2026-04-11 04:00:00,89.74113492904024,GREEN,2026-04-15 16:36:49.021736,24,7.39,93.42822196805167,GREEN,"EmployeeID,CostCenter,ManagerID",ManagerID,6.57,70.83333333333333,AMBER,24,17,26.31578947368421,RED,57,15,100.0,GREEN,3,3,6.666666666666667,RED,4,122,78.82674645173596,AMBER,3.94,7,65.62,BRONZE,2026-05-06 15:37:38.088806,prototype
DS_BEELINE_CONSO,Beeline Consolidated (FPA),EDLE_DW_DB.FPA_DATA.DT_BEELINE_CONSO,FPA,SILVER,2026-04-17,f350d70e,0.0,RED,,,75,AMBER,Beeline,APM,96,GREEN,0,1,1,2026-04-12 20:00:00,92.92214793257371,GREEN,2026-04-16 18:54:14.207441,24,5.1,90.97631810833005,GREEN,"EmployeeID,CostCenter,ManagerID",EmployeeID,9.02,58.333333333333336,RED,24,14,32.85024154589372,RED,207,68,100.0,GREEN,3,3,26.666666666666668,RED,16,673,71.6514773141644,AMBER,3.58,5,66.86,BRONZE,2026-05-06 15:37:38.090159,prototype
DS_BEELINE_CONSO,Beeline Consolidated (FPA),EDLE_DW_DB.FPA_DATA.DT_BEELINE_CONSO,FPA,SILVER,2026-04-18,1b3c23ab,0.0,RED,,,75,AMBER,Beeline,APM,97,GREEN,0,1,0,2026-04-15 18:00:00,97.78380500453203,GREEN,2026-04-17 22:24:15.622572,24,1.6,94.94469456641049,GREEN,"EmployeeID,CostCenter,ManagerID",EmployeeID,5.06,62.5,AMBER,24,15,37.096774193548384,RED,124,46,100.0,GREEN,3,3,6.666666666666667,RED,4,106,75.4632693163929,AMBER,3.77,9,68.01,BRONZE,2026-05-06 15:37:38.091565,prototype
DS_BEELINE_CONSO,Beeline Consolidated (FPA),EDLE_DW_DB.FPA_DATA.DT_BEELINE_CONSO,FPA,SILVER,2026-04-19,2f222259,0.0,RED,,,75,AMBER,Beeline,APM,90,GREEN,0,2,4,2026-04-13 23:00:00,94.07651922092661,GREEN,2026-04-18 19:44:06.337821,24,4.26,93.3070668540858,GREEN,"EmployeeID,CostCenter,ManagerID",EmployeeID,6.69,58.333333333333336,RED,24,14,33.333333333333336,RED,66,22,100.0,GREEN,3,3,26.666666666666668,RED,16,628,81.28750959878187,GREEN,4.06,8,67.05,BRONZE,2026-05-06 15:37:38.093027,prototype
DS_BEELINE_CONSO,Beeline Consolidated (FPA),EDLE_DW_DB.FPA_DATA.DT_BEELINE_CONSO,FPA,SILVER,2026-04-20,84843c0f,0.0,RED,,,75,AMBER,Beeline,APM,87,GREEN,0,4,1,2026-04-16 01:00:00,93.45351354596936,GREEN,2026-04-19 19:17:11.507111,24,4.71,95.92320371837566,GREEN,"EmployeeID,CostCenter,ManagerID",ManagerID,4.08,66.66666666666667,AMBER,24,16,35.51401869158879,RED,107,38,100.0,GREEN,3,3,28.333333333333332,RED,17,678,54.1670885441158,RED,2.71,8,67.16,BRONZE,2026-05-06 15:37:38.094406,prototype
DS_BEELINE_CONSO,Beeline Consolidated (FPA),EDLE_DW_DB.FPA_DATA.DT_BEELINE_CONSO,FPA,SILVER,2026-04-21,478eb6bc,0.0,RED,,,75,AMBER,Beeline,APM,91,GREEN,0,2,3,2026-04-19 02:00:00,94.94182147778206,GREEN,2026-04-20 20:21:29.201270,24,3.64,93.93304723537078,GREEN,"EmployeeID,CostCenter,ManagerID",CostCenter,6.07,50.0,RED,24,12,32.075471698113205,RED,53,17,100.0,GREEN,3,3,5.0,RED,3,123,76.49775587245537,AMBER,3.82,5,64.79,BRONZE,2026-05-06 15:37:38.095769,prototype
DS_BEELINE_CONSO,Beeline Consolidated (FPA),EDLE_DW_DB.FPA_DATA.DT_BEELINE_CONSO,FPA,SILVER,2026-04-22,ed12c3e4,0.0,RED,,,75,AMBER,Beeline,APM,82,GREEN,1,2,2,2026-04-18 05:00:00,93.07529851835923,GREEN,2026-04-21 19:00:51.173760,24,4.99,92.04176894967154,GREEN,"EmployeeID,CostCenter,ManagerID",EmployeeID,7.96,70.83333333333333,AMBER,24,17,37.423312883435585,RED,163,61,100.0,GREEN,3,3,16.666666666666668,RED,10,442,88.46396710526133,GREEN,4.42,9,67.29,BRONZE,2026-05-06 15:37:38.097134,prototype
DS_BEELINE_CONSO,Beeline Consolidated (FPA),EDLE_DW_DB.FPA_DATA.DT_BEELINE_CONSO,FPA,SILVER,2026-04-23,b98bd394,0.0,RED,,,75,AMBER,Beeline,APM,84,GREEN,1,1,3,2026-04-18 09:00:00,94.70117965745504,GREEN,2026-04-22 20:11:05.457672,24,3.82,97.19907134977896,GREEN,"EmployeeID,CostCenter,ManagerID",ManagerID,2.8,75.0,AMBER,24,18,32.55813953488372,RED,43,14,100.0,GREEN,3,3,35.0,RED,21,805,79.62292981338483,AMBER,3.98,7,69.34,BRONZE,2026-05-06 15:37:38.098524,prototype
DS_BEELINE_CONSO,Beeline Consolidated (FPA),EDLE_DW_DB.FPA_DATA.DT_BEELINE_CONSO,FPA,SILVER,2026-04-24,56dfe6da,0.0,RED,,,75,AMBER,Beeline,APM,91,GREEN,0,2,3,2026-04-21 02:00:00,97.54848553140857,GREEN,2026-04-23 22:14:05.674497,24,1.77,97.18908669844518,GREEN,"EmployeeID,CostCenter,ManagerID",EmployeeID,2.81,62.5,AMBER,24,15,31.632653061224488,RED,98,31,100.0,GREEN,3,3,26.666666666666668,RED,16,629,71.88369384159911,AMBER,3.59,7,68.19,BRONZE,2026-05-06 15:37:38.099946,prototype
DS_BEELINE_CONSO,Beeline Consolidated (FPA),EDLE_DW_DB.FPA_DATA.DT_BEELINE_CONSO,FPA,SILVER,2026-04-25,14487d66,0.0,RED,,,75,AMBER,Beeline,APM,84,GREEN,1,1,3,2026-04-23 01:00:00,94.87126957540171,GREEN,2026-04-24 20:18:26.330739,24,3.69,91.90256365133749,GREEN,"EmployeeID,CostCenter,ManagerID",ManagerID,8.1,58.333333333333336,RED,24,14,32.967032967032964,RED,182,60,100.0,GREEN,3,3,18.333333333333332,RED,11,427,69.02636069284365,AMBER,3.45,5,65.23,BRONZE,2026-05-06 15:37:38.101552,prototype
DS_BEELINE_CONSO,Beeline Consolidated (FPA),EDLE_DW_DB.FPA_DATA.DT_BEELINE_CONSO,FPA,SILVER,2026-04-26,6df5dede,0.0,RED,,,75,AMBER,Beeline,APM,87,GREEN,1,0,3,2026-04-24 21:00:00,92.83098244158292,GREEN,2026-04-25 18:50:17.906489,24,5.16,93.93837575362453,GREEN,"EmployeeID,CostCenter,ManagerID",CostCenter,6.06,66.66666666666667,AMBER,24,16,34.31372549019608,RED,204,70,100.0,GREEN,3,3,28.333333333333332,RED,17,639,76.31871487689529,AMBER,3.82,13,67.59,BRONZE,2026-05-06 15:37:38.102992,prototype
DS_BEELINE_CONSO,Beeline Consolidated (FPA),EDLE_DW_DB.FPA_DATA.DT_BEELINE_CONSO,FPA,SILVER,2026-04-27,4609aeaa,0.0,RED,,,75,AMBER,Beeline,APM,93,GREEN,0,2,1,2026-04-19 18:00:00,97.8014861866557,GREEN,2026-04-26 22:25:01.452196,24,1.58,92.63751110139926,GREEN,"EmployeeID,CostCenter,ManagerID",CostCenter,7.36,66.66666666666667,AMBER,24,16,32.926829268292686,RED,164,54,100.0,GREEN,3,3,30.0,RED,18,769,75.16275132439182,AMBER,3.76,4,68.76,BRONZE,2026-05-06 15:37:38.104365,prototype
DS_BEELINE_CONSO,Beeline Consolidated (FPA),EDLE_DW_DB.FPA_DATA.DT_BEELINE_CONSO,FPA,SILVER,2026-04-28,f1762c93,0.0,RED,,,75,AMBER,Beeline,APM,100,GREEN,0,0,0,2026-04-22 14:00:00,96.44719779758374,GREEN,2026-04-27 21:26:31.136691,24,2.56,97.27343188929636,GREEN,"EmployeeID,CostCenter,ManagerID",EmployeeID,2.73,54.166666666666664,RED,24,13,42.5,RED,40,17,100.0,GREEN,3,3,3.3333333333333335,RED,2,177,70.97387812770911,AMBER,3.55,9,67.56,BRONZE,2026-05-06 15:37:38.105741,prototype
DS_BEELINE_CONSO,Beeline Consolidated (FPA),EDLE_DW_DB.FPA_DATA.DT_BEELINE_CONSO,FPA,SILVER,2026-04-29,325f9c01,0.0,RED,,,75,AMBER,Beeline,APM,100,GREEN,0,0,0,2026-04-27 08:00:00,96.02028732907338,GREEN,2026-04-28 21:08:04.584757,24,2.87,97.84925456737561,GREEN,"EmployeeID,CostCenter,ManagerID",EmployeeID,2.15,79.16666666666667,AMBER,24,19,31.914893617021278,RED,141,45,100.0,GREEN,3,3,26.666666666666668,RED,16,642,80.73597855398,GREEN,4.04,7,71.52,SILVER,2026-05-06 15:37:38.107143,prototype
DS_BEELINE_CONSO,Beeline Consolidated (FPA),EDLE_DW_DB.FPA_DATA.DT_BEELINE_CONSO,FPA,SILVER,2026-04-30,8883dae6,0.0,RED,,,75,AMBER,Beeline,APM,80,GREEN,1,3,1,2026-04-23 18:00:00,92.32194360587035,GREEN,2026-04-29 18:28:18.477826,24,5.53,94.5191353801371,GREEN,"EmployeeID,CostCenter,ManagerID",EmployeeID,5.48,79.16666666666667,AMBER,24,19,34.21052631578947,RED,152,52,100.0,GREEN,3,3,3.3333333333333335,RED,2,9,88.7726050098992,GREEN,4.44,7,67.25,BRONZE,2026-05-06 15:37:38.108640,prototype
DS_BEELINE_CONSO,Beeline Consolidated (FPA),EDLE_DW_DB.FPA_DATA.DT_BEELINE_CONSO,FPA,SILVER,2026-05-01,3e99a8b2,0.0,RED,,,75,AMBER,Beeline,APM,94,GREEN,0,1,3,2026-04-28 04:00:00,94.97037609129173,GREEN,2026-04-30 20:22:43.214829,24,3.62,98.17879216305268,GREEN,"EmployeeID,CostCenter,ManagerID",ManagerID,1.82,75.0,AMBER,24,18,35.869565217391305,RED,184,66,100.0,GREEN,3,3,10.0,RED,6,224,83.99796586469776,GREEN,4.2,11,69.65,BRONZE,2026-05-06 15:37:38.110005,prototype
DS_BEELINE_CONSO,Beeline Consolidated (FPA),EDLE_DW_DB.FPA_DATA.DT_BEELINE_CONSO,FPA,SILVER,2026-05-02,9027c882,0.0,RED,,,75,AMBER,Beeline,APM,96,GREEN,0,1,1,2026-04-27 01:00:00,100.0,GREEN,2026-05-02 00:00:00.000000,24,0.0,95.52901975088662,GREEN,"EmployeeID,CostCenter,ManagerID",ManagerID,4.47,62.5,AMBER,24,15,34.78260869565217,RED,207,72,100.0,GREEN,3,3,13.333333333333334,RED,8,320,73.10829305300048,AMBER,3.66,6,68.4,BRONZE,2026-05-06 15:37:38.111407,prototype
DS_BEELINE_CONSO,Beeline Consolidated (FPA),EDLE_DW_DB.FPA_DATA.DT_BEELINE_CONSO,FPA,SILVER,2026-05-03,9ee40386,0.0,RED,,,75,AMBER,Beeline,APM,89,GREEN,0,3,2,2026-05-02 12:00:00,89.5969962492444,GREEN,2026-05-02 16:30:35.414278,24,7.49,94.7968336530471,GREEN,"EmployeeID,CostCenter,ManagerID",EmployeeID,5.2,58.333333333333336,RED,24,14,29.545454545454547,RED,44,13,100.0,GREEN,3,3,8.333333333333334,RED,5,93,62.56453153803307,AMBER,3.13,7,64.36,BRONZE,2026-05-06 15:37:38.112785,prototype
DS_BEELINE_CONSO,Beeline Consolidated (FPA),EDLE_DW_DB.FPA_DATA.DT_BEELINE_CONSO,FPA,SILVER,2026-05-04,b8a294b1,0.0,RED,,,75,AMBER,Beeline,APM,91,GREEN,0,3,0,2026-05-03 02:00:00,94.74388502956316,GREEN,2026-05-03 20:12:56.149997,24,3.78,94.1406956943511,GREEN,"EmployeeID,CostCenter,ManagerID",CostCenter,5.86,70.83333333333333,AMBER,24,17,35.374149659863946,RED,147,52,100.0,GREEN,3,3,10.0,RED,6,208,73.24256611719143,AMBER,3.66,7,67.72,BRONZE,2026-05-06 15:37:38.114141,prototype
DS_BEELINE_CONSO,Beeline Consolidated (FPA),EDLE_DW_DB.FPA_DATA.DT_BEELINE_CONSO,FPA,SILVER,2026-05-05,249db850,0.0,RED,,,75,AMBER,Beeline,APM,98,GREEN,0,0,2,2026-04-30 08:00:00,95.54826861204907,GREEN,2026-05-04 20:47:41.112242,24,3.21,95.16944109190355,GREEN,"EmployeeID,CostCenter,ManagerID",CostCenter,4.83,75.0,AMBER,24,18,35.0,RED,200,70,100.0,GREEN,3,3,25.0,RED,15,636,71.11086391086411,AMBER,3.56,11,70.1,SILVER,2026-05-06 15:37:38.115525,prototype
DS_BEELINE_CONSO,Beeline Consolidated (FPA),EDLE_DW_DB.FPA_DATA.DT_BEELINE_CONSO,FPA,SILVER,2026-05-06,e72ed476,0.0,RED,,,75,AMBER,Beeline,APM,83,GREEN,1,2,1,2026-04-30 11:00:00,93.17874726847317,GREEN,2026-05-05 19:05:19.312920,24,4.91,97.20018120840459,GREEN,"EmployeeID,CostCenter,ManagerID",ManagerID,2.8,62.5,AMBER,24,15,23.728813559322035,RED,59,14,100.0,GREEN,3,3,18.333333333333332,RED,11,468,83.30220464746772,GREEN,4.17,5,65.94,BRONZE,2026-05-06 15:37:38.116889,prototype
DS_BEELINE_WORKER,Beeline WBD Worker (FPA),EDLE_PUBL_DB.FPA_DATA.STG_BEELINE_WBD_WORKER,FPA,VIEW,2026-02-05,8ba51c4d,0.0,RED,,,75,AMBER,Beeline,APM,99,GREEN,0,0,1,2026-02-02 03:00:00,93.15609899166269,GREEN,2026-02-04 19:04:20.608586,24,4.93,0.0,RED,"EmployeeID,CostCenter,ManagerID",ManagerID,100.0,62.5,AMBER,24,15,35.77235772357724,RED,123,44,66.66666666666667,AMBER,3,2,50.0,RED,30,1145,86.41364928878045,GREEN,4.32,13,54.57,BRONZE,2026-05-06 15:37:38.118436,prototype
DS_BEELINE_WORKER,Beeline WBD Worker (FPA),EDLE_PUBL_DB.FPA_DATA.STG_BEELINE_WBD_WORKER,FPA,VIEW,2026-02-06,3bdbf5a4,0.0,RED,,,75,AMBER,Beeline,APM,93,GREEN,0,1,4,2026-02-04 08:00:00,98.10852128496633,GREEN,2026-02-05 22:38:17.287171,24,1.36,0.0,RED,"EmployeeID,CostCenter,ManagerID",ManagerID,100.0,75.0,AMBER,24,18,34.57943925233645,RED,214,74,66.66666666666667,AMBER,3,2,58.333333333333336,RED,35,1330,73.90082594180535,AMBER,3.7,11,55.95,BRONZE,2026-05-06 15:37:38.119861,prototype
DS_BEELINE_WORKER,Beeline WBD Worker (FPA),EDLE_PUBL_DB.FPA_DATA.STG_BEELINE_WBD_WORKER,FPA,VIEW,2026-02-07,a7a1ea7b,0.0,RED,,,75,AMBER,Beeline,APM,95,GREEN,0,1,2,2026-01-31 15:00:00,92.1711761494335,GREEN,2026-02-06 18:21:47.688579,24,5.64,0.0,RED,"EmployeeID,CostCenter,ManagerID",ManagerID,100.0,58.333333333333336,RED,24,14,35.05154639175258,RED,97,34,66.66666666666667,AMBER,3,2,60.0,AMBER,36,1373,80.4274675495539,GREEN,4.02,7,53.76,BRONZE,2026-05-06 15:37:38.121246,prototype
DS_BEELINE_WORKER,Beeline WBD Worker (FPA),EDLE_PUBL_DB.FPA_DATA.STG_BEELINE_WBD_WORKER,FPA,VIEW,2026-02-08,7913c048,0.0,RED,,,75,AMBER,Beeline,APM,97,GREEN,0,1,0,2026-01-31 10:00:00,99.42991610268024,GREEN,2026-02-07 23:35:22.342538,24,0.41,0.0,RED,"EmployeeID,CostCenter,ManagerID",ManagerID,100.0,66.66666666666667,AMBER,24,16,32.6530612244898,RED,196,64,66.66666666666667,AMBER,3,2,66.66666666666667,AMBER,40,1579,84.48880157546711,GREEN,4.22,13,56.39,BRONZE,2026-05-06 15:37:38.122622,prototype
DS_BEELINE_WORKER,Beeline WBD Worker (FPA),EDLE_PUBL_DB.FPA_DATA.STG_BEELINE_WBD_WORKER,FPA,VIEW,2026-02-09,7d74025e,0.0,RED,,,75,AMBER,Beeline,APM,98,GREEN,0,0,2,2026-02-02 01:00:00,95.93067491839093,GREEN,2026-02-08 21:04:12.309388,24,2.93,0.0,RED,"EmployeeID,CostCenter,ManagerID",ManagerID,100.0,70.83333333333333,AMBER,24,17,34.93975903614458,RED,83,29,66.66666666666667,AMBER,3,2,55.0,RED,33,1338,70.9293841128433,AMBER,3.55,9,55.46,BRONZE,2026-05-06 15:37:38.124103,prototype
DS_BEELINE_WORKER,Beeline WBD Worker (FPA),EDLE_PUBL_DB.FPA_DATA.STG_BEELINE_WBD_WORKER,FPA,VIEW,2026-02-10,91b83703,0.0,RED,,,75,AMBER,Beeline,APM,91,GREEN,0,1,6,2026-02-09 04:00:00,94.55037998520515,GREEN,2026-02-09 20:04:34.584922,24,3.92,0.0,RED,"EmployeeID,CostCenter,ManagerID",ManagerID,100.0,83.33333333333333,GREEN,24,20,25.49019607843137,RED,51,13,66.66666666666667,AMBER,3,2,41.666666666666664,RED,25,960,86.20099675046923,GREEN,4.31,6,54.98,BRONZE,2026-05-06 15:37:38.125471,prototype
DS_BEELINE_WORKER,Beeline WBD Worker (FPA),EDLE_PUBL_DB.FPA_DATA.STG_BEELINE_WBD_WORKER,FPA,VIEW,2026-02-11,67f130e0,0.0,RED,,,75,AMBER,Beeline,APM,88,GREEN,1,0,2,2026-02-03 11:00:00,95.7636785745127,GREEN,2026-02-10 20:56:59.454865,24,3.05,0.0,RED,"EmployeeID,CostCenter,ManagerID",ManagerID,100.0,79.16666666666667,AMBER,24,19,34.93975903614458,RED,83,29,66.66666666666667,AMBER,3,2,48.333333333333336,RED,29,1069,83.57243356433757,GREEN,4.18,11,55.34,BRONZE,2026-05-06 15:37:38.126847,prototype
DS_BEELINE_WORKER,Beeline WBD Worker (FPA),EDLE_PUBL_DB.FPA_DATA.STG_BEELINE_WBD_WORKER,FPA,VIEW,2026-02-12,1ec36c1d,0.0,RED,,,75,AMBER,Beeline,APM,95,GREEN,0,1,2,2026-02-10 07:00:00,99.22046781442839,GREEN,2026-02-11 23:26:19.452575,24,0.56,0.0,RED,"EmployeeID,CostCenter,ManagerID",ManagerID,100.0,75.0,AMBER,24,18,36.55913978494624,RED,93,34,66.66666666666667,AMBER,3,2,58.333333333333336,RED,35,1454,76.65819788094454,AMBER,3.83,6,56.62,BRONZE,2026-05-06 15:37:38.128196,prototype
DS_BEELINE_WORKER,Beeline WBD Worker (FPA),EDLE_PUBL_DB.FPA_DATA.STG_BEELINE_WBD_WORKER,FPA,VIEW,2026-02-13,af1b7974,0.0,RED,,,75,AMBER,Beeline,APM,96,GREEN,0,1,1,2026-02-05 22:00:00,86.90892698874276,GREEN,2026-02-12 14:34:27.938755,24,9.43,0.0,RED,"EmployeeID,CostCenter,ManagerID",ManagerID,100.0,62.5,AMBER,24,15,40.25974025974026,RED,77,31,66.66666666666667,AMBER,3,2,50.0,RED,30,1200,83.11033801268373,GREEN,4.16,8,53.57,BRONZE,2026-05-06 15:37:38.129553,prototype
DS_BEELINE_WORKER,Beeline WBD Worker (FPA),EDLE_PUBL_DB.FPA_DATA.STG_BEELINE_WBD_WORKER,FPA,VIEW,2026-02-14,c6d30d44,0.0,RED,,,75,AMBER,Beeline,APM,97,GREEN,0,1,0,2026-02-13 03:00:00,90.5558101269607,GREEN,2026-02-13 17:12:00.659849,24,6.8,0.0,RED,"EmployeeID,CostCenter,ManagerID",ManagerID,100.0,66.66666666666667,AMBER,24,16,32.83582089552239,RED,134,44,66.66666666666667,AMBER,3,2,76.66666666666667,AMBER,46,1789,80.82670884826379,GREEN,4.04,7,55.61,BRONZE,2026-05-06 15:37:38.130902,prototype
DS_BEELINE_WORKER,Beeline WBD Worker (FPA),EDLE_PUBL_DB.FPA_DATA.STG_BEELINE_WBD_WORKER,FPA,VIEW,2026-02-15,611c7432,0.0,RED,,,75,AMBER,Beeline,APM,97,GREEN,0,0,3,2026-02-08 14:00:00,95.13364650329808,GREEN,2026-02-14 20:29:46.411737,24,3.5,0.0,RED,"EmployeeID,CostCenter,ManagerID",ManagerID,100.0,62.5,AMBER,24,15,30.18867924528302,RED,106,32,66.66666666666667,AMBER,3,2,50.0,RED,30,1229,70.55890551130034,AMBER,3.53,7,53.53,BRONZE,2026-05-06 15:37:38.132301,prototype
DS_BEELINE_WORKER,Beeline WBD Worker (FPA),EDLE_PUBL_DB.FPA_DATA.STG_BEELINE_WBD_WORKER,FPA,VIEW,2026-02-16,13ae8f26,0.0,RED,,,75,AMBER,Beeline,APM,92,GREEN,0,2,2,2026-02-15 22:00:00,91.723922283886,GREEN,2026-02-15 18:02:28.406560,24,5.96,0.0,RED,"EmployeeID,CostCenter,ManagerID",ManagerID,100.0,66.66666666666667,AMBER,24,16,31.147540983606557,RED,122,38,66.66666666666667,AMBER,3,2,71.66666666666667,AMBER,43,1757,75.86532950115074,AMBER,3.79,6,54.54,BRONZE,2026-05-06 15:37:38.133851,prototype
DS_BEELINE_WORKER,Beeline WBD Worker (FPA),EDLE_PUBL_DB.FPA_DATA.STG_BEELINE_WBD_WORKER,FPA,VIEW,2026-02-17,4c27e7aa,0.0,RED,,,75,AMBER,Beeline,APM,80,GREEN,1,2,4,2026-02-11 16:00:00,97.80062093308311,GREEN,2026-02-16 22:24:59.209459,24,1.58,0.0,RED,"EmployeeID,CostCenter,ManagerID",ManagerID,100.0,79.16666666666667,AMBER,24,19,34.61538461538461,RED,52,18,66.66666666666667,AMBER,3,2,53.333333333333336,RED,32,1273,88.63776360892174,GREEN,4.43,10,55.14,BRONZE,2026-05-06 15:37:38.135262,prototype
DS_BEELINE_WORKER,Beeline WBD Worker (FPA),EDLE_PUBL_DB.FPA_DATA.STG_BEELINE_WBD_WORKER,FPA,VIEW,2026-02-18,28c8bd67,0.0,RED,,,75,AMBER,Beeline,APM,90,GREEN,0,2,4,2026-02-11 09:00:00,97.63196498309766,GREEN,2026-02-17 22:17:42.053236,24,1.7,0.0,RED,"EmployeeID,CostCenter,ManagerID",ManagerID,100.0,79.16666666666667,AMBER,24,19,31.914893617021278,RED,47,15,66.66666666666667,AMBER,3,2,51.666666666666664,RED,31,1096,87.9149160031117,GREEN,4.4,5,55.97,BRONZE,2026-05-06 15:37:38.136773,prototype
DS_BEELINE_WORKER,Beeline WBD Worker (FPA),EDLE_PUBL_DB.FPA_DATA.STG_BEELINE_WBD_WORKER,FPA,VIEW,2026-02-19,56a9978c,0.0,RED,,,75,AMBER,Beeline,APM,87,GREEN,1,0,3,2026-02-10 20:00:00,95.97523658257076,GREEN,2026-02-18 21:06:07.813222,24,2.9,0.0,RED,"EmployeeID,CostCenter,ManagerID",ManagerID,100.0,70.83333333333333,AMBER,24,17,33.673469387755105,RED,196,66,66.66666666666667,AMBER,3,2,38.333333333333336,RED,23,963,75.85219282860257,AMBER,3.79,10,53.24,BRONZE,2026-05-06 15:37:38.138191,prototype
DS_BEELINE_WORKER,Beeline WBD Worker (FPA),EDLE_PUBL_DB.FPA_DATA.STG_BEELINE_WBD_WORKER,FPA,VIEW,2026-02-20,9d7af0e5,0.0,RED,,,75,AMBER,Beeline,APM,88,GREEN,1,0,2,2026-02-19 07:00:00,99.74103518744384,GREEN,2026-02-19 23:48:48.763206,24,0.19,0.0,RED,"EmployeeID,CostCenter,ManagerID",ManagerID,100.0,83.33333333333333,GREEN,24,20,34.92063492063492,RED,63,22,66.66666666666667,AMBER,3,2,68.33333333333333,AMBER,41,1634,64.01414374890491,AMBER,3.2,8,56.81,BRONZE,2026-05-06 15:37:38.139574,prototype
DS_BEELINE_WORKER,Beeline WBD Worker (FPA),EDLE_PUBL_DB.FPA_DATA.STG_BEELINE_WBD_WORKER,FPA,VIEW,2026-02-21,47467803,0.0,RED,,,75,AMBER,Beeline,APM,97,GREEN,0,0,3,2026-02-12 19:00:00,94.07042856067712,GREEN,2026-02-20 19:43:50.550829,24,4.27,0.0,RED,"EmployeeID,CostCenter,ManagerID",ManagerID,100.0,70.83333333333333,AMBER,24,17,36.666666666666664,RED,180,66,66.66666666666667,AMBER,3,2,56.666666666666664,RED,34,1320,61.643924607650014,AMBER,3.08,7,54.94,BRONZE,2026-05-06 15:37:38.141026,prototype
DS_BEELINE_WORKER,Beeline WBD Worker (FPA),EDLE_PUBL_DB.FPA_DATA.STG_BEELINE_WBD_WORKER,FPA,VIEW,2026-02-22,3ddf5ad0,0.0,RED,,,75,AMBER,Beeline,APM,98,GREEN,0,0,2,2026-02-13 19:00:00,98.38952260984453,GREEN,2026-02-21 22:50:25.642605,24,1.16,0.0,RED,"EmployeeID,CostCenter,ManagerID",ManagerID,100.0,66.66666666666667,AMBER,24,16,37.878787878787875,RED,132,50,66.66666666666667,AMBER,3,2,35.0,RED,21,797,89.69084341008923,GREEN,4.48,4,55.09,BRONZE,2026-05-06 15:37:38.142507,prototype
DS_BEELINE_WORKER,Beeline WBD Worker (FPA),EDLE_PUBL_DB.FPA_DATA.STG_BEELINE_WBD_WORKER,FPA,VIEW,2026-02-23,820c7ee1,0.0,RED,,,75,AMBER,Beeline,APM,89,GREEN,1,0,1,2026-02-22 20:00:00,98.1068213173653,GREEN,2026-02-22 22:38:12.880855,24,1.36,0.0,RED,"EmployeeID,CostCenter,ManagerID",ManagerID,100.0,66.66666666666667,AMBER,24,16,37.43016759776536,RED,179,67,66.66666666666667,AMBER,3,2,66.66666666666667,AMBER,40,1558,78.48113027727476,AMBER,3.92,7,55.38,BRONZE,2026-05-06 15:37:38.143965,prototype
DS_BEELINE_WORKER,Beeline WBD Worker (FPA),EDLE_PUBL_DB.FPA_DATA.STG_BEELINE_WBD_WORKER,FPA,VIEW,2026-02-24,825eb1bc,0.0,RED,,,75,AMBER,Beeline,APM,90,GREEN,0,3,1,2026-02-23 07:00:00,99.73550088583856,GREEN,2026-02-23 23:48:34.418296,24,0.19,0.0,RED,"EmployeeID,CostCenter,ManagerID",ManagerID,100.0,70.83333333333333,AMBER,24,17,36.13861386138614,RED,202,73,66.66666666666667,AMBER,3,2,66.66666666666667,AMBER,40,1587,64.01999356965652,AMBER,3.2,15,55.55,BRONZE,2026-05-06 15:37:38.145458,prototype
DS_BEELINE_WORKER,Beeline WBD Worker (FPA),EDLE_PUBL_DB.FPA_DATA.STG_BEELINE_WBD_WORKER,FPA,VIEW,2026-02-25,981c2bdc,0.0,RED,,,75,AMBER,Beeline,APM,94,GREEN,0,2,0,2026-02-24 13:00:00,100.0,GREEN,2026-02-25 00:00:00.000000,24,0.0,0.0,RED,"EmployeeID,CostCenter,ManagerID",ManagerID,100.0,75.0,AMBER,24,18,35.65217391304348,RED,115,41,66.66666666666667,AMBER,3,2,71.66666666666667,AMBER,43,1740,80.25882490054386,GREEN,4.01,10,57.48,BRONZE,2026-05-06 15:37:38.146929,prototype
DS_BEELINE_WORKER,Beeline WBD Worker (FPA),EDLE_PUBL_DB.FPA_DATA.STG_BEELINE_WBD_WORKER,FPA,VIEW,2026-02-26,fc308d41,0.0,RED,,,75,AMBER,Beeline,APM,94,GREEN,0,2,0,2026-02-23 19:00:00,90.30515646320696,GREEN,2026-02-25 17:01:10.965553,24,6.98,0.0,RED,"EmployeeID,CostCenter,ManagerID",ManagerID,100.0,70.83333333333333,AMBER,24,17,34.55497382198953,RED,191,66,66.66666666666667,AMBER,3,2,65.0,AMBER,39,1531,79.54091525737313,AMBER,3.98,5,55.1,BRONZE,2026-05-06 15:37:38.148424,prototype
DS_BEELINE_WORKER,Beeline WBD Worker (FPA),EDLE_PUBL_DB.FPA_DATA.STG_BEELINE_WBD_WORKER,FPA,VIEW,2026-02-27,095a32d0,0.0,RED,,,75,AMBER,Beeline,APM,97,GREEN,0,1,0,2026-02-26 18:00:00,97.15985667046907,GREEN,2026-02-26 21:57:18.348490,24,2.04,0.0,RED,"EmployeeID,CostCenter,ManagerID",ManagerID,100.0,70.83333333333333,AMBER,24,17,32.142857142857146,RED,140,45,66.66666666666667,AMBER,3,2,70.0,AMBER,42,1727,71.21761925504995,AMBER,3.56,13,56.2,BRONZE,2026-05-06 15:37:38.149919,prototype
DS_BEELINE_WORKER,Beeline WBD Worker (FPA),EDLE_PUBL_DB.FPA_DATA.STG_BEELINE_WBD_WORKER,FPA,VIEW,2026-02-28,1f502967,0.0,RED,,,75,AMBER,Beeline,APM,97,GREEN,0,1,0,2026-02-19 23:00:00,97.89814334212109,GREEN,2026-02-27 22:29:11.987543,24,1.51,0.0,RED,"EmployeeID,CostCenter,ManagerID",ManagerID,100.0,75.0,AMBER,24,18,32.098765432098766,RED,81,26,66.66666666666667,AMBER,3,2,53.333333333333336,RED,32,1254,79.75118551682445,AMBER,3.99,9,56.14,BRONZE,2026-05-06 15:37:38.151473,prototype
DS_BEELINE_WORKER,Beeline WBD Worker (FPA),EDLE_PUBL_DB.FPA_DATA.STG_BEELINE_WBD_WORKER,FPA,VIEW,2026-03-01,5437ad1e,0.0,RED,,,75,AMBER,Beeline,APM,96,GREEN,0,1,1,2026-02-28 21:00:00,93.94629346311145,GREEN,2026-02-28 19:38:28.792656,24,4.36,0.0,RED,"EmployeeID,CostCenter,ManagerID",ManagerID,100.0,83.33333333333333,GREEN,24,20,33.80281690140845,RED,142,48,66.66666666666667,AMBER,3,2,68.33333333333333,AMBER,41,1678,72.50369426816084,AMBER,3.63,7,57.21,BRONZE,2026-05-06 15:37:38.152872,prototype
DS_BEELINE_WORKER,Beeline WBD Worker (FPA),EDLE_PUBL_DB.FPA_DATA.STG_BEELINE_WBD_WORKER,FPA,VIEW,2026-03-02,b57ad781,0.0,RED,,,75,AMBER,Beeline,APM,80,GREEN,2,0,0,2026-02-22 00:00:00,96.78022730880258,GREEN,2026-03-01 21:40:54.349184,24,2.32,0.0,RED,"EmployeeID,CostCenter,ManagerID",ManagerID,100.0,62.5,AMBER,24,15,40.90909090909091,RED,88,36,66.66666666666667,AMBER,3,2,53.333333333333336,RED,32,1281,85.73825767403038,GREEN,4.29,12,53.38,BRONZE,2026-05-06 15:37:38.154235,prototype
DS_BEELINE_WORKER,Beeline WBD Worker (FPA),EDLE_PUBL_DB.FPA_DATA.STG_BEELINE_WBD_WORKER,FPA,VIEW,2026-03-03,4e5b901e,0.0,RED,,,75,AMBER,Beeline,APM,97,GREEN,0,0,3,2026-03-02 05:00:00,97.70547503031335,GREEN,2026-03-02 22:20:52.591279,24,1.65,0.0,RED,"EmployeeID,CostCenter,ManagerID",ManagerID,100.0,83.33333333333333,GREEN,24,20,33.17307692307692,RED,208,69,66.66666666666667,AMBER,3,2,60.0,AMBER,36,1344,68.14877067086829,AMBER,3.41,12,57.13,BRONZE,2026-05-06 15:37:38.155627,prototype
DS_BEELINE_WORKER,Beeline WBD Worker (FPA),EDLE_PUBL_DB.FPA_DATA.STG_BEELINE_WBD_WORKER,FPA,VIEW,2026-03-04,51c39d58,0.0,RED,,,75,AMBER,Beeline,APM,88,GREEN,0,3,3,2026-02-28 00:00:00,91.43472748158098,GREEN,2026-03-03 17:49:58.813632,24,6.17,0.0,RED,"EmployeeID,CostCenter,ManagerID",ManagerID,100.0,66.66666666666667,AMBER,24,16,31.088082901554404,RED,193,60,66.66666666666667,AMBER,3,2,41.666666666666664,RED,25,980,68.27241455427492,AMBER,3.41,12,51.91,BRONZE,2026-05-06 15:37:38.156997,prototype
DS_BEELINE_WORKER,Beeline WBD Worker (FPA),EDLE_PUBL_DB.FPA_DATA.STG_BEELINE_WBD_WORKER,FPA,VIEW,2026-03-05,7056a385,0.0,RED,,,75,AMBER,Beeline,APM,83,GREEN,1,1,4,2026-02-28 22:00:00,98.50845589389901,GREEN,2026-03-04 22:55:33.917677,24,1.07,0.0,RED,"EmployeeID,CostCenter,ManagerID",ManagerID,100.0,70.83333333333333,AMBER,24,17,34.54545454545455,RED,165,57,66.66666666666667,AMBER,3,2,53.333333333333336,RED,32,1261,71.73531689424975,AMBER,3.59,13,53.92,BRONZE,2026-05-06 15:37:38.158429,prototype
DS_BEELINE_WORKER,Beeline WBD Worker (FPA),EDLE_PUBL_DB.FPA_DATA.STG_BEELINE_WBD_WORKER,FPA,VIEW,2026-03-06,b244be61,0.0,RED,,,75,AMBER,Beeline,APM,86,GREEN,1,1,1,2026-02-28 23:00:00,96.69302694077733,GREEN,2026-03-05 21:37:08.325830,24,2.38,0.0,RED,"EmployeeID,CostCenter,ManagerID",ManagerID,100.0,62.5,AMBER,24,15,39.325842696629216,RED,89,35,66.66666666666667,AMBER,3,2,63.333333333333336,AMBER,38,1471,81.49434264141674,GREEN,4.07,16,54.4,BRONZE,2026-05-06 15:37:38.159934,prototype
DS_BEELINE_WORKER,Beeline WBD Worker (FPA),EDLE_PUBL_DB.FPA_DATA.STG_BEELINE_WBD_WORKER,FPA,VIEW,2026-03-07,7ea24125,0.0,RED,,,75,AMBER,Beeline,APM,96,GREEN,0,1,1,2026-02-27 09:00:00,100.0,GREEN,2026-03-07 00:00:00.000000,24,0.0,0.0,RED,"EmployeeID,CostCenter,ManagerID",ManagerID,100.0,70.83333333333333,AMBER,24,17,32.748538011695906,RED,171,56,66.66666666666667,AMBER,3,2,43.333333333333336,RED,26,971,89.8836067674493,GREEN,4.49,13,55.67,BRONZE,2026-05-06 15:37:38.161320,prototype
DS_BEELINE_WORKER,Beeline WBD Worker (FPA),EDLE_PUBL_DB.FPA_DATA.STG_BEELINE_WBD_WORKER,FPA,VIEW,2026-03-08,10a8b671,0.0,RED,,,75,AMBER,Beeline,APM,91,GREEN,0,3,0,2026-02-27 18:00:00,95.90106586587737,GREEN,2026-03-07 21:02:55.562724,24,2.95,0.0,RED,"EmployeeID,CostCenter,ManagerID",ManagerID,100.0,75.0,AMBER,24,18,36.8421052631579,RED,133,49,66.66666666666667,AMBER,3,2,58.333333333333336,RED,35,1404,67.98167175061866,AMBER,3.4,13,55.35,BRONZE,2026-05-06 15:37:38.162689,prototype
DS_BEELINE_WORKER,Beeline WBD Worker (FPA),EDLE_PUBL_DB.FPA_DATA.STG_BEELINE_WBD_WORKER,FPA,VIEW,2026-03-09,9f23488d,0.0,RED,,,75,AMBER,Beeline,APM,96,GREEN,0,1,1,2026-03-01 22:00:00,94.70873190469695,GREEN,2026-03-08 20:11:25.033097,24,3.81,0.0,RED,"EmployeeID,CostCenter,ManagerID",ManagerID,100.0,79.16666666666667,AMBER,24,19,37.125748502994014,RED,167,62,66.66666666666667,AMBER,3,2,18.333333333333332,RED,11,462,81.31897010321664,GREEN,4.07,10,54.44,BRONZE,2026-05-06 15:37:38.164074,prototype
DS_BEELINE_WORKER,Beeline WBD Worker (FPA),EDLE_PUBL_DB.FPA_DATA.STG_BEELINE_WBD_WORKER,FPA,VIEW,2026-03-10,ae3363da,0.0,RED,,,75,AMBER,Beeline,APM,84,GREEN,1,1,3,2026-03-09 01:00:00,97.34760146278776,GREEN,2026-03-09 22:05:24.982992,24,1.91,0.0,RED,"EmployeeID,CostCenter,ManagerID",ManagerID,100.0,62.5,AMBER,24,15,33.92857142857143,RED,112,38,66.66666666666667,AMBER,3,2,50.0,RED,30,1184,75.4350839480123,AMBER,3.77,16,52.77,BRONZE,2026-05-06 15:37:38.165518,prototype
DS_BEELINE_WORKER,Beeline WBD Worker (FPA),EDLE_PUBL_DB.FPA_DATA.STG_BEELINE_WBD_WORKER,FPA,VIEW,2026-03-11,cc0d7594,0.0,RED,,,75,AMBER,Beeline,APM,96,GREEN,0,0,4,2026-03-08 17:00:00,95.78680973526357,GREEN,2026-03-10 20:57:59.410834,24,3.03,0.0,RED,"EmployeeID,CostCenter,ManagerID",ManagerID,100.0,75.0,AMBER,24,18,33.333333333333336,RED,204,68,66.66666666666667,AMBER,3,2,46.666666666666664,RED,28,1135,80.81090143941728,GREEN,4.04,15,55.46,BRONZE,2026-05-06 15:37:38.166929,prototype
DS_BEELINE_WORKER,Beeline WBD Worker (FPA),EDLE_PUBL_DB.FPA_DATA.STG_BEELINE_WBD_WORKER,FPA,VIEW,2026-03-12,ab7203a5,0.0,RED,,,75,AMBER,Beeline,APM,94,GREEN,0,1,3,2026-03-08 04:00:00,100.0,GREEN,2026-03-12 00:00:00.000000,24,0.0,0.0,RED,"EmployeeID,CostCenter,ManagerID",ManagerID,100.0,70.83333333333333,AMBER,24,17,38.888888888888886,RED,54,21,66.66666666666667,AMBER,3,2,55.0,RED,33,1292,81.81346765029434,GREEN,4.09,12,56.3,BRONZE,2026-05-06 15:37:38.168306,prototype
DS_BEELINE_WORKER,Beeline WBD Worker (FPA),EDLE_PUBL_DB.FPA_DATA.STG_BEELINE_WBD_WORKER,FPA,VIEW,2026-03-13,fa9322e5,0.0,RED,,,75,AMBER,Beeline,APM,75,AMBER,2,1,2,2026-03-05 01:00:00,93.70828830001658,GREEN,2026-03-12 19:28:11.883274,24,4.53,0.0,RED,"EmployeeID,CostCenter,ManagerID",ManagerID,100.0,66.66666666666667,AMBER,24,16,31.25,RED,80,25,66.66666666666667,AMBER,3,2,63.333333333333336,AMBER,38,1522,72.22377826304927,AMBER,3.61,8,52.14,BRONZE,2026-05-06 15:37:38.169723,prototype
DS_BEELINE_WORKER,Beeline WBD Worker (FPA),EDLE_PUBL_DB.FPA_DATA.STG_BEELINE_WBD_WORKER,FPA,VIEW,2026-03-14,8e9566ea,0.0,RED,,,75,AMBER,Beeline,APM,95,GREEN,0,1,2,2026-03-09 00:00:00,93.04992134446985,GREEN,2026-03-13 18:59:45.396125,24,5.0,0.0,RED,"EmployeeID,CostCenter,ManagerID",ManagerID,100.0,62.5,AMBER,24,15,34.21052631578947,RED,76,26,66.66666666666667,AMBER,3,2,56.666666666666664,RED,34,1318,80.77388548306638,GREEN,4.04,6,54.13,BRONZE,2026-05-06 15:37:38.171245,prototype
DS_BEELINE_WORKER,Beeline WBD Worker (FPA),EDLE_PUBL_DB.FPA_DATA.STG_BEELINE_WBD_WORKER,FPA,VIEW,2026-03-15,1b870adb,0.0,RED,,,75,AMBER,Beeline,APM,96,GREEN,0,1,1,2026-03-14 15:00:00,91.84012855079541,GREEN,2026-03-14 18:07:29.613204,24,5.88,0.0,RED,"EmployeeID,CostCenter,ManagerID",ManagerID,100.0,62.5,AMBER,24,15,33.99014778325123,RED,203,69,66.66666666666667,AMBER,3,2,48.333333333333336,RED,29,1238,84.73614656324574,GREEN,4.24,14,53.72,BRONZE,2026-05-06 15:37:38.172606,prototype
DS_BEELINE_WORKER,Beeline WBD Worker (FPA),EDLE_PUBL_DB.FPA_DATA.STG_BEELINE_WBD_WORKER,FPA,VIEW,2026-03-16,a6c8531d,0.0,RED,,,75,AMBER,Beeline,APM,97,GREEN,0,1,0,2026-03-10 05:00:00,96.44725706804755,GREEN,2026-03-15 21:26:31.290320,24,2.56,0.0,RED,"EmployeeID,CostCenter,ManagerID",ManagerID,100.0,66.66666666666667,AMBER,24,16,32.758620689655174,RED,174,57,66.66666666666667,AMBER,3,2,45.0,RED,27,1074,77.80208324716622,AMBER,3.89,9,54.41,BRONZE,2026-05-06 15:37:38.173991,prototype
DS_BEELINE_WORKER,Beeline WBD Worker (FPA),EDLE_PUBL_DB.FPA_DATA.STG_BEELINE_WBD_WORKER,FPA,VIEW,2026-03-17,414c3ccd,0.0,RED,,,75,AMBER,Beeline,APM,98,GREEN,0,0,2,2026-03-15 04:00:00,92.989549735136,GREEN,2026-03-16 18:57:08.912913,24,5.05,0.0,RED,"EmployeeID,CostCenter,ManagerID",ManagerID,100.0,66.66666666666667,AMBER,24,16,34.56221198156682,RED,217,75,66.66666666666667,AMBER,3,2,46.666666666666664,RED,28,1091,71.6644147054939,AMBER,3.58,11,54.04,BRONZE,2026-05-06 15:37:38.175359,prototype
DS_BEELINE_WORKER,Beeline WBD Worker (FPA),EDLE_PUBL_DB.FPA_DATA.STG_BEELINE_WBD_WORKER,FPA,VIEW,2026-03-18,d8ec4f23,0.0,RED,,,75,AMBER,Beeline,APM,89,GREEN,1,0,1,2026-03-12 16:00:00,98.47417205165678,GREEN,2026-03-17 22:54:05.053958,24,1.1,0.0,RED,"EmployeeID,CostCenter,ManagerID",ManagerID,100.0,70.83333333333333,AMBER,24,17,41.30434782608695,RED,46,19,66.66666666666667,AMBER,3,2,53.333333333333336,RED,32,1229,81.8680394520371,GREEN,4.09,4,55.58,BRONZE,2026-05-06 15:37:38.176724,prototype
DS_BEELINE_WORKER,Beeline WBD Worker (FPA),EDLE_PUBL_DB.FPA_DATA.STG_BEELINE_WBD_WORKER,FPA,VIEW,2026-03-19,ea338403,0.0,RED,,,75,AMBER,Beeline,APM,62,AMBER,3,2,2,2026-03-14 15:00:00,94.10941480619627,GREEN,2026-03-18 19:45:31.603178,24,4.24,0.0,RED,"EmployeeID,CostCenter,ManagerID",ManagerID,100.0,62.5,AMBER,24,15,36.15023474178404,RED,213,77,66.66666666666667,AMBER,3,2,65.0,AMBER,39,1554,72.2378181903259,AMBER,3.61,11,50.63,BRONZE,2026-05-06 15:37:38.178096,prototype
DS_BEELINE_WORKER,Beeline WBD Worker (FPA),EDLE_PUBL_DB.FPA_DATA.STG_BEELINE_WBD_WORKER,FPA,VIEW,2026-03-20,8bb42e10,0.0,RED,,,75,AMBER,Beeline,APM,86,GREEN,1,1,1,2026-03-11 22:00:00,95.84542135237987,GREEN,2026-03-19 21:00:31.332145,24,2.99,0.0,RED,"EmployeeID,CostCenter,ManagerID",ManagerID,100.0,58.333333333333336,RED,24,14,37.5,RED,48,18,66.66666666666667,AMBER,3,2,50.0,RED,30,1173,81.0228986036345,GREEN,4.05,7,52.81,BRONZE,2026-05-06 15:37:38.179495,prototype
DS_BEELINE_WORKER,Beeline WBD Worker (FPA),EDLE_PUBL_DB.FPA_DATA.STG_BEELINE_WBD_WORKER,FPA,VIEW,2026-03-21,ac9807b4,0.0,RED,,,75,AMBER,Beeline,APM,85,GREEN,0,4,3,2026-03-19 19:00:00,89.94210076226796,GREEN,2026-03-20 16:45:29.925176,24,7.24,0.0,RED,"EmployeeID,CostCenter,ManagerID",ManagerID,100.0,50.0,RED,24,12,17.5,RED,40,7,66.66666666666667,AMBER,3,2,78.33333333333333,AMBER,47,1895,70.70613673794985,AMBER,3.54,7,50.55,BRONZE,2026-05-06 15:37:38.180849,prototype
DS_BEELINE_WORKER,Beeline WBD Worker (FPA),EDLE_PUBL_DB.FPA_DATA.STG_BEELINE_WBD_WORKER,FPA,VIEW,2026-03-22,dda05a2b,0.0,RED,,,75,AMBER,Beeline,APM,94,GREEN,0,1,3,2026-03-13 19:00:00,96.22682879950776,GREEN,2026-03-21 21:16:59.940248,24,2.72,0.0,RED,"EmployeeID,CostCenter,ManagerID",ManagerID,100.0,75.0,AMBER,24,18,31.28491620111732,RED,179,56,66.66666666666667,AMBER,3,2,53.333333333333336,RED,32,1280,81.31588987000606,GREEN,4.07,11,55.54,BRONZE,2026-05-06 15:37:38.182230,prototype
DS_BEELINE_WORKER,Beeline WBD Worker (FPA),EDLE_PUBL_DB.FPA_DATA.STG_BEELINE_WBD_WORKER,FPA,VIEW,2026-03-23,5653d644,0.0,RED,,,75,AMBER,Beeline,APM,98,GREEN,0,0,2,2026-03-16 14:00:00,96.93579283948853,GREEN,2026-03-22 21:47:37.575040,24,2.21,0.0,RED,"EmployeeID,CostCenter,ManagerID",ManagerID,100.0,62.5,AMBER,24,15,34.22818791946309,RED,149,51,66.66666666666667,AMBER,3,2,51.666666666666664,RED,31,1259,67.40520808405421,AMBER,3.37,3,54.2,BRONZE,2026-05-06 15:37:38.183687,prototype
DS_BEELINE_WORKER,Beeline WBD Worker (FPA),EDLE_PUBL_DB.FPA_DATA.STG_BEELINE_WBD_WORKER,FPA,VIEW,2026-03-24,6dec224d,0.0,RED,,,75,AMBER,Beeline,APM,87,GREEN,0,3,4,2026-03-22 01:00:00,97.97021263934741,GREEN,2026-03-23 22:32:18.791161,24,1.46,0.0,RED,"EmployeeID,CostCenter,ManagerID",ManagerID,100.0,62.5,AMBER,24,15,36.15384615384615,RED,130,47,66.66666666666667,AMBER,3,2,61.666666666666664,AMBER,37,1354,76.40454443480708,AMBER,3.82,12,54.14,BRONZE,2026-05-06 15:37:38.185142,prototype
DS_BEELINE_WORKER,Beeline WBD Worker (FPA),EDLE_PUBL_DB.FPA_DATA.STG_BEELINE_WBD_WORKER,FPA,VIEW,2026-03-25,2733d827,0.0,RED,,,75,AMBER,Beeline,APM,72,AMBER,1,5,3,2026-03-19 17:00:00,97.74281441327939,GREEN,2026-03-24 22:22:29.374959,24,1.63,0.0,RED,"EmployeeID,CostCenter,ManagerID",ManagerID,100.0,58.333333333333336,RED,24,14,36.36363636363637,RED,55,20,66.66666666666667,AMBER,3,2,51.666666666666664,RED,31,1241,72.31256656439426,AMBER,3.62,6,51.06,BRONZE,2026-05-06 15:37:38.186770,prototype
DS_BEELINE_WORKER,Beeline WBD Worker (FPA),EDLE_PUBL_DB.FPA_DATA.STG_BEELINE_WBD_WORKER,FPA,VIEW,2026-03-26,13230592,0.0,RED,,,75,AMBER,Beeline,APM,77,AMBER,1,3,4,2026-03-17 17:00:00,94.65471829694721,GREEN,2026-03-25 20:09:05.029826,24,3.85,0.0,RED,"EmployeeID,CostCenter,ManagerID",ManagerID,100.0,70.83333333333333,AMBER,24,17,33.093525179856115,RED,139,46,66.66666666666667,AMBER,3,2,50.0,RED,30,1185,71.98409550643048,AMBER,3.6,6,52.35,BRONZE,2026-05-06 15:37:38.188190,prototype
DS_BEELINE_WORKER,Beeline WBD Worker (FPA),EDLE_PUBL_DB.FPA_DATA.STG_BEELINE_WBD_WORKER,FPA,VIEW,2026-03-27,9f6af6ea,0.0,RED,,,75,AMBER,Beeline,APM,61,AMBER,3,2,3,2026-03-19 04:00:00,89.03727270279502,GREEN,2026-03-26 16:06:24.610846,24,7.89,0.0,RED,"EmployeeID,CostCenter,ManagerID",ManagerID,100.0,58.333333333333336,RED,24,14,38.55421686746988,RED,83,32,66.66666666666667,AMBER,3,2,68.33333333333333,AMBER,41,1618,71.96114993174578,AMBER,3.6,13,49.68,AT_RISK,2026-05-06 15:37:38.189564,prototype
DS_BEELINE_WORKER,Beeline WBD Worker (FPA),EDLE_PUBL_DB.FPA_DATA.STG_BEELINE_WBD_WORKER,FPA,VIEW,2026-03-28,0d8af1fe,0.0,RED,,,75,AMBER,Beeline,APM,99,GREEN,0,0,1,2026-03-23 02:00:00,89.17056294842729,GREEN,2026-03-27 16:12:10.099162,24,7.8,0.0,RED,"EmployeeID,CostCenter,ManagerID",ManagerID,100.0,62.5,AMBER,24,15,35.26011560693642,RED,173,61,66.66666666666667,AMBER,3,2,43.333333333333336,RED,26,1108,74.61576601747643,AMBER,3.73,5,53.1,BRONZE,2026-05-06 15:37:38.190966,prototype
DS_BEELINE_WORKER,Beeline WBD Worker (FPA),EDLE_PUBL_DB.FPA_DATA.STG_BEELINE_WBD_WORKER,FPA,VIEW,2026-03-29,8c0590a2,0.0,RED,,,75,AMBER,Beeline,APM,86,GREEN,1,1,1,2026-03-27 11:00:00,96.15414620492662,GREEN,2026-03-28 21:13:51.546963,24,2.77,0.0,RED,"EmployeeID,CostCenter,ManagerID",ManagerID,100.0,87.5,GREEN,24,21,35.57046979865772,RED,149,53,66.66666666666667,AMBER,3,2,58.333333333333336,RED,35,1413,67.12688155410368,AMBER,3.36,6,56.15,BRONZE,2026-05-06 15:37:38.192411,prototype
DS_BEELINE_WORKER,Beeline WBD Worker (FPA),EDLE_PUBL_DB.FPA_DATA.STG_BEELINE_WBD_WORKER,FPA,VIEW,2026-03-30,6e04acec,0.0,RED,,,75,AMBER,Beeline,APM,81,GREEN,1,2,3,2026-03-28 04:00:00,95.8877864916141,GREEN,2026-03-29 21:02:21.142586,24,2.96,0.0,RED,"EmployeeID,CostCenter,ManagerID",ManagerID,100.0,66.66666666666667,AMBER,24,16,33.49514563106796,RED,206,69,66.66666666666667,AMBER,3,2,76.66666666666667,AMBER,46,1879,61.55750536772509,AMBER,3.08,5,53.72,BRONZE,2026-05-06 15:37:38.193855,prototype
DS_BEELINE_WORKER,Beeline WBD Worker (FPA),EDLE_PUBL_DB.FPA_DATA.STG_BEELINE_WBD_WORKER,FPA,VIEW,2026-03-31,f7b46a29,0.0,RED,,,75,AMBER,Beeline,APM,94,GREEN,0,2,0,2026-03-25 15:00:00,94.59398550353129,GREEN,2026-03-30 20:06:27.610425,24,3.89,0.0,RED,"EmployeeID,CostCenter,ManagerID",ManagerID,100.0,79.16666666666667,AMBER,24,19,33.333333333333336,RED,126,42,66.66666666666667,AMBER,3,2,65.0,AMBER,39,1603,72.03594654255511,AMBER,3.6,12,56.3,BRONZE,2026-05-06 15:37:38.195365,prototype
DS_BEELINE_WORKER,Beeline WBD Worker (FPA),EDLE_PUBL_DB.FPA_DATA.STG_BEELINE_WBD_WORKER,FPA,VIEW,2026-04-01,22c6eaec,0.0,RED,,,75,AMBER,Beeline,APM,89,GREEN,0,3,2,2026-03-29 12:00:00,95.63412987222229,GREEN,2026-03-31 20:51:23.664629,24,3.14,0.0,RED,"EmployeeID,CostCenter,ManagerID",ManagerID,100.0,66.66666666666667,AMBER,24,16,36.144578313253014,RED,166,60,66.66666666666667,AMBER,3,2,55.0,RED,33,1293,75.3241768988826,AMBER,3.77,4,54.11,BRONZE,2026-05-06 15:37:38.196832,prototype
DS_BEELINE_WORKER,Beeline WBD Worker (FPA),EDLE_PUBL_DB.FPA_DATA.STG_BEELINE_WBD_WORKER,FPA,VIEW,2026-04-02,d17061a2,0.0,RED,,,75,AMBER,Beeline,APM,83,GREEN,1,2,1,2026-03-27 18:00:00,99.31810068646304,GREEN,2026-04-01 23:30:32.516979,24,0.49,0.0,RED,"EmployeeID,CostCenter,ManagerID",ManagerID,100.0,66.66666666666667,AMBER,24,16,31.85185185185185,RED,135,43,66.66666666666667,AMBER,3,2,41.666666666666664,RED,25,1105,79.66472446692092,AMBER,3.98,9,52.93,BRONZE,2026-05-06 15:37:38.198300,prototype
DS_BEELINE_WORKER,Beeline WBD Worker (FPA),EDLE_PUBL_DB.FPA_DATA.STG_BEELINE_WBD_WORKER,FPA,VIEW,2026-04-03,5744d406,0.0,RED,,,75,AMBER,Beeline,APM,88,GREEN,0,2,6,2026-03-27 18:00:00,97.01253300773172,GREEN,2026-04-02 21:50:56.485556,24,2.15,0.0,RED,"EmployeeID,CostCenter,ManagerID",ManagerID,100.0,54.166666666666664,RED,24,13,34.61538461538461,RED,104,36,66.66666666666667,AMBER,3,2,71.66666666666667,AMBER,43,1717,64.59597440339029,AMBER,3.23,7,53.13,BRONZE,2026-05-06 15:37:38.199786,prototype
DS_BEELINE_WORKER,Beeline WBD Worker (FPA),EDLE_PUBL_DB.FPA_DATA.STG_BEELINE_WBD_WORKER,FPA,VIEW,2026-04-04,2297bd49,0.0,RED,,,75,AMBER,Beeline,APM,99,GREEN,0,0,1,2026-03-27 00:00:00,97.52361646913566,GREEN,2026-04-03 22:13:01.213888,24,1.78,0.0,RED,"EmployeeID,CostCenter,ManagerID",ManagerID,100.0,58.333333333333336,RED,24,14,34.375,RED,128,44,66.66666666666667,AMBER,3,2,48.333333333333336,RED,29,1212,81.47503030374008,GREEN,4.07,6,54.28,BRONZE,2026-05-06 15:37:38.201440,prototype
DS_BEELINE_WORKER,Beeline WBD Worker (FPA),EDLE_PUBL_DB.FPA_DATA.STG_BEELINE_WBD_WORKER,FPA,VIEW,2026-04-05,65c8ba0f,0.0,RED,,,75,AMBER,Beeline,APM,76,AMBER,1,3,5,2026-03-30 12:00:00,99.85844496887084,GREEN,2026-04-04 23:53:53.089359,24,0.1,0.0,RED,"EmployeeID,CostCenter,ManagerID",ManagerID,100.0,50.0,RED,24,12,37.17948717948718,RED,156,58,66.66666666666667,AMBER,3,2,61.666666666666664,AMBER,37,1442,69.76513119396833,AMBER,3.49,5,51.4,BRONZE,2026-05-06 15:37:38.202891,prototype
DS_BEELINE_WORKER,Beeline WBD Worker (FPA),EDLE_PUBL_DB.FPA_DATA.STG_BEELINE_WBD_WORKER,FPA,VIEW,2026-04-06,948f05ab,0.0,RED,,,75,AMBER,Beeline,APM,86,GREEN,1,1,1,2026-04-01 13:00:00,95.83801938948618,GREEN,2026-04-05 21:00:12.146258,24,3.0,0.0,RED,"EmployeeID,CostCenter,ManagerID",ManagerID,100.0,62.5,AMBER,24,15,32.95454545454545,RED,176,58,66.66666666666667,AMBER,3,2,58.333333333333336,RED,35,1383,87.67119699705545,GREEN,4.38,11,53.71,BRONZE,2026-05-06 15:37:38.204278,prototype
DS_BEELINE_WORKER,Beeline WBD Worker (FPA),EDLE_PUBL_DB.FPA_DATA.STG_BEELINE_WBD_WORKER,FPA,VIEW,2026-04-07,49b633fc,0.0,RED,,,75,AMBER,Beeline,APM,97,GREEN,0,1,0,2026-04-03 10:00:00,96.36015770410557,GREEN,2026-04-06 21:22:45.528769,24,2.62,0.0,RED,"EmployeeID,CostCenter,ManagerID",ManagerID,100.0,54.166666666666664,RED,24,13,38.59649122807018,RED,114,44,66.66666666666667,AMBER,3,2,43.333333333333336,RED,26,1122,76.3796652273172,AMBER,3.82,10,53.21,BRONZE,2026-05-06 15:37:38.205652,prototype
DS_BEELINE_WORKER,Beeline WBD Worker (FPA),EDLE_PUBL_DB.FPA_DATA.STG_BEELINE_WBD_WORKER,FPA,VIEW,2026-04-08,a6a23d8f,0.0,RED,,,75,AMBER,Beeline,APM,89,GREEN,1,0,1,2026-04-03 05:00:00,94.41932994855587,GREEN,2026-04-07 19:58:54.903227,24,4.02,0.0,RED,"EmployeeID,CostCenter,ManagerID",ManagerID,100.0,58.333333333333336,RED,24,14,32.773109243697476,RED,119,39,66.66666666666667,AMBER,3,2,68.33333333333333,AMBER,41,1678,68.65150325445416,AMBER,3.43,5,53.2,BRONZE,2026-05-06 15:37:38.207033,prototype
DS_BEELINE_WORKER,Beeline WBD Worker (FPA),EDLE_PUBL_DB.FPA_DATA.STG_BEELINE_WBD_WORKER,FPA,VIEW,2026-04-09,f6f6c9ec,0.0,RED,,,75,AMBER,Beeline,APM,83,GREEN,1,0,7,2026-04-03 15:00:00,90.64989799713035,GREEN,2026-04-08 17:16:04.535609,24,6.73,0.0,RED,"EmployeeID,CostCenter,ManagerID",ManagerID,100.0,54.166666666666664,RED,24,13,37.142857142857146,RED,70,26,66.66666666666667,AMBER,3,2,50.0,RED,30,1225,72.6202782107617,AMBER,3.63,6,50.86,BRONZE,2026-05-06 15:37:38.208444,prototype
DS_BEELINE_WORKER,Beeline WBD Worker (FPA),EDLE_PUBL_DB.FPA_DATA.STG_BEELINE_WBD_WORKER,FPA,VIEW,2026-04-10,86303120,0.0,RED,,,75,AMBER,Beeline,APM,95,GREEN,0,1,2,2026-04-02 05:00:00,94.94434735517179,GREEN,2026-04-09 20:21:35.748345,24,3.64,0.0,RED,"EmployeeID,CostCenter,ManagerID",ManagerID,100.0,54.166666666666664,RED,24,13,27.5,RED,80,22,66.66666666666667,AMBER,3,2,53.333333333333336,RED,32,1276,84.84914684993184,GREEN,4.24,7,52.82,BRONZE,2026-05-06 15:37:38.209897,prototype
DS_BEELINE_WORKER,Beeline WBD Worker (FPA),EDLE_PUBL_DB.FPA_DATA.STG_BEELINE_WBD_WORKER,FPA,VIEW,2026-04-11,cb29edae,0.0,RED,,,75,AMBER,Beeline,APM,86,GREEN,1,1,1,2026-04-04 18:00:00,91.17162982408762,GREEN,2026-04-10 17:38:36.864504,24,6.36,0.0,RED,"EmployeeID,CostCenter,ManagerID",ManagerID,100.0,58.333333333333336,RED,24,14,33.333333333333336,RED,180,60,66.66666666666667,AMBER,3,2,51.666666666666664,RED,31,1211,72.50401547441516,AMBER,3.63,10,51.58,BRONZE,2026-05-06 15:37:38.211388,prototype
DS_BEELINE_WORKER,Beeline WBD Worker (FPA),EDLE_PUBL_DB.FPA_DATA.STG_BEELINE_WBD_WORKER,FPA,VIEW,2026-04-12,8927034d,0.0,RED,,,75,AMBER,Beeline,APM,90,GREEN,1,0,0,2026-04-04 16:00:00,96.66591088015994,GREEN,2026-04-11 21:35:58.041001,24,2.4,0.0,RED,"EmployeeID,CostCenter,ManagerID",ManagerID,100.0,66.66666666666667,AMBER,24,16,30.612244897959183,RED,49,15,66.66666666666667,AMBER,3,2,55.0,RED,33,1370,67.96366838806179,AMBER,3.4,9,53.63,BRONZE,2026-05-06 15:37:38.212844,prototype
DS_BEELINE_WORKER,Beeline WBD Worker (FPA),EDLE_PUBL_DB.FPA_DATA.STG_BEELINE_WBD_WORKER,FPA,VIEW,2026-04-13,058ac1db,0.0,RED,,,75,AMBER,Beeline,APM,68,AMBER,2,3,3,2026-04-08 18:00:00,92.08003601410933,GREEN,2026-04-12 18:17:51.453349,24,5.7,0.0,RED,"EmployeeID,CostCenter,ManagerID",ManagerID,100.0,66.66666666666667,AMBER,24,16,37.5,RED,72,27,66.66666666666667,AMBER,3,2,71.66666666666667,AMBER,43,1808,78.20555323221205,AMBER,3.91,8,52.31,BRONZE,2026-05-06 15:37:38.214297,prototype
DS_BEELINE_WORKER,Beeline WBD Worker (FPA),EDLE_PUBL_DB.FPA_DATA.STG_BEELINE_WBD_WORKER,FPA,VIEW,2026-04-14,f194940c,0.0,RED,,,75,AMBER,Beeline,APM,83,GREEN,1,2,1,2026-04-08 01:00:00,89.73089711370463,GREEN,2026-04-13 16:36:22.485319,24,7.39,0.0,RED,"EmployeeID,CostCenter,ManagerID",ManagerID,100.0,62.5,AMBER,24,15,31.372549019607842,RED,102,32,66.66666666666667,AMBER,3,2,76.66666666666667,AMBER,46,1842,62.61287622360562,AMBER,3.13,7,52.47,BRONZE,2026-05-06 15:37:38.215786,prototype
DS_BEELINE_WORKER,Beeline WBD Worker (FPA),EDLE_PUBL_DB.FPA_DATA.STG_BEELINE_WBD_WORKER,FPA,VIEW,2026-04-15,be73204e,0.0,RED,,,75,AMBER,Beeline,APM,83,GREEN,1,2,1,2026-04-14 11:00:00,91.74301577530117,GREEN,2026-04-14 18:03:17.896890,24,5.95,0.0,RED,"EmployeeID,CostCenter,ManagerID",ManagerID,100.0,54.166666666666664,RED,24,13,34.09090909090909,RED,132,45,66.66666666666667,AMBER,3,2,68.33333333333333,AMBER,41,1710,64.23565127593908,AMBER,3.21,12,51.53,BRONZE,2026-05-06 15:37:38.217230,prototype
DS_BEELINE_WORKER,Beeline WBD Worker (FPA),EDLE_PUBL_DB.FPA_DATA.STG_BEELINE_WBD_WORKER,FPA,VIEW,2026-04-16,eec766cb,0.0,RED,,,75,AMBER,Beeline,APM,93,GREEN,0,2,1,2026-04-08 15:00:00,95.8596625544471,GREEN,2026-04-15 21:01:08.245341,24,2.98,0.0,RED,"EmployeeID,CostCenter,ManagerID",ManagerID,100.0,70.83333333333333,AMBER,24,17,34.67336683417086,RED,199,69,66.66666666666667,AMBER,3,2,46.666666666666664,RED,28,997,83.82718334651882,GREEN,4.19,8,54.84,BRONZE,2026-05-06 15:37:38.218754,prototype
DS_BEELINE_WORKER,Beeline WBD Worker (FPA),EDLE_PUBL_DB.FPA_DATA.STG_BEELINE_WBD_WORKER,FPA,VIEW,2026-04-17,eec3b709,0.0,RED,,,75,AMBER,Beeline,APM,94,GREEN,0,0,6,2026-04-15 07:00:00,95.36550216859484,GREEN,2026-04-16 20:39:47.381621,24,3.34,0.0,RED,"EmployeeID,CostCenter,ManagerID",ManagerID,100.0,58.333333333333336,RED,24,14,35.294117647058826,RED,153,54,66.66666666666667,AMBER,3,2,46.666666666666664,RED,28,1209,81.46986746961339,GREEN,4.07,7,53.35,BRONZE,2026-05-06 15:37:38.220330,prototype
DS_BEELINE_WORKER,Beeline WBD Worker (FPA),EDLE_PUBL_DB.FPA_DATA.STG_BEELINE_WBD_WORKER,FPA,VIEW,2026-04-18,d232a8ce,0.0,RED,,,75,AMBER,Beeline,APM,86,GREEN,1,1,1,2026-04-15 17:00:00,98.67050313095932,GREEN,2026-04-17 23:02:33.944115,24,0.96,0.0,RED,"EmployeeID,CostCenter,ManagerID",ManagerID,100.0,62.5,AMBER,24,15,33.333333333333336,RED,183,61,66.66666666666667,AMBER,3,2,66.66666666666667,AMBER,40,1573,68.76488404749578,AMBER,3.44,8,53.88,BRONZE,2026-05-06 15:37:38.221716,prototype
DS_BEELINE_WORKER,Beeline WBD Worker (FPA),EDLE_PUBL_DB.FPA_DATA.STG_BEELINE_WBD_WORKER,FPA,VIEW,2026-04-19,4e3ed9f2,0.0,RED,,,75,AMBER,Beeline,APM,87,GREEN,1,1,0,2026-04-17 19:00:00,96.99122746596761,GREEN,2026-04-18 21:50:01.261592,24,2.17,0.0,RED,"EmployeeID,CostCenter,ManagerID",ManagerID,100.0,70.83333333333333,AMBER,24,17,37.91469194312796,RED,211,80,66.66666666666667,AMBER,3,2,50.0,RED,30,1279,90.13919707485513,GREEN,4.51,6,54.99,BRONZE,2026-05-06 15:37:38.223076,prototype
DS_BEELINE_WORKER,Beeline WBD Worker (FPA),EDLE_PUBL_DB.FPA_DATA.STG_BEELINE_WBD_WORKER,FPA,VIEW,2026-04-20,8b1355b4,0.0,RED,,,75,AMBER,Beeline,APM,85,GREEN,1,1,2,2026-04-17 06:00:00,91.96570786323606,GREEN,2026-04-19 18:12:55.114782,24,5.78,0.0,RED,"EmployeeID,CostCenter,ManagerID",ManagerID,100.0,50.0,RED,24,12,36.25,RED,160,58,66.66666666666667,AMBER,3,2,60.0,AMBER,36,1453,78.60161643123574,AMBER,3.93,9,51.55,BRONZE,2026-05-06 15:37:38.224539,prototype
DS_BEELINE_WORKER,Beeline WBD Worker (FPA),EDLE_PUBL_DB.FPA_DATA.STG_BEELINE_WBD_WORKER,FPA,VIEW,2026-04-21,86ab8e8a,0.0,RED,,,75,AMBER,Beeline,APM,100,GREEN,0,0,0,2026-04-18 14:00:00,96.02773769148743,GREEN,2026-04-20 21:08:23.896096,24,2.86,0.0,RED,"EmployeeID,CostCenter,ManagerID",ManagerID,100.0,62.5,AMBER,24,15,30.303030303030305,RED,99,30,66.66666666666667,AMBER,3,2,68.33333333333333,AMBER,41,1632,95.52902423329766,GREEN,4.78,10,56.12,BRONZE,2026-05-06 15:37:38.226002,prototype
DS_BEELINE_WORKER,Beeline WBD Worker (FPA),EDLE_PUBL_DB.FPA_DATA.STG_BEELINE_WBD_WORKER,FPA,VIEW,2026-04-22,56182c5f,0.0,RED,,,75,AMBER,Beeline,APM,91,GREEN,0,2,3,2026-04-16 18:00:00,91.26578365135055,GREEN,2026-04-21 17:42:40.911224,24,6.29,0.0,RED,"EmployeeID,CostCenter,ManagerID",ManagerID,100.0,62.5,AMBER,24,15,35.38461538461539,RED,130,46,66.66666666666667,AMBER,3,2,55.0,RED,33,1370,78.05779098769726,AMBER,3.9,10,53.28,BRONZE,2026-05-06 15:37:38.227466,prototype
DS_BEELINE_WORKER,Beeline WBD Worker (FPA),EDLE_PUBL_DB.FPA_DATA.STG_BEELINE_WBD_WORKER,FPA,VIEW,2026-04-23,2740c51d,0.0,RED,,,75,AMBER,Beeline,APM,84,GREEN,1,0,6,2026-04-21 00:00:00,94.2101023222224,GREEN,2026-04-22 19:49:52.585219,24,4.17,0.0,RED,"EmployeeID,CostCenter,ManagerID",ManagerID,100.0,45.833333333333336,RED,24,11,36.57142857142857,RED,175,64,66.66666666666667,AMBER,3,2,51.666666666666664,RED,31,1251,65.5637253739527,AMBER,3.28,5,50.25,BRONZE,2026-05-06 15:37:38.228953,prototype
DS_BEELINE_WORKER,Beeline WBD Worker (FPA),EDLE_PUBL_DB.FPA_DATA.STG_BEELINE_WBD_WORKER,FPA,VIEW,2026-04-24,333c4f34,0.0,RED,,,75,AMBER,Beeline,APM,100,GREEN,0,0,0,2026-04-15 21:00:00,94.33795231917127,GREEN,2026-04-23 19:55:23.972411,24,4.08,0.0,RED,"EmployeeID,CostCenter,ManagerID",ManagerID,100.0,70.83333333333333,AMBER,24,17,34.02061855670103,RED,97,33,66.66666666666667,AMBER,3,2,48.333333333333336,RED,29,1136,90.52177561623932,GREEN,4.53,9,55.78,BRONZE,2026-05-06 15:37:38.230449,prototype
DS_BEELINE_WORKER,Beeline WBD Worker (FPA),EDLE_PUBL_DB.FPA_DATA.STG_BEELINE_WBD_WORKER,FPA,VIEW,2026-04-25,35ae3eae,0.0,RED,,,75,AMBER,Beeline,APM,94,GREEN,0,1,3,2026-04-20 16:00:00,87.98032281113846,GREEN,2026-04-24 15:20:44.996726,24,8.65,0.0,RED,"EmployeeID,CostCenter,ManagerID",ManagerID,100.0,58.333333333333336,RED,24,14,32.20338983050848,RED,59,19,66.66666666666667,AMBER,3,2,75.0,AMBER,45,1881,67.08118430058806,AMBER,3.35,11,53.19,BRONZE,2026-05-06 15:37:38.232115,prototype
DS_BEELINE_WORKER,Beeline WBD Worker (FPA),EDLE_PUBL_DB.FPA_DATA.STG_BEELINE_WBD_WORKER,FPA,VIEW,2026-04-26,8e72531b,0.0,RED,,,75,AMBER,Beeline,APM,97,GREEN,0,0,3,2026-04-17 22:00:00,97.42969409955988,GREEN,2026-04-25 22:08:57.767106,24,1.85,0.0,RED,"EmployeeID,CostCenter,ManagerID",ManagerID,100.0,66.66666666666667,AMBER,24,16,34.46601941747573,RED,206,71,66.66666666666667,AMBER,3,2,68.33333333333333,AMBER,41,1582,75.52009789090818,AMBER,3.78,4,55.99,BRONZE,2026-05-06 15:37:38.233633,prototype
DS_BEELINE_WORKER,Beeline WBD Worker (FPA),EDLE_PUBL_DB.FPA_DATA.STG_BEELINE_WBD_WORKER,FPA,VIEW,2026-04-27,54e8651d,0.0,RED,,,75,AMBER,Beeline,APM,88,GREEN,1,0,2,2026-04-18 19:00:00,99.257477900823,GREEN,2026-04-26 23:27:55.382719,24,0.53,0.0,RED,"EmployeeID,CostCenter,ManagerID",ManagerID,100.0,50.0,RED,24,12,33.83458646616541,RED,133,45,66.66666666666667,AMBER,3,2,60.0,AMBER,36,1400,77.76348100563504,AMBER,3.89,3,52.71,BRONZE,2026-05-06 15:37:38.235183,prototype
DS_BEELINE_WORKER,Beeline WBD Worker (FPA),EDLE_PUBL_DB.FPA_DATA.STG_BEELINE_WBD_WORKER,FPA,VIEW,2026-04-28,e0db5a00,0.0,RED,,,75,AMBER,Beeline,APM,90,GREEN,0,1,7,2026-04-20 20:00:00,92.53189590939593,GREEN,2026-04-27 18:37:22.674197,24,5.38,0.0,RED,"EmployeeID,CostCenter,ManagerID",ManagerID,100.0,54.166666666666664,RED,24,13,32.25806451612903,RED,93,30,66.66666666666667,AMBER,3,2,66.66666666666667,AMBER,40,1648,81.43005083632525,GREEN,4.07,7,52.93,BRONZE,2026-05-06 15:37:38.236787,prototype
DS_BEELINE_WORKER,Beeline WBD Worker (FPA),EDLE_PUBL_DB.FPA_DATA.STG_BEELINE_WBD_WORKER,FPA,VIEW,2026-04-29,90481575,0.0,RED,,,75,AMBER,Beeline,APM,99,GREEN,0,0,1,2026-04-27 14:00:00,89.17377324571628,GREEN,2026-04-28 16:12:18.420253,24,7.79,0.0,RED,"EmployeeID,CostCenter,ManagerID",ManagerID,100.0,66.66666666666667,AMBER,24,16,41.935483870967744,RED,62,26,66.66666666666667,AMBER,3,2,60.0,AMBER,36,1371,75.69017361450668,AMBER,3.78,9,55.18,BRONZE,2026-05-06 15:37:38.238209,prototype
DS_BEELINE_WORKER,Beeline WBD Worker (FPA),EDLE_PUBL_DB.FPA_DATA.STG_BEELINE_WBD_WORKER,FPA,VIEW,2026-04-30,f6285f2a,0.0,RED,,,75,AMBER,Beeline,APM,96,GREEN,0,0,4,2026-04-27 19:00:00,91.12287097124612,GREEN,2026-04-29 17:36:30.481557,24,6.39,0.0,RED,"EmployeeID,CostCenter,ManagerID",ManagerID,100.0,62.5,AMBER,24,15,35.38461538461539,RED,65,23,66.66666666666667,AMBER,3,2,68.33333333333333,AMBER,41,1611,77.1095298522557,AMBER,3.86,10,54.63,BRONZE,2026-05-06 15:37:38.239584,prototype
DS_BEELINE_WORKER,Beeline WBD Worker (FPA),EDLE_PUBL_DB.FPA_DATA.STG_BEELINE_WBD_WORKER,FPA,VIEW,2026-05-01,828c3f9d,0.0,RED,,,75,AMBER,Beeline,APM,93,GREEN,0,1,4,2026-04-27 04:00:00,95.9524487575789,GREEN,2026-04-30 21:05:08.747180,24,2.91,0.0,RED,"EmployeeID,CostCenter,ManagerID",ManagerID,100.0,58.333333333333336,RED,24,14,37.93103448275862,RED,87,33,66.66666666666667,AMBER,3,2,58.333333333333336,RED,35,1475,78.82475649381675,AMBER,3.94,10,54.11,BRONZE,2026-05-06 15:37:38.240983,prototype
DS_BEELINE_WORKER,Beeline WBD Worker (FPA),EDLE_PUBL_DB.FPA_DATA.STG_BEELINE_WBD_WORKER,FPA,VIEW,2026-05-02,3962f5ae,0.0,RED,,,75,AMBER,Beeline,APM,96,GREEN,0,1,1,2026-04-30 20:00:00,96.9622435706402,GREEN,2026-05-01 21:48:46.135335,24,2.19,0.0,RED,"EmployeeID,CostCenter,ManagerID",ManagerID,100.0,62.5,AMBER,24,15,33.333333333333336,RED,63,21,66.66666666666667,AMBER,3,2,55.0,RED,33,1297,79.44432247455423,AMBER,3.97,5,54.57,BRONZE,2026-05-06 15:37:38.242360,prototype
DS_BEELINE_WORKER,Beeline WBD Worker (FPA),EDLE_PUBL_DB.FPA_DATA.STG_BEELINE_WBD_WORKER,FPA,VIEW,2026-05-03,786d7ddb,0.0,RED,,,75,AMBER,Beeline,APM,99,GREEN,0,0,1,2026-05-02 04:00:00,90.1129930474632,GREEN,2026-05-02 16:52:52.877979,24,7.12,0.0,RED,"EmployeeID,CostCenter,ManagerID",ManagerID,100.0,66.66666666666667,AMBER,24,16,34.899328859060404,RED,149,52,66.66666666666667,AMBER,3,2,61.666666666666664,AMBER,37,1529,79.73720142043108,AMBER,3.99,11,55.01,BRONZE,2026-05-06 15:37:38.243720,prototype
DS_BEELINE_WORKER,Beeline WBD Worker (FPA),EDLE_PUBL_DB.FPA_DATA.STG_BEELINE_WBD_WORKER,FPA,VIEW,2026-05-04,20e3c724,0.0,RED,,,75,AMBER,Beeline,APM,94,GREEN,0,1,3,2026-04-29 23:00:00,97.59480312552304,GREEN,2026-05-03 22:16:05.729701,24,1.73,0.0,RED,"EmployeeID,CostCenter,ManagerID",ManagerID,100.0,66.66666666666667,AMBER,24,16,37.5,RED,88,33,66.66666666666667,AMBER,3,2,70.0,AMBER,42,1655,77.90328157813077,AMBER,3.9,11,56.09,BRONZE,2026-05-06 15:37:38.245104,prototype
DS_BEELINE_WORKER,Beeline WBD Worker (FPA),EDLE_PUBL_DB.FPA_DATA.STG_BEELINE_WBD_WORKER,FPA,VIEW,2026-05-05,5196ac7b,0.0,RED,,,75,AMBER,Beeline,APM,97,GREEN,0,0,3,2026-04-29 20:00:00,96.68982067821537,GREEN,2026-05-04 21:37:00.015198,24,2.38,0.0,RED,"EmployeeID,CostCenter,ManagerID",ManagerID,100.0,70.83333333333333,AMBER,24,17,41.25,RED,80,33,66.66666666666667,AMBER,3,2,41.666666666666664,RED,25,952,83.77417034202246,GREEN,4.19,9,55.66,BRONZE,2026-05-06 15:37:38.246489,prototype
DS_BEELINE_WORKER,Beeline WBD Worker (FPA),EDLE_PUBL_DB.FPA_DATA.STG_BEELINE_WBD_WORKER,FPA,VIEW,2026-05-06,06fd6ffd,0.0,RED,,,75,AMBER,Beeline,APM,79,AMBER,1,3,2,2026-04-30 10:00:00,89.87996040968011,GREEN,2026-05-05 16:42:48.857382,24,7.29,0.0,RED,"EmployeeID,CostCenter,ManagerID",ManagerID,100.0,70.83333333333333,AMBER,24,17,35.294117647058826,RED,85,30,66.66666666666667,AMBER,3,2,63.333333333333336,AMBER,38,1483,69.77546038695935,AMBER,3.49,6,52.81,BRONZE,2026-05-06 15:37:38.247853,prototype
